[2026-03-20T10:22:55.491Z] [INFO] Cron job scheduler background service initiated (Target: http://localhost:3000).
[2026-03-20T10:22:55.495Z] [INFO] Log file location: C:\Users\jnj\Desktop\DigLip7\filmy\film\scheduler.log
[2026-03-20T10:22:55.732Z] [INFO] 🚀 Executing initial automation run...
[2026-03-20T10:22:55.734Z] [INFO] Waiting for Next.js server at http://localhost:3000 to be ready...
[2026-03-20T10:22:55.784Z] [INFO] All cron schedules active. Automation interval: */2 * * * *
[2026-03-20T10:22:55.804Z] [INFO] Next.js server not ready yet (attempt 1/20)...
[2026-03-20T10:23:00.040Z] [INFO] 💓 Heartbeat: Scheduler is active.
[2026-03-20T10:23:02.575Z] [INFO] ✅ Next.js server is ready. Starting automation.
[2026-03-20T10:23:02.578Z] [INFO] 🕒 CRON START: Comprehensive Daily Sync
[2026-03-20T10:23:02.584Z] [INFO] 🕒 CRON START: Celebrity Scraper
[2026-03-20T10:23:02.586Z] [INFO] Processing Bollywood celebrities...
[2026-03-20T10:23:17.850Z] [INFO] ✅ CRON SUCCESS: Daily Sync - Daily sync completed. Total new movies: 0
[2026-03-20T10:23:20.511Z] [INFO] ✅ CRON SUCCESS: Celebrity Scraper (Bollywood) - Successfully synced 5 celebrities for Bollywood
[2026-03-20T10:23:20.513Z] [INFO] Processing Hollywood celebrities...
[2026-03-20T10:23:26.059Z] [INFO] ✅ CRON SUCCESS: Celebrity Scraper (Hollywood) - Successfully synced 2 celebrities for Hollywood
[2026-03-20T10:24:00.115Z] [INFO] 🕒 [SCHEDULED RUN] Starting automation cycle (*/2 * * * *)...
[2026-03-20T10:24:00.118Z] [INFO] 🕒 CRON START: Comprehensive Daily Sync
[2026-03-20T10:24:00.128Z] [INFO] 🕒 CRON START: Celebrity Scraper
[2026-03-20T10:24:00.129Z] [INFO] Processing Bollywood celebrities...
[2026-03-20T10:24:00.136Z] [INFO] 💓 Heartbeat: Scheduler is active.
[2026-03-20T10:24:02.238Z] [INFO] ✅ CRON SUCCESS: Daily Sync - Daily sync completed. Total new movies: 0
[2026-03-20T10:24:02.632Z] [INFO] ✅ CRON SUCCESS: Celebrity Scraper (Bollywood) - Successfully synced 5 celebrities for Bollywood
[2026-03-20T10:24:02.633Z] [INFO] Processing Hollywood celebrities...
[2026-03-20T10:24:04.120Z] [INFO] ✅ CRON SUCCESS: Celebrity Scraper (Hollywood) - Successfully synced 2 celebrities for Hollywood
[2026-03-20T10:24:04.123Z] [INFO] 🏁 [SCHEDULED RUN] Automation cycle completed.
[2026-03-20T10:25:00.043Z] [INFO] 💓 Heartbeat: Scheduler is active.
[2026-03-20T10:26:00.044Z] [INFO] 💓 Heartbeat: Scheduler is active.
[2026-03-20T10:26:00.049Z] [INFO] 🕒 [SCHEDULED RUN] Starting automation cycle (*/2 * * * *)...
[2026-03-20T10:26:00.050Z] [INFO] 🕒 CRON START: Comprehensive Daily Sync
[2026-03-20T10:26:00.055Z] [INFO] 🕒 CRON START: Celebrity Scraper
[2026-03-20T10:26:00.057Z] [INFO] Processing Bollywood celebrities...
[2026-03-20T10:26:01.604Z] [INFO] ✅ CRON SUCCESS: Daily Sync - Daily sync completed. Total new movies: 0
[2026-03-20T10:26:03.947Z] [INFO] ✅ CRON SUCCESS: Celebrity Scraper (Bollywood) - Successfully synced 5 celebrities for Bollywood
[2026-03-20T10:26:03.948Z] [INFO] Processing Hollywood celebrities...
[2026-03-20T10:26:05.355Z] [INFO] ✅ CRON SUCCESS: Celebrity Scraper (Hollywood) - Successfully synced 2 celebrities for Hollywood
[2026-03-20T10:26:05.356Z] [INFO] 🏁 [SCHEDULED RUN] Automation cycle completed.
[2026-03-20T10:27:00.036Z] [INFO] 💓 Heartbeat: Scheduler is active.
[2026-03-20T10:28:00.047Z] [INFO] 🕒 [SCHEDULED RUN] Starting automation cycle (*/2 * * * *)...
[2026-03-20T10:28:00.048Z] [INFO] 🕒 CRON START: Comprehensive Daily Sync
[2026-03-20T10:28:00.055Z] [INFO] 🕒 CRON START: Celebrity Scraper
[2026-03-20T10:28:00.056Z] [INFO] Processing Bollywood celebrities...
[2026-03-20T10:28:00.061Z] [INFO] 💓 Heartbeat: Scheduler is active.
[2026-03-20T10:28:01.528Z] [INFO] ✅ CRON SUCCESS: Daily Sync - Daily sync completed. Total new movies: 0
[2026-03-20T10:28:03.761Z] [INFO] ✅ CRON SUCCESS: Celebrity Scraper (Bollywood) - Successfully synced 5 celebrities for Bollywood
[2026-03-20T10:28:03.762Z] [INFO] Processing Hollywood celebrities...
[2026-03-20T10:28:05.241Z] [INFO] ✅ CRON SUCCESS: Celebrity Scraper (Hollywood) - Successfully synced 2 celebrities for Hollywood
[2026-03-20T10:28:05.242Z] [INFO] 🏁 [SCHEDULED RUN] Automation cycle completed.
[2026-03-20T10:29:00.062Z] [INFO] 💓 Heartbeat: Scheduler is active.
[2026-03-20T10:30:00.090Z] [INFO] 🕒 [SCHEDULED RUN] Starting automation cycle (*/2 * * * *)...
[2026-03-20T10:30:00.099Z] [INFO] 🕒 CRON START: Comprehensive Daily Sync
[2026-03-20T10:30:00.117Z] [INFO] 🕒 CRON START: Celebrity Scraper
[2026-03-20T10:30:00.119Z] [INFO] Processing Bollywood celebrities...
[2026-03-20T10:30:00.130Z] [INFO] 💓 Heartbeat: Scheduler is active.
[2026-03-20T10:30:02.602Z] [INFO] ✅ CRON SUCCESS: Daily Sync - Daily sync completed. Total new movies: 0
[2026-03-20T10:30:03.598Z] [INFO] ✅ CRON SUCCESS: Celebrity Scraper (Bollywood) - Successfully synced 5 celebrities for Bollywood
[2026-03-20T10:30:03.600Z] [INFO] Processing Hollywood celebrities...
[2026-03-20T10:30:05.359Z] [INFO] ✅ CRON SUCCESS: Celebrity Scraper (Hollywood) - Successfully synced 2 celebrities for Hollywood
[2026-03-20T10:30:05.361Z] [INFO] 🏁 [SCHEDULED RUN] Automation cycle completed.
[2026-03-20T10:31:00.037Z] [INFO] 💓 Heartbeat: Scheduler is active.
[2026-03-20T10:32:00.056Z] [INFO] 🕒 [SCHEDULED RUN] Starting automation cycle (*/2 * * * *)...
[2026-03-20T10:32:00.059Z] [INFO] 🕒 CRON START: Comprehensive Daily Sync
[2026-03-20T10:32:00.067Z] [INFO] 🕒 CRON START: Celebrity Scraper
[2026-03-20T10:32:00.068Z] [INFO] Processing Bollywood celebrities...
[2026-03-20T10:32:00.081Z] [INFO] 💓 Heartbeat: Scheduler is active.
[2026-03-20T10:32:03.583Z] [INFO] ✅ CRON SUCCESS: Celebrity Scraper (Bollywood) - Successfully synced 5 celebrities for Bollywood
[2026-03-20T10:32:03.585Z] [INFO] Processing Hollywood celebrities...
[2026-03-20T10:32:05.185Z] [INFO] ✅ CRON SUCCESS: Celebrity Scraper (Hollywood) - Successfully synced 2 celebrities for Hollywood
[2026-03-20T10:32:40.343Z] [INFO] ✅ CRON SUCCESS: Daily Sync - Daily sync completed. Total new movies: 5
[2026-03-20T10:32:40.346Z] [INFO] 🏁 [SCHEDULED RUN] Automation cycle completed.
[2026-03-20T10:33:00.105Z] [INFO] 💓 Heartbeat: Scheduler is active.
[2026-03-20T10:34:00.136Z] [INFO] 🕒 [SCHEDULED RUN] Starting automation cycle (*/2 * * * *)...
[2026-03-20T10:34:00.170Z] [INFO] 🕒 CRON START: Comprehensive Daily Sync
[2026-03-20T10:34:00.272Z] [INFO] 🕒 CRON START: Celebrity Scraper
[2026-03-20T10:34:00.290Z] [INFO] Processing Bollywood celebrities...
[2026-03-20T10:34:00.319Z] [INFO] 💓 Heartbeat: Scheduler is active.
[2026-03-20T10:34:09.033Z] [INFO] ✅ CRON SUCCESS: Celebrity Scraper (Bollywood) - Successfully synced 5 new celebrities for Bollywood
[2026-03-20T10:34:09.035Z] [INFO] Processing Hollywood celebrities...
[2026-03-20T10:34:35.079Z] [INFO] ✅ CRON SUCCESS: Daily Sync - Daily sync completed. Total new movies: 5
[2026-03-20T10:34:39.410Z] [INFO] ✅ CRON SUCCESS: Celebrity Scraper (Hollywood) - Successfully synced 5 new celebrities for Hollywood
[2026-03-20T10:34:39.413Z] [INFO] 🏁 [SCHEDULED RUN] Automation cycle completed.
[2026-03-20T10:35:00.183Z] [INFO] 💓 Heartbeat: Scheduler is active.
[2026-03-20T10:36:00.077Z] [INFO] 🕒 [SCHEDULED RUN] Starting automation cycle (*/2 * * * *)...
[2026-03-20T10:36:00.080Z] [INFO] 🕒 CRON START: Comprehensive Daily Sync
[2026-03-20T10:36:00.114Z] [INFO] 🕒 CRON START: Celebrity Scraper
[2026-03-20T10:36:00.116Z] [INFO] Processing Bollywood celebrities...
[2026-03-20T10:36:00.128Z] [INFO] 💓 Heartbeat: Scheduler is active.
[2026-03-20T10:36:05.737Z] [INFO] ✅ CRON SUCCESS: Celebrity Scraper (Bollywood) - Successfully synced 5 new celebrities for Bollywood
[2026-03-20T10:36:05.739Z] [INFO] Processing Hollywood celebrities...
[2026-03-20T10:36:24.689Z] [INFO] ✅ CRON SUCCESS: Celebrity Scraper (Hollywood) - Successfully synced 5 new celebrities for Hollywood
[2026-03-20T10:36:26.093Z] [INFO] ✅ CRON SUCCESS: Daily Sync - Daily sync completed. Total new movies: 5
[2026-03-20T10:36:26.095Z] [INFO] 🏁 [SCHEDULED RUN] Automation cycle completed.
[2026-03-20T10:37:00.038Z] [INFO] 💓 Heartbeat: Scheduler is active.
[2026-03-20T10:38:00.078Z] [INFO] 💓 Heartbeat: Scheduler is active.
[2026-03-20T10:38:00.082Z] [INFO] 🕒 [SCHEDULED RUN] Starting automation cycle (*/2 * * * *)...
[2026-03-20T10:38:00.084Z] [INFO] 🕒 CRON START: Comprehensive Daily Sync
[2026-03-20T10:38:00.088Z] [INFO] 🕒 CRON START: Celebrity Scraper
[2026-03-20T10:38:00.090Z] [INFO] Processing Bollywood celebrities...
[2026-03-20T10:38:05.579Z] [INFO] ✅ CRON SUCCESS: Celebrity Scraper (Bollywood) - Successfully synced 5 new celebrities for Bollywood
[2026-03-20T10:38:05.582Z] [INFO] Processing Hollywood celebrities...
[2026-03-20T10:38:18.391Z] [INFO] ✅ CRON SUCCESS: Celebrity Scraper (Hollywood) - Successfully synced 5 new celebrities for Hollywood
[2026-03-20T10:38:27.371Z] [INFO] ✅ CRON SUCCESS: Daily Sync - Daily sync completed. Total new movies: 5
[2026-03-20T10:38:27.374Z] [INFO] 🏁 [SCHEDULED RUN] Automation cycle completed.
[2026-03-20T10:39:00.048Z] [INFO] 💓 Heartbeat: Scheduler is active.
[2026-03-20T10:40:00.125Z] [INFO] 🕒 [SCHEDULED RUN] Starting automation cycle (*/2 * * * *)...
[2026-03-20T10:40:00.157Z] [INFO] 🕒 CRON START: Comprehensive Daily Sync
[2026-03-20T10:40:00.238Z] [INFO] 🕒 CRON START: Celebrity Scraper
[2026-03-20T10:40:00.242Z] [INFO] Processing Bollywood celebrities...
[2026-03-20T10:40:00.276Z] [INFO] 💓 Heartbeat: Scheduler is active.
[2026-03-20T10:40:10.047Z] [INFO] ✅ CRON SUCCESS: Celebrity Scraper (Bollywood) - Successfully synced 5 new celebrities for Bollywood
[2026-03-20T10:40:10.051Z] [INFO] Processing Hollywood celebrities...
[2026-03-20T10:40:31.182Z] [INFO] ✅ CRON SUCCESS: Daily Sync - Daily sync completed. Total new movies: 5
[2026-03-20T10:40:33.262Z] [INFO] ✅ CRON SUCCESS: Celebrity Scraper (Hollywood) - Successfully synced 5 new celebrities for Hollywood
[2026-03-20T10:40:33.265Z] [INFO] 🏁 [SCHEDULED RUN] Automation cycle completed.
[2026-03-20T10:41:00.097Z] [INFO] 💓 Heartbeat: Scheduler is active.
[2026-03-20T10:42:00.211Z] [INFO] 💓 Heartbeat: Scheduler is active.
[2026-03-20T10:42:00.223Z] [INFO] 🕒 [SCHEDULED RUN] Starting automation cycle (*/2 * * * *)...
[2026-03-20T10:42:00.226Z] [INFO] 🕒 CRON START: Comprehensive Daily Sync
[2026-03-20T10:42:00.247Z] [INFO] 🕒 CRON START: Celebrity Scraper
[2026-03-20T10:42:00.251Z] [INFO] Processing Bollywood celebrities...
[2026-03-20T10:42:10.587Z] [INFO] ✅ CRON SUCCESS: Celebrity Scraper (Bollywood) - Successfully synced 5 new celebrities for Bollywood
[2026-03-20T10:42:10.596Z] [INFO] Processing Hollywood celebrities...
[2026-03-20T10:42:31.471Z] [INFO] ✅ CRON SUCCESS: Daily Sync - Daily sync completed. Total new movies: 5
[2026-03-20T10:42:34.113Z] [INFO] ✅ CRON SUCCESS: Celebrity Scraper (Hollywood) - Successfully synced 5 new celebrities for Hollywood
[2026-03-20T10:42:34.116Z] [INFO] 🏁 [SCHEDULED RUN] Automation cycle completed.
[2026-03-20T10:43:00.096Z] [INFO] 💓 Heartbeat: Scheduler is active.
[2026-03-20T10:44:00.090Z] [INFO] 💓 Heartbeat: Scheduler is active.
[2026-03-20T10:44:00.097Z] [INFO] 🕒 [SCHEDULED RUN] Starting automation cycle (*/2 * * * *)...
[2026-03-20T10:44:00.100Z] [INFO] 🕒 CRON START: Comprehensive Daily Sync
[2026-03-20T10:44:00.118Z] [INFO] 🕒 CRON START: Celebrity Scraper
[2026-03-20T10:44:00.123Z] [INFO] Processing Bollywood celebrities...
[2026-03-20T10:44:05.902Z] [INFO] ✅ CRON SUCCESS: Celebrity Scraper (Bollywood) - Successfully synced 5 new celebrities for Bollywood
[2026-03-20T10:44:05.904Z] [INFO] Processing Hollywood celebrities...
[2026-03-20T10:44:18.792Z] [INFO] ✅ CRON SUCCESS: Celebrity Scraper (Hollywood) - Successfully synced 5 new celebrities for Hollywood
[2026-03-20T10:44:29.365Z] [INFO] ✅ CRON SUCCESS: Daily Sync - Daily sync completed. Total new movies: 5
[2026-03-20T10:44:29.367Z] [INFO] 🏁 [SCHEDULED RUN] Automation cycle completed.
[2026-03-20T10:45:00.060Z] [INFO] 💓 Heartbeat: Scheduler is active.
[2026-03-20T10:46:00.072Z] [INFO] 💓 Heartbeat: Scheduler is active.
[2026-03-20T10:46:00.077Z] [INFO] 🕒 [SCHEDULED RUN] Starting automation cycle (*/2 * * * *)...
[2026-03-20T10:46:00.080Z] [INFO] 🕒 CRON START: Comprehensive Daily Sync
[2026-03-20T10:46:00.085Z] [INFO] 🕒 CRON START: Celebrity Scraper
[2026-03-20T10:46:00.087Z] [INFO] Processing Bollywood celebrities...
[2026-03-20T10:46:05.677Z] [INFO] ✅ CRON SUCCESS: Celebrity Scraper (Bollywood) - Successfully synced 5 new celebrities for Bollywood
[2026-03-20T10:46:05.679Z] [INFO] Processing Hollywood celebrities...
[2026-03-20T10:46:18.533Z] [INFO] ✅ CRON SUCCESS: Celebrity Scraper (Hollywood) - Successfully synced 5 new celebrities for Hollywood
[2026-03-20T10:46:29.547Z] [INFO] ✅ CRON SUCCESS: Daily Sync - Daily sync completed. Total new movies: 5
[2026-03-20T10:46:29.553Z] [INFO] 🏁 [SCHEDULED RUN] Automation cycle completed.
[2026-03-20T10:47:00.064Z] [INFO] 💓 Heartbeat: Scheduler is active.
[2026-03-20T10:48:00.056Z] [INFO] 🕒 [SCHEDULED RUN] Starting automation cycle (*/2 * * * *)...
[2026-03-20T10:48:00.058Z] [INFO] 🕒 CRON START: Comprehensive Daily Sync
[2026-03-20T10:48:00.062Z] [INFO] 🕒 CRON START: Celebrity Scraper
[2026-03-20T10:48:00.065Z] [INFO] Processing Bollywood celebrities...
[2026-03-20T10:48:00.075Z] [INFO] 💓 Heartbeat: Scheduler is active.
[2026-03-20T10:48:05.801Z] [INFO] ✅ CRON SUCCESS: Celebrity Scraper (Bollywood) - Successfully synced 5 new celebrities for Bollywood
[2026-03-20T10:48:05.803Z] [INFO] Processing Hollywood celebrities...
[2026-03-20T10:48:19.487Z] [INFO] ✅ CRON SUCCESS: Celebrity Scraper (Hollywood) - Successfully synced 5 new celebrities for Hollywood
[2026-03-20T10:48:27.698Z] [INFO] ✅ CRON SUCCESS: Daily Sync - Daily sync completed. Total new movies: 5
[2026-03-20T10:48:27.700Z] [INFO] 🏁 [SCHEDULED RUN] Automation cycle completed.
[2026-03-20T10:49:00.050Z] [INFO] 💓 Heartbeat: Scheduler is active.
[2026-03-20T10:50:00.070Z] [INFO] 🕒 [SCHEDULED RUN] Starting automation cycle (*/2 * * * *)...
[2026-03-20T10:50:00.072Z] [INFO] 🕒 CRON START: Comprehensive Daily Sync
[2026-03-20T10:50:00.075Z] [INFO] 🕒 CRON START: Celebrity Scraper
[2026-03-20T10:50:00.077Z] [INFO] Processing Bollywood celebrities...
[2026-03-20T10:50:00.084Z] [INFO] 💓 Heartbeat: Scheduler is active.
[2026-03-20T10:50:05.432Z] [INFO] ✅ CRON SUCCESS: Celebrity Scraper (Bollywood) - Successfully synced 5 new celebrities for Bollywood
[2026-03-20T10:50:05.434Z] [INFO] Processing Hollywood celebrities...
[2026-03-20T10:50:19.532Z] [INFO] ✅ CRON SUCCESS: Celebrity Scraper (Hollywood) - Successfully synced 5 new celebrities for Hollywood
[2026-03-20T10:50:30.232Z] [INFO] ✅ CRON SUCCESS: Daily Sync - Daily sync completed. Total new movies: 5
[2026-03-20T10:50:30.234Z] [INFO] 🏁 [SCHEDULED RUN] Automation cycle completed.
[2026-03-20T10:51:00.034Z] [INFO] 💓 Heartbeat: Scheduler is active.
[2026-03-20T10:52:00.073Z] [INFO] 🕒 [SCHEDULED RUN] Starting automation cycle (*/2 * * * *)...
[2026-03-20T10:52:00.076Z] [INFO] 🕒 CRON START: Comprehensive Daily Sync
[2026-03-20T10:52:00.079Z] [INFO] 🕒 CRON START: Celebrity Scraper
[2026-03-20T10:52:00.082Z] [INFO] Processing Bollywood celebrities...
[2026-03-20T10:52:00.089Z] [INFO] 💓 Heartbeat: Scheduler is active.
[2026-03-20T10:52:05.420Z] [INFO] ✅ CRON SUCCESS: Celebrity Scraper (Bollywood) - Successfully synced 5 new celebrities for Bollywood
[2026-03-20T10:52:05.422Z] [INFO] Processing Hollywood celebrities...
[2026-03-20T10:52:17.206Z] [INFO] ✅ CRON SUCCESS: Celebrity Scraper (Hollywood) - Successfully synced 5 new celebrities for Hollywood
[2026-03-20T10:52:28.179Z] [INFO] ✅ CRON SUCCESS: Daily Sync - Daily sync completed. Total new movies: 5
[2026-03-20T10:52:28.181Z] [INFO] 🏁 [SCHEDULED RUN] Automation cycle completed.
[2026-03-20T10:53:00.038Z] [INFO] 💓 Heartbeat: Scheduler is active.
[2026-03-20T10:54:00.064Z] [INFO] 🕒 [SCHEDULED RUN] Starting automation cycle (*/2 * * * *)...
[2026-03-20T10:54:00.066Z] [INFO] 🕒 CRON START: Comprehensive Daily Sync
[2026-03-20T10:54:00.069Z] [INFO] 🕒 CRON START: Celebrity Scraper
[2026-03-20T10:54:00.071Z] [INFO] Processing Bollywood celebrities...
[2026-03-20T10:54:00.087Z] [INFO] 💓 Heartbeat: Scheduler is active.
[2026-03-20T10:54:05.320Z] [INFO] ✅ CRON SUCCESS: Celebrity Scraper (Bollywood) - Successfully synced 5 new celebrities for Bollywood
[2026-03-20T10:54:05.322Z] [INFO] Processing Hollywood celebrities...
[2026-03-20T10:54:17.331Z] [INFO] ✅ CRON SUCCESS: Celebrity Scraper (Hollywood) - Successfully synced 5 new celebrities for Hollywood
[2026-03-20T10:54:29.347Z] [INFO] ✅ CRON SUCCESS: Daily Sync - Daily sync completed. Total new movies: 5
[2026-03-20T10:54:29.349Z] [INFO] 🏁 [SCHEDULED RUN] Automation cycle completed.
[2026-03-20T10:55:00.056Z] [INFO] 💓 Heartbeat: Scheduler is active.
[2026-03-20T10:56:00.063Z] [INFO] 🕒 [SCHEDULED RUN] Starting automation cycle (*/2 * * * *)...
[2026-03-20T10:56:00.065Z] [INFO] 🕒 CRON START: Comprehensive Daily Sync
[2026-03-20T10:56:00.103Z] [INFO] 🕒 CRON START: Celebrity Scraper
[2026-03-20T10:56:00.105Z] [INFO] Processing Bollywood celebrities...
[2026-03-20T10:56:00.113Z] [INFO] 💓 Heartbeat: Scheduler is active.
[2026-03-20T10:56:06.328Z] [INFO] ✅ CRON SUCCESS: Celebrity Scraper (Bollywood) - Successfully synced 5 new celebrities for Bollywood
[2026-03-20T10:56:06.338Z] [INFO] Processing Hollywood celebrities...
[2026-03-20T10:56:20.944Z] [INFO] ✅ CRON SUCCESS: Celebrity Scraper (Hollywood) - Successfully synced 5 new celebrities for Hollywood
[2026-03-20T10:56:36.157Z] [INFO] ✅ CRON SUCCESS: Daily Sync - Daily sync completed. Total new movies: 5
[2026-03-20T10:56:36.159Z] [INFO] 🏁 [SCHEDULED RUN] Automation cycle completed.
[2026-03-20T10:57:00.046Z] [INFO] 💓 Heartbeat: Scheduler is active.
[2026-03-20T10:58:00.078Z] [INFO] 🕒 [SCHEDULED RUN] Starting automation cycle (*/2 * * * *)...
[2026-03-20T10:58:00.081Z] [INFO] 🕒 CRON START: Comprehensive Daily Sync
[2026-03-20T10:58:00.087Z] [INFO] 🕒 CRON START: Celebrity Scraper
[2026-03-20T10:58:00.089Z] [INFO] Processing Bollywood celebrities...
[2026-03-20T10:58:00.098Z] [INFO] 💓 Heartbeat: Scheduler is active.
[2026-03-20T10:58:06.193Z] [INFO] ✅ CRON SUCCESS: Celebrity Scraper (Bollywood) - Successfully synced 5 new celebrities for Bollywood
[2026-03-20T10:58:06.198Z] [INFO] Processing Hollywood celebrities...
[2026-03-20T10:58:20.409Z] [INFO] ✅ CRON SUCCESS: Celebrity Scraper (Hollywood) - Successfully synced 5 new celebrities for Hollywood
[2026-03-20T10:58:32.374Z] [INFO] ✅ CRON SUCCESS: Daily Sync - Daily sync completed. Total new movies: 5
[2026-03-20T10:58:32.378Z] [INFO] 🏁 [SCHEDULED RUN] Automation cycle completed.
[2026-03-20T10:59:00.038Z] [INFO] 💓 Heartbeat: Scheduler is active.
[2026-03-20T11:00:00.050Z] [INFO] 🕒 [SCHEDULED RUN] Starting automation cycle (*/2 * * * *)...
[2026-03-20T11:00:00.053Z] [INFO] 🕒 CRON START: Comprehensive Daily Sync
[2026-03-20T11:00:00.056Z] [INFO] 🕒 CRON START: Celebrity Scraper
[2026-03-20T11:00:00.058Z] [INFO] Processing Bollywood celebrities...
[2026-03-20T11:00:00.065Z] [INFO] 💓 Heartbeat: Scheduler is active.
[2026-03-20T11:00:05.122Z] [INFO] ✅ CRON SUCCESS: Celebrity Scraper (Bollywood) - Successfully synced 5 new celebrities for Bollywood
[2026-03-20T11:00:05.124Z] [INFO] Processing Hollywood celebrities...
[2026-03-20T11:00:17.836Z] [INFO] ✅ CRON SUCCESS: Celebrity Scraper (Hollywood) - Successfully synced 5 new celebrities for Hollywood
[2026-03-20T11:00:27.375Z] [INFO] ✅ CRON SUCCESS: Daily Sync - Daily sync completed. Total new movies: 5
[2026-03-20T11:00:27.377Z] [INFO] 🏁 [SCHEDULED RUN] Automation cycle completed.
[2026-03-20T11:01:00.044Z] [INFO] 💓 Heartbeat: Scheduler is active.
[2026-03-20T11:02:00.063Z] [INFO] 🕒 [SCHEDULED RUN] Starting automation cycle (*/2 * * * *)...
[2026-03-20T11:02:00.065Z] [INFO] 🕒 CRON START: Comprehensive Daily Sync
[2026-03-20T11:02:00.069Z] [INFO] 🕒 CRON START: Celebrity Scraper
[2026-03-20T11:02:00.071Z] [INFO] Processing Bollywood celebrities...
[2026-03-20T11:02:00.078Z] [INFO] 💓 Heartbeat: Scheduler is active.
[2026-03-20T11:02:05.242Z] [INFO] ✅ CRON SUCCESS: Celebrity Scraper (Bollywood) - Successfully synced 5 new celebrities for Bollywood
[2026-03-20T11:02:05.245Z] [INFO] Processing Hollywood celebrities...
[2026-03-20T11:02:18.093Z] [INFO] ✅ CRON SUCCESS: Celebrity Scraper (Hollywood) - Successfully synced 5 new celebrities for Hollywood
[2026-03-20T11:02:31.258Z] [INFO] ✅ CRON SUCCESS: Daily Sync - Daily sync completed. Total new movies: 5
[2026-03-20T11:02:31.260Z] [INFO] 🏁 [SCHEDULED RUN] Automation cycle completed.
[2026-03-20T11:03:00.040Z] [INFO] 💓 Heartbeat: Scheduler is active.
[2026-03-20T11:04:00.049Z] [INFO] 🕒 [SCHEDULED RUN] Starting automation cycle (*/2 * * * *)...
[2026-03-20T11:04:00.052Z] [INFO] 🕒 CRON START: Comprehensive Daily Sync
[2026-03-20T11:04:00.055Z] [INFO] 🕒 CRON START: Celebrity Scraper
[2026-03-20T11:04:00.057Z] [INFO] Processing Bollywood celebrities...
[2026-03-20T11:04:00.063Z] [INFO] 💓 Heartbeat: Scheduler is active.
[2026-03-20T11:04:05.221Z] [INFO] ✅ CRON SUCCESS: Celebrity Scraper (Bollywood) - Successfully synced 5 new celebrities for Bollywood
[2026-03-20T11:04:05.225Z] [INFO] Processing Hollywood celebrities...
[2026-03-20T11:04:17.211Z] [INFO] ✅ CRON SUCCESS: Celebrity Scraper (Hollywood) - Successfully synced 5 new celebrities for Hollywood
[2026-03-20T11:04:28.852Z] [INFO] ✅ CRON SUCCESS: Daily Sync - Daily sync completed. Total new movies: 5
[2026-03-20T11:04:28.855Z] [INFO] 🏁 [SCHEDULED RUN] Automation cycle completed.
[2026-03-20T11:05:00.033Z] [INFO] 💓 Heartbeat: Scheduler is active.
[2026-03-20T11:06:00.048Z] [INFO] 🕒 [SCHEDULED RUN] Starting automation cycle (*/2 * * * *)...
[2026-03-20T11:06:00.050Z] [INFO] 🕒 CRON START: Comprehensive Daily Sync
[2026-03-20T11:06:00.057Z] [INFO] 🕒 CRON START: Celebrity Scraper
[2026-03-20T11:06:00.061Z] [INFO] Processing Bollywood celebrities...
[2026-03-20T11:06:00.077Z] [INFO] 💓 Heartbeat: Scheduler is active.
[2026-03-20T11:06:05.906Z] [INFO] ✅ CRON SUCCESS: Celebrity Scraper (Bollywood) - Successfully synced 5 new celebrities for Bollywood
[2026-03-20T11:06:05.908Z] [INFO] Processing Hollywood celebrities...
[2026-03-20T11:06:18.399Z] [INFO] ✅ CRON SUCCESS: Celebrity Scraper (Hollywood) - Successfully synced 5 new celebrities for Hollywood
[2026-03-20T11:06:31.001Z] [INFO] ✅ CRON SUCCESS: Daily Sync - Daily sync completed. Total new movies: 5
[2026-03-20T11:06:31.004Z] [INFO] 🏁 [SCHEDULED RUN] Automation cycle completed.
[2026-03-20T11:07:00.042Z] [INFO] 💓 Heartbeat: Scheduler is active.
[2026-03-20T11:08:00.055Z] [INFO] 🕒 [SCHEDULED RUN] Starting automation cycle (*/2 * * * *)...
[2026-03-20T11:08:00.061Z] [INFO] 🕒 CRON START: Comprehensive Daily Sync
[2026-03-20T11:08:00.064Z] [INFO] 🕒 CRON START: Celebrity Scraper
[2026-03-20T11:08:00.065Z] [INFO] Processing Bollywood celebrities...
[2026-03-20T11:08:00.071Z] [INFO] 💓 Heartbeat: Scheduler is active.
[2026-03-20T11:08:05.199Z] [INFO] ✅ CRON SUCCESS: Celebrity Scraper (Bollywood) - Successfully synced 5 new celebrities for Bollywood
[2026-03-20T11:08:05.201Z] [INFO] Processing Hollywood celebrities...
[2026-03-20T11:08:17.103Z] [INFO] ✅ CRON SUCCESS: Celebrity Scraper (Hollywood) - Successfully synced 5 new celebrities for Hollywood
[2026-03-20T11:08:24.904Z] [INFO] ✅ CRON SUCCESS: Daily Sync - Daily sync completed. Total new movies: 4
[2026-03-20T11:08:24.906Z] [INFO] 🏁 [SCHEDULED RUN] Automation cycle completed.
[2026-03-20T11:09:00.025Z] [INFO] 💓 Heartbeat: Scheduler is active.
[2026-03-20T11:10:00.070Z] [INFO] 🕒 [SCHEDULED RUN] Starting automation cycle (*/2 * * * *)...
[2026-03-20T11:10:00.076Z] [INFO] 🕒 CRON START: Comprehensive Daily Sync
[2026-03-20T11:10:00.096Z] [INFO] 🕒 CRON START: Celebrity Scraper
[2026-03-20T11:10:00.099Z] [INFO] Processing Bollywood celebrities...
[2026-03-20T11:10:00.104Z] [INFO] 💓 Heartbeat: Scheduler is active.
[2026-03-20T11:10:05.568Z] [INFO] ✅ CRON SUCCESS: Celebrity Scraper (Bollywood) - Successfully synced 5 new celebrities for Bollywood
[2026-03-20T11:10:05.570Z] [INFO] Processing Hollywood celebrities...
[2026-03-20T11:10:09.224Z] [INFO] ✅ CRON SUCCESS: Daily Sync - Daily sync completed. Total new movies: 0
[2026-03-20T11:10:18.354Z] [INFO] ✅ CRON SUCCESS: Celebrity Scraper (Hollywood) - Successfully synced 5 new celebrities for Hollywood
[2026-03-20T11:10:18.357Z] [INFO] 🏁 [SCHEDULED RUN] Automation cycle completed.
[2026-03-20T11:11:00.044Z] [INFO] 💓 Heartbeat: Scheduler is active.
[2026-03-20T11:12:00.061Z] [INFO] 🕒 [SCHEDULED RUN] Starting automation cycle (*/2 * * * *)...
[2026-03-20T11:12:00.065Z] [INFO] 🕒 CRON START: Comprehensive Daily Sync
[2026-03-20T11:12:00.068Z] [INFO] 🕒 CRON START: Celebrity Scraper
[2026-03-20T11:12:00.070Z] [INFO] Processing Bollywood celebrities...
[2026-03-20T11:12:00.074Z] [INFO] 💓 Heartbeat: Scheduler is active.
[2026-03-20T11:12:05.304Z] [INFO] ✅ CRON SUCCESS: Celebrity Scraper (Bollywood) - Successfully synced 5 new celebrities for Bollywood
[2026-03-20T11:12:05.306Z] [INFO] Processing Hollywood celebrities...
[2026-03-20T11:12:08.801Z] [INFO] ✅ CRON SUCCESS: Daily Sync - Daily sync completed. Total new movies: 0
[2026-03-20T11:12:16.340Z] [INFO] ✅ CRON SUCCESS: Celebrity Scraper (Hollywood) - Successfully synced 5 new celebrities for Hollywood
[2026-03-20T11:12:16.341Z] [INFO] 🏁 [SCHEDULED RUN] Automation cycle completed.
[2026-03-20T11:13:00.045Z] [INFO] 💓 Heartbeat: Scheduler is active.
[2026-03-20T11:14:00.092Z] [INFO] 💓 Heartbeat: Scheduler is active.
[2026-03-20T11:14:00.100Z] [INFO] 🕒 [SCHEDULED RUN] Starting automation cycle (*/2 * * * *)...
[2026-03-20T11:14:00.109Z] [INFO] 🕒 CRON START: Comprehensive Daily Sync
[2026-03-20T11:14:00.123Z] [INFO] 🕒 CRON START: Celebrity Scraper
[2026-03-20T11:14:00.139Z] [INFO] Processing Bollywood celebrities...
[2026-03-20T11:14:05.743Z] [INFO] ✅ CRON SUCCESS: Celebrity Scraper (Bollywood) - Successfully synced 5 new celebrities for Bollywood
[2026-03-20T11:14:05.746Z] [INFO] Processing Hollywood celebrities...
[2026-03-20T11:14:09.736Z] [INFO] ✅ CRON SUCCESS: Daily Sync - Daily sync completed. Total new movies: 0
[2026-03-20T11:14:18.310Z] [INFO] ✅ CRON SUCCESS: Celebrity Scraper (Hollywood) - Successfully synced 5 new celebrities for Hollywood
[2026-03-20T11:14:18.312Z] [INFO] 🏁 [SCHEDULED RUN] Automation cycle completed.
[2026-03-20T11:15:00.046Z] [INFO] 💓 Heartbeat: Scheduler is active.
[2026-03-20T11:16:00.217Z] [INFO] 🕒 [SCHEDULED RUN] Starting automation cycle (*/2 * * * *)...
[2026-03-20T11:16:00.226Z] [INFO] 🕒 CRON START: Comprehensive Daily Sync
[2026-03-20T11:16:00.279Z] [INFO] 🕒 CRON START: Celebrity Scraper
[2026-03-20T11:16:00.282Z] [INFO] Processing Bollywood celebrities...
[2026-03-20T11:16:00.338Z] [INFO] 💓 Heartbeat: Scheduler is active.
[2026-03-20T11:16:07.020Z] [INFO] ✅ CRON SUCCESS: Celebrity Scraper (Bollywood) - Successfully synced 5 new celebrities for Bollywood
[2026-03-20T11:16:07.029Z] [INFO] Processing Hollywood celebrities...
[2026-03-20T11:16:12.396Z] [INFO] ✅ CRON SUCCESS: Daily Sync - Daily sync completed. Total new movies: 0
[2026-03-20T11:16:20.185Z] [INFO] ✅ CRON SUCCESS: Celebrity Scraper (Hollywood) - Successfully synced 5 new celebrities for Hollywood
[2026-03-20T11:16:20.186Z] [INFO] 🏁 [SCHEDULED RUN] Automation cycle completed.
[2026-03-20T11:17:00.063Z] [INFO] 💓 Heartbeat: Scheduler is active.
[2026-03-20T11:18:00.079Z] [INFO] 🕒 [SCHEDULED RUN] Starting automation cycle (*/2 * * * *)...
[2026-03-20T11:18:00.081Z] [INFO] 🕒 CRON START: Comprehensive Daily Sync
[2026-03-20T11:18:00.089Z] [INFO] 🕒 CRON START: Celebrity Scraper
[2026-03-20T11:18:00.090Z] [INFO] Processing Bollywood celebrities...
[2026-03-20T11:18:00.100Z] [INFO] 💓 Heartbeat: Scheduler is active.
[2026-03-20T11:18:06.650Z] [INFO] ✅ CRON SUCCESS: Celebrity Scraper (Bollywood) - Successfully synced 5 new celebrities for Bollywood
[2026-03-20T11:18:06.652Z] [INFO] Processing Hollywood celebrities...
[2026-03-20T11:18:11.504Z] [INFO] ✅ CRON SUCCESS: Daily Sync - Daily sync completed. Total new movies: 0
[2026-03-20T11:18:19.942Z] [INFO] ✅ CRON SUCCESS: Celebrity Scraper (Hollywood) - Successfully synced 5 new celebrities for Hollywood
[2026-03-20T11:18:19.944Z] [INFO] 🏁 [SCHEDULED RUN] Automation cycle completed.
[2026-03-20T11:19:00.051Z] [INFO] 💓 Heartbeat: Scheduler is active.
[2026-03-20T11:20:00.066Z] [INFO] 💓 Heartbeat: Scheduler is active.
[2026-03-20T11:20:00.073Z] [INFO] 🕒 [SCHEDULED RUN] Starting automation cycle (*/2 * * * *)...
[2026-03-20T11:20:00.078Z] [INFO] 🕒 CRON START: Comprehensive Daily Sync
[2026-03-20T11:20:00.103Z] [INFO] 🕒 CRON START: Celebrity Scraper
[2026-03-20T11:20:00.108Z] [INFO] Processing Bollywood celebrities...
[2026-03-20T11:20:05.718Z] [INFO] ✅ CRON SUCCESS: Celebrity Scraper (Bollywood) - Successfully synced 5 new celebrities for Bollywood
[2026-03-20T11:20:05.721Z] [INFO] Processing Hollywood celebrities...
[2026-03-20T11:20:09.293Z] [INFO] ✅ CRON SUCCESS: Daily Sync - Daily sync completed. Total new movies: 0
[2026-03-20T11:20:17.744Z] [INFO] ✅ CRON SUCCESS: Celebrity Scraper (Hollywood) - Successfully synced 5 new celebrities for Hollywood
[2026-03-20T11:20:17.746Z] [INFO] 🏁 [SCHEDULED RUN] Automation cycle completed.
[2026-03-20T11:21:00.043Z] [INFO] 💓 Heartbeat: Scheduler is active.
[2026-03-20T11:22:00.061Z] [INFO] 🕒 [SCHEDULED RUN] Starting automation cycle (*/2 * * * *)...
[2026-03-20T11:22:00.064Z] [INFO] 🕒 CRON START: Comprehensive Daily Sync
[2026-03-20T11:22:00.068Z] [INFO] 🕒 CRON START: Celebrity Scraper
[2026-03-20T11:22:00.069Z] [INFO] Processing Bollywood celebrities...
[2026-03-20T11:22:00.075Z] [INFO] 💓 Heartbeat: Scheduler is active.
[2026-03-20T11:22:05.116Z] [INFO] ✅ CRON SUCCESS: Celebrity Scraper (Bollywood) - Successfully synced 5 new celebrities for Bollywood
[2026-03-20T11:22:05.118Z] [INFO] Processing Hollywood celebrities...
[2026-03-20T11:22:09.829Z] [INFO] ✅ CRON SUCCESS: Daily Sync - Daily sync completed. Total new movies: 0
[2026-03-20T11:22:17.471Z] [INFO] ✅ CRON SUCCESS: Celebrity Scraper (Hollywood) - Successfully synced 5 new celebrities for Hollywood
[2026-03-20T11:22:17.473Z] [INFO] 🏁 [SCHEDULED RUN] Automation cycle completed.
[2026-03-20T11:23:00.044Z] [INFO] 💓 Heartbeat: Scheduler is active.
[2026-03-20T11:24:00.059Z] [INFO] 🕒 [SCHEDULED RUN] Starting automation cycle (*/2 * * * *)...
[2026-03-20T11:24:00.061Z] [INFO] 🕒 CRON START: Comprehensive Daily Sync
[2026-03-20T11:24:00.065Z] [INFO] 🕒 CRON START: Celebrity Scraper
[2026-03-20T11:24:00.067Z] [INFO] Processing Bollywood celebrities...
[2026-03-20T11:24:00.073Z] [INFO] 💓 Heartbeat: Scheduler is active.
[2026-03-20T11:24:05.515Z] [INFO] ✅ CRON SUCCESS: Celebrity Scraper (Bollywood) - Successfully synced 5 new celebrities for Bollywood
[2026-03-20T11:24:05.518Z] [INFO] Processing Hollywood celebrities...
[2026-03-20T11:24:09.435Z] [INFO] ✅ CRON SUCCESS: Daily Sync - Daily sync completed. Total new movies: 0
[2026-03-20T11:24:16.184Z] [INFO] ✅ CRON SUCCESS: Celebrity Scraper (Hollywood) - Successfully synced 5 new celebrities for Hollywood
[2026-03-20T11:24:16.187Z] [INFO] 🏁 [SCHEDULED RUN] Automation cycle completed.
[2026-03-20T11:25:00.035Z] [INFO] 💓 Heartbeat: Scheduler is active.
[2026-03-20T11:26:00.049Z] [INFO] 💓 Heartbeat: Scheduler is active.
[2026-03-20T11:26:00.053Z] [INFO] 🕒 [SCHEDULED RUN] Starting automation cycle (*/2 * * * *)...
[2026-03-20T11:26:00.055Z] [INFO] 🕒 CRON START: Comprehensive Daily Sync
[2026-03-20T11:26:00.060Z] [INFO] 🕒 CRON START: Celebrity Scraper
[2026-03-20T11:26:00.062Z] [INFO] Processing Bollywood celebrities...
[2026-03-20T11:26:05.228Z] [INFO] ✅ CRON SUCCESS: Celebrity Scraper (Bollywood) - Successfully synced 5 new celebrities for Bollywood
[2026-03-20T11:26:05.230Z] [INFO] Processing Hollywood celebrities...
[2026-03-20T11:26:10.011Z] [INFO] ✅ CRON SUCCESS: Daily Sync - Daily sync completed. Total new movies: 0
[2026-03-20T11:26:17.320Z] [INFO] ✅ CRON SUCCESS: Celebrity Scraper (Hollywood) - Successfully synced 5 new celebrities for Hollywood
[2026-03-20T11:26:17.323Z] [INFO] 🏁 [SCHEDULED RUN] Automation cycle completed.
[2026-03-20T11:27:00.028Z] [INFO] 💓 Heartbeat: Scheduler is active.
[2026-03-20T11:28:00.051Z] [INFO] 💓 Heartbeat: Scheduler is active.
[2026-03-20T11:28:00.056Z] [INFO] 🕒 [SCHEDULED RUN] Starting automation cycle (*/2 * * * *)...
[2026-03-20T11:28:00.058Z] [INFO] 🕒 CRON START: Comprehensive Daily Sync
[2026-03-20T11:28:00.061Z] [INFO] 🕒 CRON START: Celebrity Scraper
[2026-03-20T11:28:00.063Z] [INFO] Processing Bollywood celebrities...
[2026-03-20T11:28:05.741Z] [INFO] ✅ CRON SUCCESS: Celebrity Scraper (Bollywood) - Successfully synced 5 new celebrities for Bollywood
[2026-03-20T11:28:05.743Z] [INFO] Processing Hollywood celebrities...
[2026-03-20T11:28:09.098Z] [INFO] ✅ CRON SUCCESS: Daily Sync - Daily sync completed. Total new movies: 0
[2026-03-20T11:28:23.350Z] [INFO] ✅ CRON SUCCESS: Celebrity Scraper (Hollywood) - Successfully synced 5 new celebrities for Hollywood
[2026-03-20T11:28:23.352Z] [INFO] 🏁 [SCHEDULED RUN] Automation cycle completed.
[2026-03-20T11:29:00.033Z] [INFO] 💓 Heartbeat: Scheduler is active.
[2026-03-20T11:30:00.050Z] [INFO] 🕒 [SCHEDULED RUN] Starting automation cycle (*/2 * * * *)...
[2026-03-20T11:30:00.052Z] [INFO] 🕒 CRON START: Comprehensive Daily Sync
[2026-03-20T11:30:00.055Z] [INFO] 🕒 CRON START: Celebrity Scraper
[2026-03-20T11:30:00.056Z] [INFO] Processing Bollywood celebrities...
[2026-03-20T11:30:00.063Z] [INFO] 💓 Heartbeat: Scheduler is active.
[2026-03-20T11:30:06.123Z] [INFO] ✅ CRON SUCCESS: Celebrity Scraper (Bollywood) - Successfully synced 5 new celebrities for Bollywood
[2026-03-20T11:30:06.126Z] [INFO] Processing Hollywood celebrities...
[2026-03-20T11:30:09.831Z] [INFO] ✅ CRON SUCCESS: Daily Sync - Daily sync completed. Total new movies: 0
[2026-03-20T11:30:18.445Z] [INFO] ✅ CRON SUCCESS: Celebrity Scraper (Hollywood) - Successfully synced 5 new celebrities for Hollywood
[2026-03-20T11:30:18.448Z] [INFO] 🏁 [SCHEDULED RUN] Automation cycle completed.
[2026-03-20T11:31:00.034Z] [INFO] 💓 Heartbeat: Scheduler is active.
[2026-03-20T11:32:00.046Z] [INFO] 💓 Heartbeat: Scheduler is active.
[2026-03-20T11:32:00.051Z] [INFO] 🕒 [SCHEDULED RUN] Starting automation cycle (*/2 * * * *)...
[2026-03-20T11:32:00.053Z] [INFO] 🕒 CRON START: Comprehensive Daily Sync
[2026-03-20T11:32:00.057Z] [INFO] 🕒 CRON START: Celebrity Scraper
[2026-03-20T11:32:00.058Z] [INFO] Processing Bollywood celebrities...
[2026-03-20T11:32:05.620Z] [INFO] ✅ CRON SUCCESS: Celebrity Scraper (Bollywood) - Successfully synced 5 new celebrities for Bollywood
[2026-03-20T11:32:05.621Z] [INFO] Processing Hollywood celebrities...
[2026-03-20T11:32:09.829Z] [INFO] ✅ CRON SUCCESS: Daily Sync - Daily sync completed. Total new movies: 0
[2026-03-20T11:32:20.536Z] [INFO] ✅ CRON SUCCESS: Celebrity Scraper (Hollywood) - Successfully synced 5 new celebrities for Hollywood
[2026-03-20T11:32:20.538Z] [INFO] 🏁 [SCHEDULED RUN] Automation cycle completed.
[2026-03-20T11:33:00.180Z] [INFO] 💓 Heartbeat: Scheduler is active.
[2026-03-20T11:34:00.204Z] [INFO] 🕒 [SCHEDULED RUN] Starting automation cycle (*/2 * * * *)...
[2026-03-20T11:34:00.217Z] [INFO] 🕒 CRON START: Comprehensive Daily Sync
[2026-03-20T11:34:00.307Z] [INFO] 🕒 CRON START: Celebrity Scraper
[2026-03-20T11:34:00.310Z] [INFO] Processing Bollywood celebrities...
[2026-03-20T11:34:00.350Z] [INFO] 💓 Heartbeat: Scheduler is active.
[2026-03-20T11:34:08.135Z] [INFO] ✅ CRON SUCCESS: Celebrity Scraper (Bollywood) - Successfully synced 5 new celebrities for Bollywood
[2026-03-20T11:34:08.138Z] [INFO] Processing Hollywood celebrities...
[2026-03-20T11:34:14.815Z] [INFO] ✅ CRON SUCCESS: Celebrity Scraper (Hollywood) - Successfully synced 5 new celebrities for Hollywood
[2026-03-20T11:34:24.841Z] [INFO] ✅ CRON SUCCESS: Daily Sync - Daily sync completed. Total new movies: 3
[2026-03-20T11:34:24.850Z] [INFO] 🏁 [SCHEDULED RUN] Automation cycle completed.
[2026-03-20T11:35:00.065Z] [INFO] 💓 Heartbeat: Scheduler is active.
[2026-03-20T11:36:00.070Z] [INFO] 🕒 [SCHEDULED RUN] Starting automation cycle (*/2 * * * *)...
[2026-03-20T11:36:00.073Z] [INFO] 🕒 CRON START: Comprehensive Daily Sync
[2026-03-20T11:36:00.078Z] [INFO] 🕒 CRON START: Celebrity Scraper
[2026-03-20T11:36:00.081Z] [INFO] Processing Bollywood celebrities...
[2026-03-20T11:36:00.114Z] [INFO] 💓 Heartbeat: Scheduler is active.
[2026-03-20T11:36:05.458Z] [INFO] ✅ CRON SUCCESS: Celebrity Scraper (Bollywood) - Successfully synced 5 new celebrities for Bollywood
[2026-03-20T11:36:05.463Z] [INFO] Processing Hollywood celebrities...
[2026-03-20T11:36:10.976Z] [INFO] ✅ CRON SUCCESS: Celebrity Scraper (Hollywood) - Successfully synced 5 new celebrities for Hollywood
[2026-03-20T11:36:21.659Z] [INFO] ✅ CRON SUCCESS: Daily Sync - Daily sync completed. Total new movies: 3
[2026-03-20T11:36:21.675Z] [INFO] 🏁 [SCHEDULED RUN] Automation cycle completed.
[2026-03-20T11:37:00.044Z] [INFO] 💓 Heartbeat: Scheduler is active.
[2026-03-20T11:38:00.114Z] [INFO] 🕒 [SCHEDULED RUN] Starting automation cycle (*/2 * * * *)...
[2026-03-20T11:38:00.117Z] [INFO] 🕒 CRON START: Comprehensive Daily Sync
[2026-03-20T11:38:00.121Z] [INFO] 🕒 CRON START: Celebrity Scraper
[2026-03-20T11:38:00.124Z] [INFO] Processing Bollywood celebrities...
[2026-03-20T11:38:00.138Z] [INFO] 💓 Heartbeat: Scheduler is active.
[2026-03-20T11:38:06.487Z] [INFO] ✅ CRON SUCCESS: Celebrity Scraper (Bollywood) - Successfully synced 5 new celebrities for Bollywood
[2026-03-20T11:38:06.489Z] [INFO] Processing Hollywood celebrities...
[2026-03-20T11:38:14.628Z] [INFO] ✅ CRON SUCCESS: Celebrity Scraper (Hollywood) - Successfully synced 5 new celebrities for Hollywood
[2026-03-20T11:38:23.718Z] [INFO] ✅ CRON SUCCESS: Daily Sync - Daily sync completed. Total new movies: 3
[2026-03-20T11:38:23.720Z] [INFO] 🏁 [SCHEDULED RUN] Automation cycle completed.
[2026-03-20T11:39:00.108Z] [INFO] 💓 Heartbeat: Scheduler is active.
[2026-03-20T11:40:00.160Z] [INFO] 🕒 [SCHEDULED RUN] Starting automation cycle (*/2 * * * *)...
[2026-03-20T11:40:00.180Z] [INFO] 🕒 CRON START: Comprehensive Daily Sync
[2026-03-20T11:40:00.235Z] [INFO] 🕒 CRON START: Celebrity Scraper
[2026-03-20T11:40:00.238Z] [INFO] Processing Bollywood celebrities...
[2026-03-20T11:40:00.254Z] [INFO] 💓 Heartbeat: Scheduler is active.
[2026-03-20T11:40:08.352Z] [INFO] ✅ CRON SUCCESS: Celebrity Scraper (Bollywood) - Successfully synced 5 new celebrities for Bollywood
[2026-03-20T11:40:08.354Z] [INFO] Processing Hollywood celebrities...
[2026-03-20T11:40:13.918Z] [INFO] ✅ CRON SUCCESS: Celebrity Scraper (Hollywood) - Successfully synced 5 new celebrities for Hollywood
[2026-03-20T11:40:21.336Z] [INFO] ✅ CRON SUCCESS: Daily Sync - Daily sync completed. Total new movies: 3
[2026-03-20T11:40:21.338Z] [INFO] 🏁 [SCHEDULED RUN] Automation cycle completed.
[2026-03-20T11:41:00.055Z] [INFO] 💓 Heartbeat: Scheduler is active.
[2026-03-20T11:42:00.066Z] [INFO] 💓 Heartbeat: Scheduler is active.
[2026-03-20T11:42:00.072Z] [INFO] 🕒 [SCHEDULED RUN] Starting automation cycle (*/2 * * * *)...
[2026-03-20T11:42:00.074Z] [INFO] 🕒 CRON START: Comprehensive Daily Sync
[2026-03-20T11:42:00.077Z] [INFO] 🕒 CRON START: Celebrity Scraper
[2026-03-20T11:42:00.078Z] [INFO] Processing Bollywood celebrities...
[2026-03-20T11:42:04.816Z] [INFO] ✅ CRON SUCCESS: Celebrity Scraper (Bollywood) - Successfully synced 5 new celebrities for Bollywood
[2026-03-20T11:42:04.817Z] [INFO] Processing Hollywood celebrities...
[2026-03-20T11:42:17.409Z] [INFO] ✅ CRON SUCCESS: Celebrity Scraper (Hollywood) - Successfully synced 5 new celebrities for Hollywood
[2026-03-20T11:42:18.905Z] [INFO] ✅ CRON SUCCESS: Daily Sync - Daily sync completed. Total new movies: 3
[2026-03-20T11:42:18.907Z] [INFO] 🏁 [SCHEDULED RUN] Automation cycle completed.
[2026-03-20T11:43:00.031Z] [INFO] 💓 Heartbeat: Scheduler is active.
[2026-03-20T11:44:00.053Z] [INFO] 🕒 [SCHEDULED RUN] Starting automation cycle (*/2 * * * *)...
[2026-03-20T11:44:00.062Z] [INFO] 🕒 CRON START: Comprehensive Daily Sync
[2026-03-20T11:44:00.101Z] [INFO] 🕒 CRON START: Celebrity Scraper
[2026-03-20T11:44:00.103Z] [INFO] Processing Bollywood celebrities...
[2026-03-20T11:44:00.109Z] [INFO] 💓 Heartbeat: Scheduler is active.
[2026-03-20T11:44:04.884Z] [INFO] ✅ CRON SUCCESS: Celebrity Scraper (Bollywood) - Successfully synced 5 new celebrities for Bollywood
[2026-03-20T11:44:04.891Z] [INFO] Processing Hollywood celebrities...
[2026-03-20T11:44:10.266Z] [INFO] ✅ CRON SUCCESS: Celebrity Scraper (Hollywood) - Successfully synced 5 new celebrities for Hollywood
[2026-03-20T11:44:18.455Z] [INFO] ✅ CRON SUCCESS: Daily Sync - Daily sync completed. Total new movies: 3
[2026-03-20T11:44:18.457Z] [INFO] 🏁 [SCHEDULED RUN] Automation cycle completed.
[2026-03-20T11:45:00.035Z] [INFO] 💓 Heartbeat: Scheduler is active.
[2026-03-20T11:46:00.042Z] [INFO] 💓 Heartbeat: Scheduler is active.
[2026-03-20T11:46:00.047Z] [INFO] 🕒 [SCHEDULED RUN] Starting automation cycle (*/2 * * * *)...
[2026-03-20T11:46:00.049Z] [INFO] 🕒 CRON START: Comprehensive Daily Sync
[2026-03-20T11:46:00.057Z] [INFO] 🕒 CRON START: Celebrity Scraper
[2026-03-20T11:46:00.062Z] [INFO] Processing Bollywood celebrities...
[2026-03-20T11:46:06.983Z] [INFO] ✅ CRON SUCCESS: Celebrity Scraper (Bollywood) - Successfully synced 5 new celebrities for Bollywood
[2026-03-20T11:46:06.986Z] [INFO] Processing Hollywood celebrities...
[2026-03-20T11:46:11.781Z] [INFO] ✅ CRON SUCCESS: Celebrity Scraper (Hollywood) - Successfully synced 5 new celebrities for Hollywood
[2026-03-20T11:46:22.652Z] [INFO] ✅ CRON SUCCESS: Daily Sync - Daily sync completed. Total new movies: 3
[2026-03-20T11:46:22.654Z] [INFO] 🏁 [SCHEDULED RUN] Automation cycle completed.
[2026-03-20T11:47:00.045Z] [INFO] 💓 Heartbeat: Scheduler is active.
[2026-03-20T11:48:00.077Z] [INFO] 🕒 [SCHEDULED RUN] Starting automation cycle (*/2 * * * *)...
[2026-03-20T11:48:00.079Z] [INFO] 🕒 CRON START: Comprehensive Daily Sync
[2026-03-20T11:48:00.083Z] [INFO] 🕒 CRON START: Celebrity Scraper
[2026-03-20T11:48:00.086Z] [INFO] Processing Bollywood celebrities...
[2026-03-20T11:48:00.116Z] [INFO] 💓 Heartbeat: Scheduler is active.
[2026-03-20T11:48:04.921Z] [INFO] ✅ CRON SUCCESS: Celebrity Scraper (Bollywood) - Successfully synced 5 new celebrities for Bollywood
[2026-03-20T11:48:04.922Z] [INFO] Processing Hollywood celebrities...
[2026-03-20T11:48:10.632Z] [INFO] ✅ CRON SUCCESS: Celebrity Scraper (Hollywood) - Successfully synced 5 new celebrities for Hollywood
[2026-03-20T11:48:21.715Z] [INFO] ✅ CRON SUCCESS: Daily Sync - Daily sync completed. Total new movies: 3
[2026-03-20T11:48:21.719Z] [INFO] 🏁 [SCHEDULED RUN] Automation cycle completed.
[2026-03-20T11:49:00.034Z] [INFO] 💓 Heartbeat: Scheduler is active.
[2026-03-20T11:50:00.061Z] [INFO] 💓 Heartbeat: Scheduler is active.
[2026-03-20T11:50:00.066Z] [INFO] 🕒 [SCHEDULED RUN] Starting automation cycle (*/2 * * * *)...
[2026-03-20T11:50:00.067Z] [INFO] 🕒 CRON START: Comprehensive Daily Sync
[2026-03-20T11:50:00.070Z] [INFO] 🕒 CRON START: Celebrity Scraper
[2026-03-20T11:50:00.072Z] [INFO] Processing Bollywood celebrities...
[2026-03-20T11:50:05.477Z] [INFO] ✅ CRON SUCCESS: Celebrity Scraper (Bollywood) - Successfully synced 5 new celebrities for Bollywood
[2026-03-20T11:50:05.478Z] [INFO] Processing Hollywood celebrities...
[2026-03-20T11:50:11.599Z] [INFO] ✅ CRON SUCCESS: Celebrity Scraper (Hollywood) - Successfully synced 5 new celebrities for Hollywood
[2026-03-20T11:50:18.942Z] [INFO] ✅ CRON SUCCESS: Daily Sync - Daily sync completed. Total new movies: 3
[2026-03-20T11:50:18.944Z] [INFO] 🏁 [SCHEDULED RUN] Automation cycle completed.
[2026-03-20T11:51:00.047Z] [INFO] 💓 Heartbeat: Scheduler is active.
[2026-03-20T11:52:00.092Z] [INFO] 💓 Heartbeat: Scheduler is active.
[2026-03-20T11:52:00.098Z] [INFO] 🕒 [SCHEDULED RUN] Starting automation cycle (*/2 * * * *)...
[2026-03-20T11:52:00.100Z] [INFO] 🕒 CRON START: Comprehensive Daily Sync
[2026-03-20T11:52:00.105Z] [INFO] 🕒 CRON START: Celebrity Scraper
[2026-03-20T11:52:00.109Z] [INFO] Processing Bollywood celebrities...
[2026-03-20T11:52:07.098Z] [INFO] ✅ CRON SUCCESS: Celebrity Scraper (Bollywood) - Successfully synced 5 new celebrities for Bollywood
[2026-03-20T11:52:07.100Z] [INFO] Processing Hollywood celebrities...
[2026-03-20T11:52:15.894Z] [INFO] ✅ CRON SUCCESS: Celebrity Scraper (Hollywood) - Successfully synced 5 new celebrities for Hollywood
[2026-03-20T11:52:20.360Z] [INFO] ✅ CRON SUCCESS: Daily Sync - Daily sync completed. Total new movies: 3
[2026-03-20T11:52:20.364Z] [INFO] 🏁 [SCHEDULED RUN] Automation cycle completed.
[2026-03-20T11:53:00.049Z] [INFO] 💓 Heartbeat: Scheduler is active.
[2026-03-20T11:54:00.175Z] [INFO] 💓 Heartbeat: Scheduler is active.
[2026-03-20T11:54:00.269Z] [INFO] 🕒 [SCHEDULED RUN] Starting automation cycle (*/2 * * * *)...
[2026-03-20T11:54:00.288Z] [INFO] 🕒 CRON START: Comprehensive Daily Sync
[2026-03-20T11:54:00.392Z] [INFO] 🕒 CRON START: Celebrity Scraper
[2026-03-20T11:54:00.402Z] [INFO] Processing Bollywood celebrities...
[2026-03-20T11:54:08.221Z] [INFO] ✅ CRON SUCCESS: Celebrity Scraper (Bollywood) - Successfully synced 5 new celebrities for Bollywood
[2026-03-20T11:54:08.236Z] [INFO] Processing Hollywood celebrities...
[2026-03-20T11:54:16.991Z] [INFO] ✅ CRON SUCCESS: Celebrity Scraper (Hollywood) - Successfully synced 5 new celebrities for Hollywood
[2026-03-20T11:54:25.841Z] [INFO] ✅ CRON SUCCESS: Daily Sync - Daily sync completed. Total new movies: 3
[2026-03-20T11:54:25.851Z] [INFO] 🏁 [SCHEDULED RUN] Automation cycle completed.
[2026-03-20T11:55:00.088Z] [INFO] 💓 Heartbeat: Scheduler is active.
[2026-03-20T11:56:00.050Z] [INFO] 🕒 [SCHEDULED RUN] Starting automation cycle (*/2 * * * *)...
[2026-03-20T11:56:00.053Z] [INFO] 🕒 CRON START: Comprehensive Daily Sync
[2026-03-20T11:56:00.083Z] [INFO] 🕒 CRON START: Celebrity Scraper
[2026-03-20T11:56:00.086Z] [INFO] Processing Bollywood celebrities...
[2026-03-20T11:56:00.104Z] [INFO] 💓 Heartbeat: Scheduler is active.
[2026-03-20T11:56:05.863Z] [INFO] ✅ CRON SUCCESS: Celebrity Scraper (Bollywood) - Successfully synced 5 new celebrities for Bollywood
[2026-03-20T11:56:05.866Z] [INFO] Processing Hollywood celebrities...
[2026-03-20T11:56:11.055Z] [INFO] ✅ CRON SUCCESS: Celebrity Scraper (Hollywood) - Successfully synced 5 new celebrities for Hollywood
[2026-03-20T11:56:19.929Z] [INFO] ✅ CRON SUCCESS: Daily Sync - Daily sync completed. Total new movies: 3
[2026-03-20T11:56:19.931Z] [INFO] 🏁 [SCHEDULED RUN] Automation cycle completed.
[2026-03-20T11:57:00.057Z] [INFO] 💓 Heartbeat: Scheduler is active.
[2026-03-20T11:58:00.053Z] [INFO] 💓 Heartbeat: Scheduler is active.
[2026-03-20T11:58:00.057Z] [INFO] 🕒 [SCHEDULED RUN] Starting automation cycle (*/2 * * * *)...
[2026-03-20T11:58:00.059Z] [INFO] 🕒 CRON START: Comprehensive Daily Sync
[2026-03-20T11:58:00.064Z] [INFO] 🕒 CRON START: Celebrity Scraper
[2026-03-20T11:58:00.066Z] [INFO] Processing Bollywood celebrities...
[2026-03-20T11:58:05.230Z] [INFO] ✅ CRON SUCCESS: Celebrity Scraper (Bollywood) - Successfully synced 5 new celebrities for Bollywood
[2026-03-20T11:58:05.232Z] [INFO] Processing Hollywood celebrities...
[2026-03-20T11:58:10.178Z] [INFO] ✅ CRON SUCCESS: Celebrity Scraper (Hollywood) - Successfully synced 5 new celebrities for Hollywood
[2026-03-20T11:58:21.660Z] [INFO] ✅ CRON SUCCESS: Daily Sync - Daily sync completed. Total new movies: 3
[2026-03-20T11:58:21.665Z] [INFO] 🏁 [SCHEDULED RUN] Automation cycle completed.
[2026-03-20T11:59:00.035Z] [INFO] 💓 Heartbeat: Scheduler is active.
[2026-03-20T12:00:00.080Z] [INFO] 🕒 [SCHEDULED RUN] Starting automation cycle (*/2 * * * *)...
[2026-03-20T12:00:00.082Z] [INFO] 🕒 CRON START: Comprehensive Daily Sync
[2026-03-20T12:00:00.086Z] [INFO] 🕒 CRON START: Celebrity Scraper
[2026-03-20T12:00:00.088Z] [INFO] Processing Bollywood celebrities...
[2026-03-20T12:00:00.096Z] [INFO] 💓 Heartbeat: Scheduler is active.
[2026-03-20T12:00:05.038Z] [INFO] ✅ CRON SUCCESS: Celebrity Scraper (Bollywood) - Successfully synced 5 new celebrities for Bollywood
[2026-03-20T12:00:05.040Z] [INFO] Processing Hollywood celebrities...
[2026-03-20T12:00:11.200Z] [INFO] ✅ CRON SUCCESS: Celebrity Scraper (Hollywood) - Successfully synced 5 new celebrities for Hollywood
[2026-03-20T12:00:20.816Z] [INFO] ✅ CRON SUCCESS: Daily Sync - Daily sync completed. Total new movies: 3
[2026-03-20T12:00:20.818Z] [INFO] 🏁 [SCHEDULED RUN] Automation cycle completed.
[2026-03-20T12:01:00.049Z] [INFO] 💓 Heartbeat: Scheduler is active.
[2026-03-20T12:02:00.052Z] [INFO] 🕒 [SCHEDULED RUN] Starting automation cycle (*/2 * * * *)...
[2026-03-20T12:02:00.055Z] [INFO] 🕒 CRON START: Comprehensive Daily Sync
[2026-03-20T12:02:00.058Z] [INFO] 🕒 CRON START: Celebrity Scraper
[2026-03-20T12:02:00.060Z] [INFO] Processing Bollywood celebrities...
[2026-03-20T12:02:00.067Z] [INFO] 💓 Heartbeat: Scheduler is active.
[2026-03-20T12:02:05.216Z] [INFO] ✅ CRON SUCCESS: Celebrity Scraper (Bollywood) - Successfully synced 5 new celebrities for Bollywood
[2026-03-20T12:02:05.220Z] [INFO] Processing Hollywood celebrities...
[2026-03-20T12:02:10.693Z] [INFO] ✅ CRON SUCCESS: Celebrity Scraper (Hollywood) - Successfully synced 5 new celebrities for Hollywood
[2026-03-20T12:02:20.772Z] [INFO] ✅ CRON SUCCESS: Daily Sync - Daily sync completed. Total new movies: 3
[2026-03-20T12:02:20.773Z] [INFO] 🏁 [SCHEDULED RUN] Automation cycle completed.
[2026-03-20T12:03:00.041Z] [INFO] 💓 Heartbeat: Scheduler is active.
[2026-03-20T12:04:00.070Z] [INFO] 💓 Heartbeat: Scheduler is active.
[2026-03-20T12:04:00.075Z] [INFO] 🕒 [SCHEDULED RUN] Starting automation cycle (*/2 * * * *)...
[2026-03-20T12:04:00.077Z] [INFO] 🕒 CRON START: Comprehensive Daily Sync
[2026-03-20T12:04:00.082Z] [INFO] 🕒 CRON START: Celebrity Scraper
[2026-03-20T12:04:00.083Z] [INFO] Processing Bollywood celebrities...
[2026-03-20T12:04:05.085Z] [INFO] ✅ CRON SUCCESS: Celebrity Scraper (Bollywood) - Successfully synced 5 new celebrities for Bollywood
[2026-03-20T12:04:05.087Z] [INFO] Processing Hollywood celebrities...
[2026-03-20T12:04:10.547Z] [INFO] ✅ CRON SUCCESS: Celebrity Scraper (Hollywood) - Successfully synced 5 new celebrities for Hollywood
[2026-03-20T12:04:20.997Z] [INFO] ✅ CRON SUCCESS: Daily Sync - Daily sync completed. Total new movies: 3
[2026-03-20T12:04:20.999Z] [INFO] 🏁 [SCHEDULED RUN] Automation cycle completed.
[2026-03-20T12:05:00.030Z] [INFO] 💓 Heartbeat: Scheduler is active.
[2026-03-20T12:06:00.067Z] [INFO] 🕒 [SCHEDULED RUN] Starting automation cycle (*/2 * * * *)...
[2026-03-20T12:06:00.069Z] [INFO] 🕒 CRON START: Comprehensive Daily Sync
[2026-03-20T12:06:00.073Z] [INFO] 🕒 CRON START: Celebrity Scraper
[2026-03-20T12:06:00.075Z] [INFO] Processing Bollywood celebrities...
[2026-03-20T12:06:00.092Z] [INFO] 💓 Heartbeat: Scheduler is active.
[2026-03-20T12:06:05.532Z] [INFO] ✅ CRON SUCCESS: Celebrity Scraper (Bollywood) - Successfully synced 5 new celebrities for Bollywood
[2026-03-20T12:06:05.534Z] [INFO] Processing Hollywood celebrities...
[2026-03-20T12:06:11.556Z] [INFO] ✅ CRON SUCCESS: Celebrity Scraper (Hollywood) - Successfully synced 5 new celebrities for Hollywood
[2026-03-20T12:06:18.757Z] [INFO] ✅ CRON SUCCESS: Daily Sync - Daily sync completed. Total new movies: 3
[2026-03-20T12:06:18.758Z] [INFO] 🏁 [SCHEDULED RUN] Automation cycle completed.
[2026-03-20T12:07:00.038Z] [INFO] 💓 Heartbeat: Scheduler is active.
[2026-03-20T12:08:00.060Z] [INFO] 🕒 [SCHEDULED RUN] Starting automation cycle (*/2 * * * *)...
[2026-03-20T12:08:00.062Z] [INFO] 🕒 CRON START: Comprehensive Daily Sync
[2026-03-20T12:08:00.066Z] [INFO] 🕒 CRON START: Celebrity Scraper
[2026-03-20T12:08:00.068Z] [INFO] Processing Bollywood celebrities...
[2026-03-20T12:08:00.075Z] [INFO] 💓 Heartbeat: Scheduler is active.
[2026-03-20T12:08:05.109Z] [INFO] ✅ CRON SUCCESS: Celebrity Scraper (Bollywood) - Successfully synced 5 new celebrities for Bollywood
[2026-03-20T12:08:05.111Z] [INFO] Processing Hollywood celebrities...
[2026-03-20T12:08:12.516Z] [INFO] ✅ CRON SUCCESS: Celebrity Scraper (Hollywood) - Successfully synced 5 new celebrities for Hollywood
[2026-03-20T12:08:20.371Z] [INFO] ✅ CRON SUCCESS: Daily Sync - Daily sync completed. Total new movies: 3
[2026-03-20T12:08:20.374Z] [INFO] 🏁 [SCHEDULED RUN] Automation cycle completed.
[2026-03-20T12:09:00.040Z] [INFO] 💓 Heartbeat: Scheduler is active.
[2026-03-20T12:10:00.057Z] [INFO] 🕒 [SCHEDULED RUN] Starting automation cycle (*/2 * * * *)...
[2026-03-20T12:10:00.060Z] [INFO] 🕒 CRON START: Comprehensive Daily Sync
[2026-03-20T12:10:00.064Z] [INFO] 🕒 CRON START: Celebrity Scraper
[2026-03-20T12:10:00.065Z] [INFO] Processing Bollywood celebrities...
[2026-03-20T12:10:00.080Z] [INFO] 💓 Heartbeat: Scheduler is active.
[2026-03-20T12:10:05.487Z] [INFO] ✅ CRON SUCCESS: Celebrity Scraper (Bollywood) - Successfully synced 5 new celebrities for Bollywood
[2026-03-20T12:10:05.490Z] [INFO] Processing Hollywood celebrities...
[2026-03-20T12:10:11.624Z] [INFO] ✅ CRON SUCCESS: Celebrity Scraper (Hollywood) - Successfully synced 5 new celebrities for Hollywood
[2026-03-20T12:10:19.025Z] [INFO] ✅ CRON SUCCESS: Daily Sync - Daily sync completed. Total new movies: 3
[2026-03-20T12:10:19.026Z] [INFO] 🏁 [SCHEDULED RUN] Automation cycle completed.
[2026-03-20T12:11:00.031Z] [INFO] 💓 Heartbeat: Scheduler is active.
[2026-03-20T12:12:00.051Z] [INFO] 💓 Heartbeat: Scheduler is active.
[2026-03-20T12:12:00.056Z] [INFO] 🕒 [SCHEDULED RUN] Starting automation cycle (*/2 * * * *)...
[2026-03-20T12:12:00.058Z] [INFO] 🕒 CRON START: Comprehensive Daily Sync
[2026-03-20T12:12:00.066Z] [INFO] 🕒 CRON START: Celebrity Scraper
[2026-03-20T12:12:00.071Z] [INFO] Processing Bollywood celebrities...
[2026-03-20T12:12:05.241Z] [INFO] ✅ CRON SUCCESS: Celebrity Scraper (Bollywood) - Successfully synced 5 new celebrities for Bollywood
[2026-03-20T12:12:05.244Z] [INFO] Processing Hollywood celebrities...
[2026-03-20T12:12:10.110Z] [INFO] ✅ CRON SUCCESS: Celebrity Scraper (Hollywood) - Successfully synced 5 new celebrities for Hollywood
[2026-03-20T12:12:20.801Z] [INFO] ✅ CRON SUCCESS: Daily Sync - Daily sync completed. Total new movies: 3
[2026-03-20T12:12:20.803Z] [INFO] 🏁 [SCHEDULED RUN] Automation cycle completed.
[2026-03-20T12:13:00.035Z] [INFO] 💓 Heartbeat: Scheduler is active.
[2026-03-20T12:14:00.066Z] [INFO] 🕒 [SCHEDULED RUN] Starting automation cycle (*/2 * * * *)...
[2026-03-20T12:14:00.068Z] [INFO] 🕒 CRON START: Comprehensive Daily Sync
[2026-03-20T12:14:00.071Z] [INFO] 🕒 CRON START: Celebrity Scraper
[2026-03-20T12:14:00.073Z] [INFO] Processing Bollywood celebrities...
[2026-03-20T12:14:00.080Z] [INFO] 💓 Heartbeat: Scheduler is active.
[2026-03-20T12:14:04.744Z] [INFO] ✅ CRON SUCCESS: Celebrity Scraper (Bollywood) - Successfully synced 5 new celebrities for Bollywood
[2026-03-20T12:14:04.746Z] [INFO] Processing Hollywood celebrities...
[2026-03-20T12:14:09.397Z] [INFO] ✅ CRON SUCCESS: Celebrity Scraper (Hollywood) - Successfully synced 5 new celebrities for Hollywood
[2026-03-20T12:14:21.066Z] [INFO] ✅ CRON SUCCESS: Daily Sync - Daily sync completed. Total new movies: 3
[2026-03-20T12:14:21.067Z] [INFO] 🏁 [SCHEDULED RUN] Automation cycle completed.
[2026-03-20T12:15:00.034Z] [INFO] 💓 Heartbeat: Scheduler is active.
[2026-03-20T12:16:00.064Z] [INFO] 💓 Heartbeat: Scheduler is active.
[2026-03-20T12:16:00.069Z] [INFO] 🕒 [SCHEDULED RUN] Starting automation cycle (*/2 * * * *)...
[2026-03-20T12:16:00.071Z] [INFO] 🕒 CRON START: Comprehensive Daily Sync
[2026-03-20T12:16:00.074Z] [INFO] 🕒 CRON START: Celebrity Scraper
[2026-03-20T12:16:00.077Z] [INFO] Processing Bollywood celebrities...
[2026-03-20T12:16:05.188Z] [INFO] ✅ CRON SUCCESS: Celebrity Scraper (Bollywood) - Successfully synced 5 new celebrities for Bollywood
[2026-03-20T12:16:05.189Z] [INFO] Processing Hollywood celebrities...
[2026-03-20T12:16:10.350Z] [INFO] ✅ CRON SUCCESS: Celebrity Scraper (Hollywood) - Successfully synced 5 new celebrities for Hollywood
[2026-03-20T12:16:22.952Z] [INFO] ✅ CRON SUCCESS: Daily Sync - Daily sync completed. Total new movies: 3
[2026-03-20T12:16:22.954Z] [INFO] 🏁 [SCHEDULED RUN] Automation cycle completed.
[2026-03-20T12:17:00.034Z] [INFO] 💓 Heartbeat: Scheduler is active.
[2026-03-20T12:18:00.075Z] [INFO] 🕒 [SCHEDULED RUN] Starting automation cycle (*/2 * * * *)...
[2026-03-20T12:18:00.078Z] [INFO] 🕒 CRON START: Comprehensive Daily Sync
[2026-03-20T12:18:00.082Z] [INFO] 🕒 CRON START: Celebrity Scraper
[2026-03-20T12:18:00.087Z] [INFO] Processing Bollywood celebrities...
[2026-03-20T12:18:00.102Z] [INFO] 💓 Heartbeat: Scheduler is active.
[2026-03-20T12:18:06.258Z] [INFO] ✅ CRON SUCCESS: Celebrity Scraper (Bollywood) - Successfully synced 5 new celebrities for Bollywood
[2026-03-20T12:18:06.259Z] [INFO] Processing Hollywood celebrities...
[2026-03-20T12:18:13.455Z] [INFO] ✅ CRON SUCCESS: Celebrity Scraper (Hollywood) - Successfully synced 5 new celebrities for Hollywood
[2026-03-20T12:18:18.020Z] [INFO] ✅ CRON SUCCESS: Daily Sync - Daily sync completed. Total new movies: 3
[2026-03-20T12:18:18.022Z] [INFO] 🏁 [SCHEDULED RUN] Automation cycle completed.
[2026-03-20T12:19:00.045Z] [INFO] 💓 Heartbeat: Scheduler is active.
[2026-03-20T12:20:00.057Z] [INFO] 🕒 [SCHEDULED RUN] Starting automation cycle (*/2 * * * *)...
[2026-03-20T12:20:00.059Z] [INFO] 🕒 CRON START: Comprehensive Daily Sync
[2026-03-20T12:20:00.062Z] [INFO] 🕒 CRON START: Celebrity Scraper
[2026-03-20T12:20:00.064Z] [INFO] Processing Bollywood celebrities...
[2026-03-20T12:20:00.075Z] [INFO] 💓 Heartbeat: Scheduler is active.
[2026-03-20T12:20:05.464Z] [INFO] ✅ CRON SUCCESS: Celebrity Scraper (Bollywood) - Successfully synced 5 new celebrities for Bollywood
[2026-03-20T12:20:05.465Z] [INFO] Processing Hollywood celebrities...
[2026-03-20T12:20:10.724Z] [INFO] ✅ CRON SUCCESS: Celebrity Scraper (Hollywood) - Successfully synced 5 new celebrities for Hollywood
[2026-03-20T12:20:20.002Z] [INFO] ✅ CRON SUCCESS: Daily Sync - Daily sync completed. Total new movies: 3
[2026-03-20T12:20:20.004Z] [INFO] 🏁 [SCHEDULED RUN] Automation cycle completed.
[2026-03-20T12:21:00.048Z] [INFO] 💓 Heartbeat: Scheduler is active.
[2026-03-20T12:22:00.053Z] [INFO] 🕒 [SCHEDULED RUN] Starting automation cycle (*/2 * * * *)...
[2026-03-20T12:22:00.058Z] [INFO] 🕒 CRON START: Comprehensive Daily Sync
[2026-03-20T12:22:00.062Z] [INFO] 🕒 CRON START: Celebrity Scraper
[2026-03-20T12:22:00.065Z] [INFO] Processing Bollywood celebrities...
[2026-03-20T12:22:00.083Z] [INFO] 💓 Heartbeat: Scheduler is active.
[2026-03-20T12:22:05.384Z] [INFO] ✅ CRON SUCCESS: Celebrity Scraper (Bollywood) - Successfully synced 5 new celebrities for Bollywood
[2026-03-20T12:22:05.385Z] [INFO] Processing Hollywood celebrities...
[2026-03-20T12:22:12.650Z] [INFO] ✅ CRON SUCCESS: Celebrity Scraper (Hollywood) - Successfully synced 5 new celebrities for Hollywood
[2026-03-20T12:22:19.666Z] [INFO] ✅ CRON SUCCESS: Daily Sync - Daily sync completed. Total new movies: 3
[2026-03-20T12:22:19.668Z] [INFO] 🏁 [SCHEDULED RUN] Automation cycle completed.
[2026-03-20T12:23:00.044Z] [INFO] 💓 Heartbeat: Scheduler is active.
[2026-03-20T12:24:00.070Z] [INFO] 🕒 [SCHEDULED RUN] Starting automation cycle (*/2 * * * *)...
[2026-03-20T12:24:00.072Z] [INFO] 🕒 CRON START: Comprehensive Daily Sync
[2026-03-20T12:24:00.076Z] [INFO] 🕒 CRON START: Celebrity Scraper
[2026-03-20T12:24:00.077Z] [INFO] Processing Bollywood celebrities...
[2026-03-20T12:24:00.085Z] [INFO] 💓 Heartbeat: Scheduler is active.
[2026-03-20T12:24:05.228Z] [INFO] ✅ CRON SUCCESS: Celebrity Scraper (Bollywood) - Successfully synced 5 new celebrities for Bollywood
[2026-03-20T12:24:05.229Z] [INFO] Processing Hollywood celebrities...
[2026-03-20T12:24:10.785Z] [INFO] ✅ CRON SUCCESS: Celebrity Scraper (Hollywood) - Successfully synced 5 new celebrities for Hollywood
[2026-03-20T12:24:21.856Z] [INFO] ✅ CRON SUCCESS: Daily Sync - Daily sync completed. Total new movies: 3
[2026-03-20T12:24:21.858Z] [INFO] 🏁 [SCHEDULED RUN] Automation cycle completed.
[2026-03-20T12:25:00.030Z] [INFO] 💓 Heartbeat: Scheduler is active.
[2026-03-20T12:26:00.059Z] [INFO] 🕒 [SCHEDULED RUN] Starting automation cycle (*/2 * * * *)...
[2026-03-20T12:26:00.061Z] [INFO] 🕒 CRON START: Comprehensive Daily Sync
[2026-03-20T12:26:00.065Z] [INFO] 🕒 CRON START: Celebrity Scraper
[2026-03-20T12:26:00.068Z] [INFO] Processing Bollywood celebrities...
[2026-03-20T12:26:00.081Z] [INFO] 💓 Heartbeat: Scheduler is active.
[2026-03-20T12:26:05.382Z] [INFO] ✅ CRON SUCCESS: Celebrity Scraper (Bollywood) - Successfully synced 5 new celebrities for Bollywood
[2026-03-20T12:26:05.384Z] [INFO] Processing Hollywood celebrities...
[2026-03-20T12:26:12.984Z] [INFO] ✅ CRON SUCCESS: Celebrity Scraper (Hollywood) - Successfully synced 5 new celebrities for Hollywood
[2026-03-20T12:26:19.785Z] [INFO] ✅ CRON SUCCESS: Daily Sync - Daily sync completed. Total new movies: 3
[2026-03-20T12:26:19.787Z] [INFO] 🏁 [SCHEDULED RUN] Automation cycle completed.
[2026-03-20T12:27:00.037Z] [INFO] 💓 Heartbeat: Scheduler is active.
[2026-03-20T12:28:00.077Z] [INFO] 🕒 [SCHEDULED RUN] Starting automation cycle (*/2 * * * *)...
[2026-03-20T12:28:00.079Z] [INFO] 🕒 CRON START: Comprehensive Daily Sync
[2026-03-20T12:28:00.082Z] [INFO] 🕒 CRON START: Celebrity Scraper
[2026-03-20T12:28:00.084Z] [INFO] Processing Bollywood celebrities...
[2026-03-20T12:28:00.099Z] [INFO] 💓 Heartbeat: Scheduler is active.
[2026-03-20T12:28:05.413Z] [INFO] ✅ CRON SUCCESS: Celebrity Scraper (Bollywood) - Successfully synced 5 new celebrities for Bollywood
[2026-03-20T12:28:05.414Z] [INFO] Processing Hollywood celebrities...
[2026-03-20T12:28:10.849Z] [INFO] ✅ CRON SUCCESS: Celebrity Scraper (Hollywood) - Successfully synced 5 new celebrities for Hollywood
[2026-03-20T12:28:18.961Z] [INFO] ✅ CRON SUCCESS: Daily Sync - Daily sync completed. Total new movies: 3
[2026-03-20T12:28:18.963Z] [INFO] 🏁 [SCHEDULED RUN] Automation cycle completed.
[2026-03-20T12:29:00.061Z] [INFO] 💓 Heartbeat: Scheduler is active.
[2026-03-20T12:30:00.062Z] [INFO] 🕒 [SCHEDULED RUN] Starting automation cycle (*/2 * * * *)...
[2026-03-20T12:30:00.064Z] [INFO] 🕒 CRON START: Comprehensive Daily Sync
[2026-03-20T12:30:00.067Z] [INFO] 🕒 CRON START: Celebrity Scraper
[2026-03-20T12:30:00.068Z] [INFO] Processing Bollywood celebrities...
[2026-03-20T12:30:00.074Z] [INFO] 💓 Heartbeat: Scheduler is active.
[2026-03-20T12:30:05.108Z] [INFO] ✅ CRON SUCCESS: Celebrity Scraper (Bollywood) - Successfully synced 5 new celebrities for Bollywood
[2026-03-20T12:30:05.110Z] [INFO] Processing Hollywood celebrities...
[2026-03-20T12:30:10.854Z] [INFO] ✅ CRON SUCCESS: Celebrity Scraper (Hollywood) - Successfully synced 5 new celebrities for Hollywood
[2026-03-20T12:30:20.097Z] [INFO] ✅ CRON SUCCESS: Daily Sync - Daily sync completed. Total new movies: 3
[2026-03-20T12:30:20.098Z] [INFO] 🏁 [SCHEDULED RUN] Automation cycle completed.
[2026-03-20T12:31:00.035Z] [INFO] 💓 Heartbeat: Scheduler is active.
[2026-03-20T12:32:00.083Z] [INFO] 🕒 [SCHEDULED RUN] Starting automation cycle (*/2 * * * *)...
[2026-03-20T12:32:00.086Z] [INFO] 🕒 CRON START: Comprehensive Daily Sync
[2026-03-20T12:32:00.089Z] [INFO] 🕒 CRON START: Celebrity Scraper
[2026-03-20T12:32:00.091Z] [INFO] Processing Bollywood celebrities...
[2026-03-20T12:32:00.098Z] [INFO] 💓 Heartbeat: Scheduler is active.
[2026-03-20T12:32:05.628Z] [INFO] ✅ CRON SUCCESS: Celebrity Scraper (Bollywood) - Successfully synced 5 new celebrities for Bollywood
[2026-03-20T12:32:05.630Z] [INFO] Processing Hollywood celebrities...
[2026-03-20T12:32:12.527Z] [INFO] ✅ CRON SUCCESS: Celebrity Scraper (Hollywood) - Successfully synced 5 new celebrities for Hollywood
[2026-03-20T12:32:19.527Z] [INFO] ✅ CRON SUCCESS: Daily Sync - Daily sync completed. Total new movies: 3
[2026-03-20T12:32:19.529Z] [INFO] 🏁 [SCHEDULED RUN] Automation cycle completed.
[2026-03-20T12:33:00.055Z] [INFO] 💓 Heartbeat: Scheduler is active.
[2026-03-20T12:34:00.064Z] [INFO] 🕒 [SCHEDULED RUN] Starting automation cycle (*/2 * * * *)...
[2026-03-20T12:34:00.067Z] [INFO] 🕒 CRON START: Comprehensive Daily Sync
[2026-03-20T12:34:00.070Z] [INFO] 🕒 CRON START: Celebrity Scraper
[2026-03-20T12:34:00.073Z] [INFO] Processing Bollywood celebrities...
[2026-03-20T12:34:00.087Z] [INFO] 💓 Heartbeat: Scheduler is active.
[2026-03-20T12:34:05.962Z] [INFO] ✅ CRON SUCCESS: Celebrity Scraper (Bollywood) - Successfully synced 5 new celebrities for Bollywood
[2026-03-20T12:34:05.963Z] [INFO] Processing Hollywood celebrities...
[2026-03-20T12:34:12.091Z] [INFO] ✅ CRON SUCCESS: Celebrity Scraper (Hollywood) - Successfully synced 5 new celebrities for Hollywood
[2026-03-20T12:34:22.595Z] [INFO] ✅ CRON SUCCESS: Daily Sync - Daily sync completed. Total new movies: 3
[2026-03-20T12:34:22.597Z] [INFO] 🏁 [SCHEDULED RUN] Automation cycle completed.
[2026-03-20T12:35:00.047Z] [INFO] 💓 Heartbeat: Scheduler is active.
[2026-03-20T12:36:00.062Z] [INFO] 🕒 [SCHEDULED RUN] Starting automation cycle (*/2 * * * *)...
[2026-03-20T12:36:00.065Z] [INFO] 🕒 CRON START: Comprehensive Daily Sync
[2026-03-20T12:36:00.068Z] [INFO] 🕒 CRON START: Celebrity Scraper
[2026-03-20T12:36:00.072Z] [INFO] Processing Bollywood celebrities...
[2026-03-20T12:36:00.087Z] [INFO] 💓 Heartbeat: Scheduler is active.
[2026-03-20T12:36:05.184Z] [INFO] ✅ CRON SUCCESS: Celebrity Scraper (Bollywood) - Successfully synced 5 new celebrities for Bollywood
[2026-03-20T12:36:05.186Z] [INFO] Processing Hollywood celebrities...
[2026-03-20T12:36:11.017Z] [INFO] ✅ CRON SUCCESS: Celebrity Scraper (Hollywood) - Successfully synced 5 new celebrities for Hollywood
[2026-03-20T12:36:21.257Z] [INFO] ✅ CRON SUCCESS: Daily Sync - Daily sync completed. Total new movies: 3
[2026-03-20T12:36:21.259Z] [INFO] 🏁 [SCHEDULED RUN] Automation cycle completed.
[2026-03-20T12:37:00.033Z] [INFO] 💓 Heartbeat: Scheduler is active.
[2026-03-20T12:38:00.043Z] [INFO] 🕒 [SCHEDULED RUN] Starting automation cycle (*/2 * * * *)...
[2026-03-20T12:38:00.045Z] [INFO] 🕒 CRON START: Comprehensive Daily Sync
[2026-03-20T12:38:00.049Z] [INFO] 🕒 CRON START: Celebrity Scraper
[2026-03-20T12:38:00.050Z] [INFO] Processing Bollywood celebrities...
[2026-03-20T12:38:00.060Z] [INFO] 💓 Heartbeat: Scheduler is active.
[2026-03-20T12:38:06.264Z] [INFO] ✅ CRON SUCCESS: Celebrity Scraper (Bollywood) - Successfully synced 5 new celebrities for Bollywood
[2026-03-20T12:38:06.266Z] [INFO] Processing Hollywood celebrities...
[2026-03-20T12:38:11.231Z] [INFO] ✅ CRON SUCCESS: Celebrity Scraper (Hollywood) - Successfully synced 5 new celebrities for Hollywood
[2026-03-20T12:38:18.661Z] [INFO] ✅ CRON SUCCESS: Daily Sync - Daily sync completed. Total new movies: 3
[2026-03-20T12:38:18.663Z] [INFO] 🏁 [SCHEDULED RUN] Automation cycle completed.
[2026-03-20T12:39:00.034Z] [INFO] 💓 Heartbeat: Scheduler is active.
[2026-03-20T12:40:00.036Z] [INFO] 🕒 [SCHEDULED RUN] Starting automation cycle (*/2 * * * *)...
[2026-03-20T12:40:00.038Z] [INFO] 🕒 CRON START: Comprehensive Daily Sync
[2026-03-20T12:40:00.041Z] [INFO] 🕒 CRON START: Celebrity Scraper
[2026-03-20T12:40:00.042Z] [INFO] Processing Bollywood celebrities...
[2026-03-20T12:40:00.048Z] [INFO] 💓 Heartbeat: Scheduler is active.
[2026-03-20T12:40:05.383Z] [INFO] ✅ CRON SUCCESS: Celebrity Scraper (Bollywood) - Successfully synced 5 new celebrities for Bollywood
[2026-03-20T12:40:05.385Z] [INFO] Processing Hollywood celebrities...
[2026-03-20T12:40:11.582Z] [INFO] ✅ CRON SUCCESS: Celebrity Scraper (Hollywood) - Successfully synced 5 new celebrities for Hollywood
[2026-03-20T12:40:19.355Z] [INFO] ✅ CRON SUCCESS: Daily Sync - Daily sync completed. Total new movies: 3
[2026-03-20T12:40:19.357Z] [INFO] 🏁 [SCHEDULED RUN] Automation cycle completed.
[2026-03-20T12:41:00.032Z] [INFO] 💓 Heartbeat: Scheduler is active.
[2026-03-20T12:42:00.077Z] [INFO] 🕒 [SCHEDULED RUN] Starting automation cycle (*/2 * * * *)...
[2026-03-20T12:42:00.080Z] [INFO] 🕒 CRON START: Comprehensive Daily Sync
[2026-03-20T12:42:00.083Z] [INFO] 🕒 CRON START: Celebrity Scraper
[2026-03-20T12:42:00.085Z] [INFO] Processing Bollywood celebrities...
[2026-03-20T12:42:00.091Z] [INFO] 💓 Heartbeat: Scheduler is active.
[2026-03-20T12:42:05.396Z] [INFO] ✅ CRON SUCCESS: Celebrity Scraper (Bollywood) - Successfully synced 5 new celebrities for Bollywood
[2026-03-20T12:42:05.398Z] [INFO] Processing Hollywood celebrities...
[2026-03-20T12:42:10.625Z] [INFO] ✅ CRON SUCCESS: Celebrity Scraper (Hollywood) - Successfully synced 5 new celebrities for Hollywood
[2026-03-20T12:42:18.215Z] [INFO] ✅ CRON SUCCESS: Daily Sync - Daily sync completed. Total new movies: 3
[2026-03-20T12:42:18.217Z] [INFO] 🏁 [SCHEDULED RUN] Automation cycle completed.
[2026-03-20T12:43:00.047Z] [INFO] 💓 Heartbeat: Scheduler is active.
[2026-03-20T12:44:00.105Z] [INFO] 🕒 [SCHEDULED RUN] Starting automation cycle (*/2 * * * *)...
[2026-03-20T12:44:00.110Z] [INFO] 🕒 CRON START: Comprehensive Daily Sync
[2026-03-20T12:44:00.154Z] [INFO] 🕒 CRON START: Celebrity Scraper
[2026-03-20T12:44:00.156Z] [INFO] Processing Bollywood celebrities...
[2026-03-20T12:44:00.167Z] [INFO] 💓 Heartbeat: Scheduler is active.
[2026-03-20T12:44:05.287Z] [INFO] ✅ CRON SUCCESS: Celebrity Scraper (Bollywood) - Successfully synced 5 new celebrities for Bollywood
[2026-03-20T12:44:05.289Z] [INFO] Processing Hollywood celebrities...
[2026-03-20T12:44:11.727Z] [INFO] ✅ CRON SUCCESS: Celebrity Scraper (Hollywood) - Successfully synced 5 new celebrities for Hollywood
[2026-03-20T12:44:19.730Z] [INFO] ✅ CRON SUCCESS: Daily Sync - Daily sync completed. Total new movies: 3
[2026-03-20T12:44:19.731Z] [INFO] 🏁 [SCHEDULED RUN] Automation cycle completed.
[2026-03-20T12:45:00.033Z] [INFO] 💓 Heartbeat: Scheduler is active.
[2026-03-20T12:46:00.061Z] [INFO] 💓 Heartbeat: Scheduler is active.
[2026-03-20T12:46:00.066Z] [INFO] 🕒 [SCHEDULED RUN] Starting automation cycle (*/2 * * * *)...
[2026-03-20T12:46:00.068Z] [INFO] 🕒 CRON START: Comprehensive Daily Sync
[2026-03-20T12:46:00.073Z] [INFO] 🕒 CRON START: Celebrity Scraper
[2026-03-20T12:46:00.075Z] [INFO] Processing Bollywood celebrities...
[2026-03-20T12:46:05.425Z] [INFO] ✅ CRON SUCCESS: Celebrity Scraper (Bollywood) - Successfully synced 5 new celebrities for Bollywood
[2026-03-20T12:46:05.428Z] [INFO] Processing Hollywood celebrities...
[2026-03-20T12:46:10.482Z] [INFO] ✅ CRON SUCCESS: Celebrity Scraper (Hollywood) - Successfully synced 5 new celebrities for Hollywood
[2026-03-20T12:46:21.676Z] [INFO] ✅ CRON SUCCESS: Daily Sync - Daily sync completed. Total new movies: 3
[2026-03-20T12:46:21.677Z] [INFO] 🏁 [SCHEDULED RUN] Automation cycle completed.
[2026-03-20T12:46:24.398Z] [INFO] Received kill signal, shutting down gracefully...
[2026-03-25T04:45:56.540Z] [INFO] Cron job scheduler background service initiated (Target: http://localhost:3000).
[2026-03-25T04:45:56.545Z] [INFO] Log file location: C:\Users\jnj\Desktop\DigLip7\filmy\film\scheduler.log
[2026-03-25T04:45:56.772Z] [INFO] 🚀 Executing initial automation run...
[2026-03-25T04:45:56.775Z] [INFO] Waiting for Next.js server at http://localhost:3000 to be ready...
[2026-03-25T04:45:56.850Z] [INFO] All cron schedules active. Automation interval: */30 * * * *
[2026-03-25T04:45:56.865Z] [INFO] Next.js server not ready yet (attempt 1/20)...
[2026-03-25T04:46:03.841Z] [INFO] ✅ Next.js server is ready. Starting automation.
[2026-03-25T04:46:03.843Z] [INFO] 🕒 CRON START: Comprehensive Daily Sync
[2026-03-25T04:46:03.847Z] [INFO] 🕒 CRON START: Celebrity Scraper
[2026-03-25T04:46:03.849Z] [INFO] Processing Bollywood celebrities...
[2026-03-25T04:46:16.991Z] [INFO] ✅ CRON SUCCESS: Celebrity Scraper (Bollywood) - Successfully synced 5 new celebrities for Bollywood
[2026-03-25T04:46:16.994Z] [INFO] Processing Hollywood celebrities...
[2026-03-25T04:46:32.264Z] [INFO] ✅ CRON SUCCESS: Celebrity Scraper (Hollywood) - Successfully synced 5 new celebrities for Hollywood
[2026-03-25T04:46:42.435Z] [INFO] ✅ CRON SUCCESS: Daily Sync - Daily sync completed. Total new movies: 5
[2026-03-25T04:50:00.105Z] [INFO] 💓 Heartbeat: Scheduler is active.
[2026-03-25T05:00:00.171Z] [INFO] 💓 Heartbeat: Scheduler is active.
[2026-03-25T05:00:00.194Z] [INFO] 🕒 [SCHEDULED RUN] Starting automation cycle (*/30 * * * *)...
[2026-03-25T05:00:00.195Z] [INFO] 🕒 CRON START: Comprehensive Daily Sync
[2026-03-25T05:00:00.241Z] [INFO] 🕒 CRON START: Celebrity Scraper
[2026-03-25T05:00:00.242Z] [INFO] Processing Bollywood celebrities...
[2026-03-25T05:00:06.023Z] [INFO] ✅ CRON SUCCESS: Celebrity Scraper (Bollywood) - Successfully synced 5 new celebrities for Bollywood
[2026-03-25T05:00:06.024Z] [INFO] Processing Hollywood celebrities...
[2026-03-25T05:00:12.369Z] [INFO] ✅ CRON SUCCESS: Celebrity Scraper (Hollywood) - Successfully synced 5 new celebrities for Hollywood
[2026-03-25T05:00:28.894Z] [INFO] ✅ CRON SUCCESS: Daily Sync - Daily sync completed. Total new movies: 5
[2026-03-25T05:00:28.895Z] [INFO] 🏁 [SCHEDULED RUN] Automation cycle completed.
[2026-03-25T05:10:00.224Z] [INFO] 💓 Heartbeat: Scheduler is active.
[2026-03-25T05:20:00.159Z] [INFO] 💓 Heartbeat: Scheduler is active.
[2026-03-25T05:30:00.451Z] [INFO] 🕒 [SCHEDULED RUN] Starting automation cycle (*/30 * * * *)...
[2026-03-25T05:30:00.481Z] [INFO] 🕒 CRON START: Comprehensive Daily Sync
[2026-03-25T05:30:00.608Z] [INFO] 🕒 CRON START: Celebrity Scraper
[2026-03-25T05:30:00.618Z] [INFO] Processing Bollywood celebrities...
[2026-03-25T05:30:00.667Z] [INFO] 💓 Heartbeat: Scheduler is active.
[2026-03-25T05:30:10.632Z] [INFO] ✅ CRON SUCCESS: Celebrity Scraper (Bollywood) - Successfully synced 5 new celebrities for Bollywood
[2026-03-25T05:30:10.640Z] [INFO] Processing Hollywood celebrities...
[2026-03-25T05:30:16.968Z] [INFO] ✅ CRON SUCCESS: Celebrity Scraper (Hollywood) - Successfully synced 5 new celebrities for Hollywood
[2026-03-25T05:30:39.099Z] [INFO] ✅ CRON SUCCESS: Daily Sync - Daily sync completed. Total new movies: 5
[2026-03-25T05:30:39.148Z] [INFO] 🏁 [SCHEDULED RUN] Automation cycle completed.
[2026-03-25T05:39:04.485Z] [INFO] Received kill signal, shutting down gracefully...
[2026-03-25T05:39:16.151Z] [INFO] Cron job scheduler background service initiated (Target: http://localhost:3000).
[2026-03-25T05:39:16.155Z] [INFO] Log file location: C:\Users\jnj\Desktop\DigLip7\filmy\film\scheduler.log
[2026-03-25T05:39:16.442Z] [INFO] 🚀 Executing initial automation run...
[2026-03-25T05:39:16.445Z] [INFO] Waiting for Next.js server at http://localhost:3000 to be ready...
[2026-03-25T05:39:16.528Z] [INFO] All cron schedules active. Automation interval: */30 * * * *
[2026-03-25T05:39:16.564Z] [INFO] Next.js server not ready yet (attempt 1/20)...
[2026-03-25T05:39:23.602Z] [INFO] Next.js server not ready yet (attempt 2/20)...
[2026-03-25T05:39:28.843Z] [INFO] ✅ Next.js server is ready. Starting automation.
[2026-03-25T05:39:28.846Z] [INFO] 🕒 CRON START: Comprehensive Daily Sync
[2026-03-25T05:39:28.855Z] [INFO] 🕒 CRON START: Celebrity Scraper
[2026-03-25T05:39:28.858Z] [INFO] Processing Bollywood celebrities...
[2026-03-25T05:39:44.303Z] [INFO] ✅ CRON SUCCESS: Celebrity Scraper (Bollywood) - Successfully synced 5 new celebrities for Bollywood
[2026-03-25T05:39:44.306Z] [INFO] Processing Hollywood celebrities...
[2026-03-25T05:40:00.462Z] [INFO] ✅ CRON SUCCESS: Celebrity Scraper (Hollywood) - Successfully synced 5 new celebrities for Hollywood
[2026-03-25T05:40:00.477Z] [INFO] 💓 Heartbeat: Scheduler is active.
[2026-03-25T05:40:04.210Z] [INFO] ✅ CRON SUCCESS: Daily Sync - Daily sync completed. Total new movies: 2
[2026-03-25T05:50:00.166Z] [INFO] 💓 Heartbeat: Scheduler is active.
[2026-03-25T06:00:00.231Z] [INFO] 💓 Heartbeat: Scheduler is active.
[2026-03-25T06:00:00.289Z] [INFO] 🕒 [SCHEDULED RUN] Starting automation cycle (*/30 * * * *)...
[2026-03-25T06:00:00.294Z] [INFO] 🕒 CRON START: Comprehensive Daily Sync
[2026-03-25T06:00:00.378Z] [INFO] 🕒 CRON START: Celebrity Scraper
[2026-03-25T06:00:00.382Z] [INFO] Processing Bollywood celebrities...
[2026-03-25T06:00:10.595Z] [INFO] ✅ CRON SUCCESS: Celebrity Scraper (Bollywood) - Successfully synced 5 new celebrities for Bollywood
[2026-03-25T06:00:10.608Z] [INFO] Processing Hollywood celebrities...
[2026-03-25T06:00:17.755Z] [INFO] ✅ CRON SUCCESS: Celebrity Scraper (Hollywood) - Successfully synced 5 new celebrities for Hollywood
[2026-03-25T06:00:22.138Z] [INFO] ✅ CRON SUCCESS: Daily Sync - Daily sync completed. Total new movies: 2
[2026-03-25T06:00:22.140Z] [INFO] 🏁 [SCHEDULED RUN] Automation cycle completed.
[2026-03-25T06:01:41.450Z] [INFO] Received kill signal, shutting down gracefully...
[2026-03-25T06:01:54.070Z] [INFO] Cron job scheduler background service initiated (Target: http://localhost:3000).
[2026-03-25T06:01:54.075Z] [INFO] Log file location: C:\Users\jnj\Desktop\DigLip7\filmy\film\scheduler.log
[2026-03-25T06:01:54.352Z] [INFO] 🚀 Executing initial automation run...
[2026-03-25T06:01:54.354Z] [INFO] Waiting for Next.js server at http://localhost:3000 to be ready...
[2026-03-25T06:01:54.448Z] [INFO] All cron schedules active. Automation interval: 0 * * * *
[2026-03-25T06:01:54.496Z] [INFO] Next.js server not ready yet (attempt 1/20)...
[2026-03-25T06:02:01.531Z] [INFO] Next.js server not ready yet (attempt 2/20)...
[2026-03-25T06:02:06.928Z] [INFO] ✅ Next.js server is ready. Starting automation.
[2026-03-25T06:02:06.930Z] [INFO] 🕒 CRON START: Comprehensive Daily Sync
[2026-03-25T06:02:06.935Z] [INFO] 🕒 CRON START: Celebrity Scraper
[2026-03-25T06:02:48.710Z] [INFO] ✅ CRON SUCCESS: Daily Sync - Daily sync completed. Total new movies: 2
[2026-03-25T06:04:06.971Z] [ERROR] ❌ CRON FATAL (Celebrity): network timeout at: http://localhost:3000/api/admin/automation/scrape-celebrity
[2026-03-25T06:15:00.358Z] [INFO] 💓 Heartbeat: Scheduler is active.
[2026-03-25T06:17:26.759Z] [INFO] Received kill signal, shutting down gracefully...
[2026-03-25T06:17:37.758Z] [INFO] Cron job scheduler background service initiated (Target: http://localhost:3000).
[2026-03-25T06:17:37.763Z] [INFO] Log file location: C:\Users\jnj\Desktop\DigLip7\filmy\film\scheduler.log
[2026-03-25T06:17:38.034Z] [INFO] 🚀 Executing initial automation run...
[2026-03-25T06:17:38.037Z] [INFO] Waiting for Next.js server at http://localhost:3000 to be ready...
[2026-03-25T06:17:38.125Z] [INFO] All cron schedules active. Automation interval: 0 * * * *
[2026-03-25T06:17:38.163Z] [INFO] Next.js server not ready yet (attempt 1/20)...
[2026-03-25T06:17:45.200Z] [INFO] Next.js server not ready yet (attempt 2/20)...
[2026-03-25T06:17:50.841Z] [INFO] ✅ Next.js server is ready. Starting automation.
[2026-03-25T06:17:50.847Z] [INFO] 🕒 CRON START: Comprehensive Daily Sync
[2026-03-25T06:17:50.857Z] [INFO] 🕒 CRON START: Celebrity Scraper
[2026-03-25T06:18:11.838Z] [INFO] ✅ CRON SUCCESS: Bollywood Celebrity Scraper - Successfully synced 5 new celebrities for Bollywood
[2026-03-25T06:18:18.953Z] [INFO] ✅ CRON SUCCESS: Hollywood Celebrity Scraper - Successfully synced 5 new celebrities for Hollywood
[2026-03-25T06:18:22.688Z] [INFO] ✅ CRON SUCCESS: Daily Sync - Daily sync completed. Total new movies: 2
[2026-03-25T06:30:00.553Z] [INFO] 💓 Heartbeat: Scheduler is active.
[2026-03-25T06:30:00.649Z] [INFO] 🕒 [SCHEDULED RUN] Starting automation cycle (0 * * * *)...
[2026-03-25T06:30:00.652Z] [INFO] 🕒 CRON START: Comprehensive Daily Sync
[2026-03-25T06:30:00.782Z] [INFO] 🕒 CRON START: Celebrity Scraper
[2026-03-25T06:30:10.610Z] [INFO] ✅ CRON SUCCESS: Bollywood Celebrity Scraper - Successfully synced 5 new celebrities for Bollywood
[2026-03-25T06:30:25.863Z] [INFO] ✅ CRON SUCCESS: Daily Sync - Daily sync completed. Total new movies: 2
[2026-03-25T06:30:31.610Z] [INFO] ✅ CRON SUCCESS: Hollywood Celebrity Scraper - Successfully synced 5 new celebrities for Hollywood
[2026-03-25T06:30:31.615Z] [INFO] 🏁 [SCHEDULED RUN] Automation cycle completed.
[2026-03-25T06:45:00.241Z] [INFO] 💓 Heartbeat: Scheduler is active.
[2026-03-25T07:00:00.319Z] [INFO] 💓 Heartbeat: Scheduler is active.
[2026-03-25T07:15:00.214Z] [INFO] 💓 Heartbeat: Scheduler is active.
[2026-03-25T07:30:00.211Z] [INFO] 🕒 [SCHEDULED RUN] Starting automation cycle (0 * * * *)...
[2026-03-25T07:30:00.229Z] [INFO] 🕒 CRON START: Comprehensive Daily Sync
[2026-03-25T07:30:00.269Z] [INFO] 🕒 CRON START: Celebrity Scraper
[2026-03-25T07:30:00.286Z] [INFO] 💓 Heartbeat: Scheduler is active.
[2026-03-25T07:30:05.637Z] [INFO] ✅ CRON SUCCESS: Bollywood Celebrity Scraper - Successfully synced 5 new celebrities for Bollywood
[2026-03-25T07:30:12.219Z] [INFO] ✅ CRON SUCCESS: Hollywood Celebrity Scraper - Successfully synced 5 new celebrities for Hollywood
[2026-03-25T07:30:49.692Z] [INFO] ✅ CRON SUCCESS: Daily Sync - Daily sync completed. Total new movies: 2
[2026-03-25T07:30:49.694Z] [INFO] 🏁 [SCHEDULED RUN] Automation cycle completed.
[2026-03-25T07:45:00.182Z] [INFO] 💓 Heartbeat: Scheduler is active.
[2026-03-25T08:00:00.203Z] [INFO] 💓 Heartbeat: Scheduler is active.
[2026-03-25T08:15:00.207Z] [INFO] 💓 Heartbeat: Scheduler is active.
[2026-03-25T08:24:57.464Z] [INFO] Received kill signal, shutting down gracefully...
[2026-03-25T08:25:05.877Z] [INFO] Cron job scheduler background service initiated (Target: http://localhost:3000).
[2026-03-25T08:25:05.880Z] [INFO] Log file location: C:\Users\jnj\Desktop\DigLip7\filmy\film\scheduler.log
[2026-03-25T08:25:06.051Z] [INFO] 🚀 Executing initial automation run...
[2026-03-25T08:25:06.053Z] [INFO] Waiting for Next.js server at http://localhost:3000 to be ready...
[2026-03-25T08:25:06.102Z] [INFO] All cron schedules active. Automation interval: 0 * * * *
[2026-03-25T08:25:06.122Z] [INFO] Next.js server not ready yet (attempt 1/20)...
[2026-03-25T08:25:13.165Z] [INFO] Next.js server not ready yet (attempt 2/20)...
[2026-03-25T08:25:18.413Z] [INFO] ✅ Next.js server is ready. Starting automation.
[2026-03-25T08:25:18.417Z] [INFO] 🕒 CRON START: Comprehensive Daily Sync
[2026-03-25T08:25:18.424Z] [INFO] 🕒 CRON START: Celebrity Scraper
[2026-03-25T08:25:42.828Z] [INFO] ✅ CRON SUCCESS: Daily Sync - Daily sync completed. Total new movies: 2
[2026-03-25T08:27:18.492Z] [ERROR] ❌ CRON FATAL (Celebrity): network timeout at: http://localhost:3000/api/admin/automation/scrape-celebrity
[2026-03-25T08:30:00.245Z] [INFO] 🕒 [SCHEDULED RUN] Starting automation cycle (0 * * * *)...
[2026-03-25T08:30:00.259Z] [INFO] 🕒 CRON START: Comprehensive Daily Sync
[2026-03-25T08:30:00.309Z] [INFO] 🕒 CRON START: Celebrity Scraper
[2026-03-25T08:30:00.328Z] [INFO] 💓 Heartbeat: Scheduler is active.
[2026-03-25T08:30:10.194Z] [INFO] ✅ CRON SUCCESS: Daily Sync - Daily sync completed. Total new movies: 2
[2026-03-25T09:30:49.304Z] [ERROR] ❌ CRON FATAL (Celebrity): network timeout at: http://localhost:3000/api/admin/automation/scrape-celebrity
[2026-03-25T09:30:49.499Z] [INFO] 🏁 [SCHEDULED RUN] Automation cycle completed.
[2026-03-25T09:45:00.212Z] [INFO] 💓 Heartbeat: Scheduler is active.
[2026-03-25T10:00:00.177Z] [INFO] 💓 Heartbeat: Scheduler is active.
[2026-03-25T10:15:00.168Z] [INFO] 💓 Heartbeat: Scheduler is active.
[2026-03-25T10:30:00.256Z] [INFO] 🕒 [SCHEDULED RUN] Starting automation cycle (0 * * * *)...
[2026-03-25T10:30:00.273Z] [INFO] 🕒 CRON START: Comprehensive Daily Sync
[2026-03-25T10:30:00.375Z] [INFO] 🕒 CRON START: Celebrity Scraper
[2026-03-25T10:30:00.415Z] [INFO] 💓 Heartbeat: Scheduler is active.
[2026-03-25T10:30:10.228Z] [INFO] ✅ CRON SUCCESS: Daily Sync - Daily sync completed. Total new movies: 2
[2026-03-25T10:32:00.447Z] [ERROR] ❌ CRON FATAL (Celebrity): network timeout at: http://localhost:3000/api/admin/automation/scrape-celebrity
[2026-03-25T10:32:00.469Z] [INFO] 🏁 [SCHEDULED RUN] Automation cycle completed.
[2026-03-25T10:45:00.307Z] [INFO] 💓 Heartbeat: Scheduler is active.
[2026-03-25T11:00:00.237Z] [INFO] 💓 Heartbeat: Scheduler is active.
[2026-03-25T11:03:43.525Z] [INFO] Received kill signal, shutting down gracefully...
[2026-03-25T11:03:53.741Z] [INFO] Cron job scheduler background service initiated (Target: http://localhost:3000).
[2026-03-25T11:03:53.746Z] [INFO] Log file location: C:\Users\jnj\Desktop\DigLip7\filmy\film\scheduler.log
[2026-03-25T11:03:54.125Z] [INFO] 🚀 Executing initial automation run...
[2026-03-25T11:03:54.128Z] [INFO] Waiting for Next.js server at http://localhost:3000 to be ready...
[2026-03-25T11:03:54.225Z] [INFO] All cron schedules active. Automation interval: 0 * * * *
[2026-03-25T11:03:54.267Z] [INFO] Next.js server not ready yet (attempt 1/20)...
[2026-03-25T11:04:01.340Z] [INFO] Next.js server not ready yet (attempt 2/20)...
[2026-03-25T11:04:06.695Z] [INFO] ✅ Next.js server is ready. Starting automation.
[2026-03-25T11:04:06.705Z] [INFO] 🕒 CRON START: Comprehensive Daily Sync
[2026-03-25T11:04:06.724Z] [INFO] 🕒 CRON START: Celebrity Scraper
[2026-03-25T11:04:29.818Z] [INFO] ✅ CRON SUCCESS: Daily Sync - Daily sync completed. Total new movies: 2
[2026-03-25T11:06:06.776Z] [ERROR] ❌ CRON FATAL (Celebrity): network timeout at: http://localhost:3000/api/admin/automation/scrape-celebrity
[2026-03-25T11:15:00.218Z] [INFO] 💓 Heartbeat: Scheduler is active.
[2026-03-25T11:16:02.624Z] [INFO] Received kill signal, shutting down gracefully...
[2026-03-25T11:16:10.178Z] [INFO] Cron job scheduler background service initiated (Target: http://localhost:3000).
[2026-03-25T11:16:10.181Z] [INFO] Log file location: C:\Users\jnj\Desktop\DigLip7\filmy\film\scheduler.log
[2026-03-25T11:16:10.415Z] [INFO] 🚀 Executing initial automation run...
[2026-03-25T11:16:10.418Z] [INFO] Waiting for Next.js server at http://localhost:3000 to be ready...
[2026-03-25T11:16:10.504Z] [INFO] All cron schedules active. Automation interval: 0 * * * *
[2026-03-25T11:16:10.531Z] [INFO] Next.js server not ready yet (attempt 1/20)...
[2026-03-25T11:16:17.568Z] [INFO] Next.js server not ready yet (attempt 2/20)...
[2026-03-25T11:16:22.734Z] [INFO] ✅ Next.js server is ready. Starting automation.
[2026-03-25T11:16:22.737Z] [INFO] 🕒 CRON START: Comprehensive Daily Sync
[2026-03-25T11:16:22.742Z] [INFO] 🕒 CRON START: Celebrity Scraper
[2026-03-25T11:16:46.679Z] [INFO] ✅ CRON SUCCESS: Daily Sync - Daily sync completed. Total new movies: 2
[2026-03-25T11:16:51.332Z] [INFO] ✅ CRON SUCCESS: Bollywood Celebrity Scraper - Successfully synced 20 new celebrities for Bollywood
[2026-03-25T11:17:18.508Z] [INFO] ✅ CRON SUCCESS: Hollywood Celebrity Scraper - Successfully synced 20 new celebrities for Hollywood
[2026-03-25T11:18:24.535Z] [INFO] Received kill signal, shutting down gracefully...
[2026-03-25T11:18:35.685Z] [INFO] Cron job scheduler background service initiated (Target: http://localhost:3000).
[2026-03-25T11:18:35.690Z] [INFO] Log file location: C:\Users\jnj\Desktop\DigLip7\filmy\film\scheduler.log
[2026-03-25T11:18:35.929Z] [INFO] 🚀 Executing initial automation run...
[2026-03-25T11:18:35.931Z] [INFO] Waiting for Next.js server at http://localhost:3000 to be ready...
[2026-03-25T11:18:36.007Z] [INFO] All cron schedules active. Automation interval: 0 * * * *
[2026-03-25T11:18:36.036Z] [INFO] Next.js server not ready yet (attempt 1/20)...
[2026-03-25T11:18:43.067Z] [INFO] Next.js server not ready yet (attempt 2/20)...
[2026-03-25T11:18:48.502Z] [INFO] ✅ Next.js server is ready. Starting automation.
[2026-03-25T11:18:48.507Z] [INFO] 🕒 CRON START: Comprehensive Daily Sync
[2026-03-25T11:18:48.514Z] [INFO] 🕒 CRON START: Celebrity Scraper
[2026-03-25T11:19:12.985Z] [INFO] ✅ CRON SUCCESS: Daily Sync - Daily sync completed. Total new movies: 2
[2026-03-25T11:19:17.756Z] [INFO] ✅ CRON SUCCESS: Bollywood Celebrity Scraper - Successfully synced 20 new celebrities for Bollywood
[2026-03-25T11:19:41.832Z] [INFO] ✅ CRON SUCCESS: Hollywood Celebrity Scraper - Successfully synced 20 new celebrities for Hollywood
[2026-03-25T11:23:27.059Z] [INFO] Received kill signal, shutting down gracefully...
[2026-03-25T11:23:33.870Z] [INFO] Cron job scheduler background service initiated (Target: http://localhost:3000).
[2026-03-25T11:23:33.874Z] [INFO] Log file location: C:\Users\jnj\Desktop\DigLip7\filmy\film\scheduler.log
[2026-03-25T11:23:34.098Z] [INFO] 🚀 Executing initial automation run...
[2026-03-25T11:23:34.101Z] [INFO] Waiting for Next.js server at http://localhost:3000 to be ready...
[2026-03-25T11:23:34.165Z] [INFO] All cron schedules active. Automation interval: 0 * * * *
[2026-03-25T11:23:34.193Z] [INFO] Next.js server not ready yet (attempt 1/20)...
[2026-03-25T11:23:41.206Z] [INFO] Next.js server not ready yet (attempt 2/20)...
[2026-03-25T11:23:46.493Z] [INFO] ✅ Next.js server is ready. Starting automation.
[2026-03-25T11:23:46.495Z] [INFO] 🕒 CRON START: Comprehensive Daily Sync
[2026-03-25T11:23:46.500Z] [INFO] 🕒 CRON START: Celebrity Scraper
[2026-03-25T11:24:13.755Z] [INFO] ✅ CRON SUCCESS: Daily Sync - Daily sync completed. Total new movies: 2
[2026-03-25T11:24:15.860Z] [INFO] ✅ CRON SUCCESS: Bollywood Celebrity Scraper - Successfully synced 20 new celebrities for Bollywood
[2026-03-25T11:24:34.451Z] [INFO] ✅ CRON SUCCESS: Hollywood Celebrity Scraper - Successfully synced 20 new celebrities for Hollywood
[2026-03-25T11:30:00.148Z] [INFO] 💓 Heartbeat: Scheduler is active.
[2026-03-25T11:30:00.156Z] [INFO] 🕒 [SCHEDULED RUN] Starting automation cycle (0 * * * *)...
[2026-03-25T11:30:00.159Z] [INFO] 🕒 CRON START: Comprehensive Daily Sync
[2026-03-25T11:30:00.178Z] [INFO] 🕒 CRON START: Celebrity Scraper
[2026-03-25T11:30:11.198Z] [INFO] ✅ CRON SUCCESS: Daily Sync - Daily sync completed. Total new movies: 2
[2026-03-25T11:30:15.419Z] [INFO] ✅ CRON SUCCESS: Bollywood Celebrity Scraper - Successfully synced 20 new celebrities for Bollywood
[2026-03-25T11:30:42.280Z] [INFO] ✅ CRON SUCCESS: Hollywood Celebrity Scraper - Successfully synced 20 new celebrities for Hollywood
[2026-03-25T11:30:42.289Z] [INFO] 🏁 [SCHEDULED RUN] Automation cycle completed.
[2026-03-25T11:45:00.247Z] [INFO] 💓 Heartbeat: Scheduler is active.
[2026-03-25T12:00:00.279Z] [INFO] 💓 Heartbeat: Scheduler is active.
[2026-03-25T12:15:00.226Z] [INFO] 💓 Heartbeat: Scheduler is active.
[2026-03-25T12:30:00.233Z] [INFO] 🕒 [SCHEDULED RUN] Starting automation cycle (0 * * * *)...
[2026-03-25T12:30:00.257Z] [INFO] 🕒 CRON START: Comprehensive Daily Sync
[2026-03-25T12:30:00.369Z] [INFO] 🕒 CRON START: Celebrity Scraper
[2026-03-25T12:30:00.423Z] [INFO] 💓 Heartbeat: Scheduler is active.
[2026-03-25T12:30:43.733Z] [INFO] ✅ CRON SUCCESS: Daily Sync - Daily sync completed. Total new movies: 3
[2026-03-25T12:30:47.035Z] [INFO] ✅ CRON SUCCESS: Bollywood Celebrity Scraper - Successfully synced 20 new celebrities for Bollywood
[2026-03-25T12:31:06.328Z] [INFO] ✅ CRON SUCCESS: Hollywood Celebrity Scraper - Successfully synced 20 new celebrities for Hollywood
[2026-03-25T12:31:06.330Z] [INFO] 🏁 [SCHEDULED RUN] Automation cycle completed.
[2026-03-25T12:45:00.158Z] [INFO] 💓 Heartbeat: Scheduler is active.
[2026-03-25T13:00:00.137Z] [INFO] 💓 Heartbeat: Scheduler is active.
[2026-03-25T13:15:00.277Z] [INFO] 💓 Heartbeat: Scheduler is active.
[2026-03-26T04:34:28.230Z] [INFO] Received kill signal, shutting down gracefully...
[2026-03-26T04:34:40.271Z] [INFO] Cron job scheduler background service initiated (Target: http://localhost:3000).
[2026-03-26T04:34:40.273Z] [INFO] Log file location: C:\Users\jnj\Desktop\DigLip7\filmy\film\scheduler.log
[2026-03-26T04:34:40.438Z] [INFO] 🚀 Executing initial automation run...
[2026-03-26T04:34:40.440Z] [INFO] Waiting for Next.js server at http://localhost:3000 to be ready...
[2026-03-26T04:34:40.483Z] [INFO] All cron schedules active. Automation interval: 0 * * * *
[2026-03-26T04:34:40.498Z] [INFO] Next.js server not ready yet (attempt 1/20)...
[2026-03-26T04:34:47.325Z] [INFO] ✅ Next.js server is ready. Starting automation.
[2026-03-26T04:34:47.327Z] [INFO] 🕒 CRON START: Comprehensive Daily Sync
[2026-03-26T04:34:47.334Z] [INFO] 🕒 CRON START: Celebrity Scraper
[2026-03-26T04:35:07.819Z] [INFO] ✅ CRON SUCCESS: Daily Sync - Daily sync completed. Total new movies: 2
[2026-03-26T04:35:24.647Z] [INFO] ✅ CRON SUCCESS: Bollywood Celebrity Scraper - Successfully synced 20 new celebrities for Bollywood
[2026-03-26T04:36:02.481Z] [INFO] ✅ CRON SUCCESS: Hollywood Celebrity Scraper - Successfully synced 20 new celebrities for Hollywood
[2026-03-26T04:45:00.163Z] [INFO] 💓 Heartbeat: Scheduler is active.
[2026-03-26T05:00:00.124Z] [INFO] 💓 Heartbeat: Scheduler is active.
[2026-03-26T05:15:00.148Z] [INFO] 💓 Heartbeat: Scheduler is active.
[2026-03-26T05:30:00.162Z] [INFO] 🕒 [SCHEDULED RUN] Starting automation cycle (0 * * * *)...
[2026-03-26T05:30:00.176Z] [INFO] 🕒 CRON START: Comprehensive Daily Sync
[2026-03-26T05:30:00.240Z] [INFO] 🕒 CRON START: Celebrity Scraper
[2026-03-26T05:30:00.255Z] [INFO] 💓 Heartbeat: Scheduler is active.
[2026-03-26T05:30:08.946Z] [INFO] ✅ CRON SUCCESS: Daily Sync - Daily sync completed. Total new movies: 2
[2026-03-26T05:30:26.154Z] [INFO] ✅ CRON SUCCESS: Bollywood Celebrity Scraper - Successfully synced 20 new celebrities for Bollywood
[2026-03-26T05:31:15.722Z] [INFO] ✅ CRON SUCCESS: Hollywood Celebrity Scraper - Successfully synced 20 new celebrities for Hollywood
[2026-03-26T05:31:15.728Z] [INFO] 🏁 [SCHEDULED RUN] Automation cycle completed.
[2026-03-26T05:45:00.165Z] [INFO] 💓 Heartbeat: Scheduler is active.
[2026-03-26T06:00:00.160Z] [INFO] 💓 Heartbeat: Scheduler is active.
[2026-03-26T06:15:00.320Z] [INFO] 💓 Heartbeat: Scheduler is active.
[2026-03-26T06:30:00.260Z] [INFO] 🕒 [SCHEDULED RUN] Starting automation cycle (0 * * * *)...
[2026-03-26T06:30:00.294Z] [INFO] 🕒 CRON START: Comprehensive Daily Sync
[2026-03-26T06:30:00.372Z] [INFO] 🕒 CRON START: Celebrity Scraper
[2026-03-26T06:30:00.391Z] [INFO] 💓 Heartbeat: Scheduler is active.
[2026-03-26T06:30:14.995Z] [INFO] ✅ CRON SUCCESS: Daily Sync - Daily sync completed. Total new movies: 2
[2026-03-26T06:30:23.612Z] [INFO] ✅ CRON SUCCESS: Bollywood Celebrity Scraper - Successfully synced 20 new celebrities for Bollywood
[2026-03-26T06:31:05.057Z] [INFO] ✅ CRON SUCCESS: Hollywood Celebrity Scraper - Successfully synced 20 new celebrities for Hollywood
[2026-03-26T06:31:05.096Z] [INFO] 🏁 [SCHEDULED RUN] Automation cycle completed.
[2026-03-26T06:45:00.355Z] [INFO] 💓 Heartbeat: Scheduler is active.
[2026-03-26T07:00:01.331Z] [INFO] 💓 Heartbeat: Scheduler is active.
[2026-03-26T07:15:00.772Z] [INFO] 💓 Heartbeat: Scheduler is active.
[2026-03-26T07:30:00.232Z] [INFO] 🕒 [SCHEDULED RUN] Starting automation cycle (0 * * * *)...
[2026-03-26T07:30:00.260Z] [INFO] 🕒 CRON START: Comprehensive Daily Sync
[2026-03-26T07:30:00.322Z] [INFO] 🕒 CRON START: Celebrity Scraper
[2026-03-26T07:30:00.353Z] [INFO] 💓 Heartbeat: Scheduler is active.
[2026-03-26T07:30:12.905Z] [INFO] ✅ CRON SUCCESS: Daily Sync - Daily sync completed. Total new movies: 3
[2026-03-26T07:30:18.878Z] [INFO] ✅ CRON SUCCESS: Bollywood Celebrity Scraper - Successfully synced 20 new celebrities for Bollywood
[2026-03-26T07:30:45.523Z] [INFO] ✅ CRON SUCCESS: Hollywood Celebrity Scraper - Successfully synced 20 new celebrities for Hollywood
[2026-03-26T07:30:45.529Z] [INFO] 🏁 [SCHEDULED RUN] Automation cycle completed.
[2026-03-26T07:45:00.198Z] [INFO] 💓 Heartbeat: Scheduler is active.
[2026-03-26T08:00:00.213Z] [INFO] 💓 Heartbeat: Scheduler is active.
[2026-03-26T08:15:00.305Z] [INFO] 💓 Heartbeat: Scheduler is active.
[2026-03-26T08:30:00.335Z] [INFO] 🕒 [SCHEDULED RUN] Starting automation cycle (0 * * * *)...
[2026-03-26T08:30:00.373Z] [INFO] 🕒 CRON START: Comprehensive Daily Sync
[2026-03-26T08:30:00.440Z] [INFO] 🕒 CRON START: Celebrity Scraper
[2026-03-26T08:30:00.494Z] [INFO] 💓 Heartbeat: Scheduler is active.
[2026-03-26T08:30:10.089Z] [INFO] ✅ CRON SUCCESS: Daily Sync - Daily sync completed. Total new movies: 2
[2026-03-26T08:30:16.897Z] [INFO] ✅ CRON SUCCESS: Bollywood Celebrity Scraper - Successfully synced 20 new celebrities for Bollywood
[2026-03-26T08:30:34.946Z] [INFO] ✅ CRON SUCCESS: Hollywood Celebrity Scraper - Successfully synced 20 new celebrities for Hollywood
[2026-03-26T08:30:34.949Z] [INFO] 🏁 [SCHEDULED RUN] Automation cycle completed.
[2026-03-26T09:45:00.137Z] [INFO] 💓 Heartbeat: Scheduler is active.
[2026-03-26T10:00:00.271Z] [INFO] 💓 Heartbeat: Scheduler is active.
[2026-03-26T10:15:00.287Z] [INFO] 💓 Heartbeat: Scheduler is active.
[2026-03-26T10:30:00.366Z] [INFO] 🕒 [SCHEDULED RUN] Starting automation cycle (0 * * * *)...
[2026-03-26T10:30:00.407Z] [INFO] 🕒 CRON START: Comprehensive Daily Sync
[2026-03-26T10:30:00.494Z] [INFO] 🕒 CRON START: Celebrity Scraper
[2026-03-26T10:30:00.515Z] [INFO] 💓 Heartbeat: Scheduler is active.
[2026-03-26T10:30:13.147Z] [INFO] ✅ CRON SUCCESS: Daily Sync - Daily sync completed. Total new movies: 3
[2026-03-26T10:30:21.850Z] [INFO] ✅ CRON SUCCESS: Bollywood Celebrity Scraper - Successfully synced 20 new celebrities for Bollywood
[2026-03-26T10:30:44.141Z] [INFO] ✅ CRON SUCCESS: Hollywood Celebrity Scraper - Successfully synced 20 new celebrities for Hollywood
[2026-03-26T10:30:44.146Z] [INFO] 🏁 [SCHEDULED RUN] Automation cycle completed.
[2026-03-26T10:45:00.198Z] [INFO] 💓 Heartbeat: Scheduler is active.
[2026-03-26T11:00:00.221Z] [INFO] 💓 Heartbeat: Scheduler is active.
[2026-03-26T11:15:00.247Z] [INFO] 💓 Heartbeat: Scheduler is active.
[2026-03-26T11:30:00.388Z] [INFO] 🕒 [SCHEDULED RUN] Starting automation cycle (0 * * * *)...
[2026-03-26T11:30:00.427Z] [INFO] 🕒 CRON START: Comprehensive Daily Sync
[2026-03-26T11:30:00.517Z] [INFO] 🕒 CRON START: Celebrity Scraper
[2026-03-26T11:30:00.538Z] [INFO] 💓 Heartbeat: Scheduler is active.
[2026-03-26T11:30:15.938Z] [INFO] ✅ CRON SUCCESS: Daily Sync - Daily sync completed. Total new movies: 2
[2026-03-26T11:30:21.070Z] [INFO] ✅ CRON SUCCESS: Bollywood Celebrity Scraper - Successfully synced 20 new celebrities for Bollywood
[2026-03-26T11:30:53.722Z] [INFO] ✅ CRON SUCCESS: Hollywood Celebrity Scraper - Successfully synced 20 new celebrities for Hollywood
[2026-03-26T11:30:53.735Z] [INFO] 🏁 [SCHEDULED RUN] Automation cycle completed.
[2026-03-26T11:45:00.306Z] [INFO] 💓 Heartbeat: Scheduler is active.
[2026-03-26T11:52:32.344Z] [INFO] Received kill signal, shutting down gracefully...
[2026-03-26T11:53:05.975Z] [INFO] Cron job scheduler background service initiated (Target: http://localhost:3000).
[2026-03-26T11:53:05.978Z] [INFO] Log file location: C:\Users\jnj\Desktop\DigLip7\filmy\film\scheduler.log
[2026-03-26T11:53:06.233Z] [INFO] 🚀 Executing initial automation run...
[2026-03-26T11:53:06.236Z] [INFO] Waiting for Next.js server at http://localhost:3000 to be ready...
[2026-03-26T11:53:06.305Z] [INFO] All cron schedules active. Automation interval: 0 * * * *
[2026-03-26T11:53:06.336Z] [INFO] Next.js server not ready yet (attempt 1/20)...
[2026-03-26T11:53:13.356Z] [INFO] Next.js server not ready yet (attempt 2/20)...
[2026-03-26T11:53:19.272Z] [INFO] ✅ Next.js server is ready. Starting automation.
[2026-03-26T11:53:19.274Z] [INFO] 🕒 CRON START: Comprehensive Daily Sync
[2026-03-26T11:53:19.279Z] [INFO] 🕒 CRON START: Celebrity Scraper
[2026-03-26T11:53:39.926Z] [INFO] ✅ CRON SUCCESS: Daily Sync - Daily sync completed. Total new movies: 2
[2026-03-26T11:53:46.382Z] [INFO] ✅ CRON SUCCESS: Bollywood Celebrity Scraper - Successfully synced 20 new celebrities for Bollywood
[2026-03-26T11:54:09.530Z] [INFO] ✅ CRON SUCCESS: Hollywood Celebrity Scraper - Successfully synced 20 new celebrities for Hollywood
[2026-03-26T12:30:00.319Z] [INFO] 🕒 [SCHEDULED RUN] Starting automation cycle (0 * * * *)...
[2026-03-26T12:30:00.332Z] [INFO] 🕒 CRON START: Comprehensive Daily Sync
[2026-03-26T12:30:00.365Z] [INFO] 🕒 CRON START: Celebrity Scraper
[2026-03-26T12:30:13.190Z] [INFO] ✅ CRON SUCCESS: Daily Sync - Daily sync completed. Total new movies: 2
[2026-03-26T12:30:20.491Z] [INFO] ✅ CRON SUCCESS: Bollywood Celebrity Scraper - Successfully synced 20 new celebrities for Bollywood
[2026-03-26T12:30:40.895Z] [INFO] ✅ CRON SUCCESS: Hollywood Celebrity Scraper - Successfully synced 20 new celebrities for Hollywood
[2026-03-26T12:30:40.899Z] [INFO] 🏁 [SCHEDULED RUN] Automation cycle completed.
[2026-03-26T13:30:00.206Z] [INFO] 🕒 [SCHEDULED RUN] Starting automation cycle (0 * * * *)...
[2026-03-26T13:30:00.215Z] [INFO] 🕒 CRON START: Comprehensive Daily Sync
[2026-03-26T13:30:00.256Z] [INFO] 🕒 CRON START: Celebrity Scraper
[2026-03-26T13:30:18.192Z] [INFO] ✅ CRON SUCCESS: Daily Sync - Daily sync completed. Total new movies: 3
[2026-03-26T13:30:23.334Z] [INFO] ✅ CRON SUCCESS: Bollywood Celebrity Scraper - Successfully synced 20 new celebrities for Bollywood
[2026-03-26T13:30:39.332Z] [INFO] Received kill signal, shutting down gracefully...
[2026-03-27T05:01:46.993Z] [INFO] Cron job scheduler background service initiated (Target: http://localhost:3000).
[2026-03-27T05:01:46.997Z] [INFO] Log file location: C:\Users\jnj\Desktop\DigLip7\filmy\film\scheduler.log
[2026-03-27T05:01:47.159Z] [INFO] 🚀 Executing initial automation run...
[2026-03-27T05:01:47.161Z] [INFO] Waiting for Next.js server at http://localhost:3000 to be ready...
[2026-03-27T05:01:47.210Z] [INFO] All cron schedules active. Automation interval: 0 * * * *
[2026-03-27T05:01:47.230Z] [INFO] Next.js server not ready yet (attempt 1/20)...
[2026-03-27T05:01:54.119Z] [INFO] ✅ Next.js server is ready. Starting automation.
[2026-03-27T05:01:54.121Z] [INFO] 🕒 CRON START: Comprehensive Daily Sync
[2026-03-27T05:01:54.127Z] [INFO] 🕒 CRON START: Celebrity Scraper
[2026-03-27T05:02:08.834Z] [INFO] ✅ CRON SUCCESS: Daily Sync - Daily sync completed. Total new movies: 3
[2026-03-27T05:02:23.357Z] [INFO] ✅ CRON SUCCESS: Bollywood Celebrity Scraper - Successfully synced 20 new celebrities for Bollywood
[2026-03-27T05:03:26.489Z] [INFO] ✅ CRON SUCCESS: Hollywood Celebrity Scraper - Successfully synced 20 new celebrities for Hollywood
[2026-03-27T05:30:00.277Z] [INFO] 🕒 [SCHEDULED RUN] Starting automation cycle (0 * * * *)...
[2026-03-27T05:30:00.295Z] [INFO] 🕒 CRON START: Comprehensive Daily Sync
[2026-03-27T05:30:00.333Z] [INFO] 🕒 CRON START: Celebrity Scraper
[2026-03-27T05:30:00.356Z] [INFO] 💓 Heartbeat: Scheduler is active.
[2026-03-27T05:30:09.081Z] [INFO] ✅ CRON SUCCESS: Daily Sync - Daily sync completed. Total new movies: 2
[2026-03-27T05:30:15.577Z] [INFO] ✅ CRON SUCCESS: Bollywood Celebrity Scraper - Successfully synced 20 new celebrities for Bollywood
[2026-03-27T05:30:32.719Z] [INFO] ✅ CRON SUCCESS: Hollywood Celebrity Scraper - Successfully synced 20 new celebrities for Hollywood
[2026-03-27T05:30:32.720Z] [INFO] 🏁 [SCHEDULED RUN] Automation cycle completed.
[2026-03-27T05:31:00.055Z] [INFO] 💓 Heartbeat: Scheduler is active.
[2026-03-27T05:32:00.027Z] [INFO] 💓 Heartbeat: Scheduler is active.
[2026-03-27T05:33:00.397Z] [INFO] 💓 Heartbeat: Scheduler is active.
[2026-03-27T05:34:00.868Z] [INFO] 💓 Heartbeat: Scheduler is active.
[2026-03-27T05:35:02.382Z] [INFO] 💓 Heartbeat: Scheduler is active.
[2026-03-27T05:36:00.593Z] [INFO] 💓 Heartbeat: Scheduler is active.
[2026-03-27T05:37:00.863Z] [INFO] 💓 Heartbeat: Scheduler is active.
[2026-03-27T05:38:00.318Z] [INFO] 💓 Heartbeat: Scheduler is active.
[2026-03-27T05:39:00.186Z] [INFO] 💓 Heartbeat: Scheduler is active.
[2026-03-27T05:40:00.065Z] [INFO] 💓 Heartbeat: Scheduler is active.
[2026-03-27T05:41:00.051Z] [INFO] 💓 Heartbeat: Scheduler is active.
[2026-03-27T05:42:00.072Z] [INFO] 💓 Heartbeat: Scheduler is active.
[2026-03-27T05:43:00.058Z] [INFO] 💓 Heartbeat: Scheduler is active.
[2026-03-27T05:44:00.061Z] [INFO] 💓 Heartbeat: Scheduler is active.
[2026-03-27T05:45:00.070Z] [INFO] 💓 Heartbeat: Scheduler is active.
[2026-03-27T05:46:00.050Z] [INFO] 💓 Heartbeat: Scheduler is active.
[2026-03-27T05:47:00.062Z] [INFO] 💓 Heartbeat: Scheduler is active.
[2026-03-27T05:48:00.045Z] [INFO] 💓 Heartbeat: Scheduler is active.
[2026-03-27T05:49:00.041Z] [INFO] 💓 Heartbeat: Scheduler is active.
[2026-03-27T05:50:00.043Z] [INFO] 💓 Heartbeat: Scheduler is active.
[2026-03-27T05:51:00.039Z] [INFO] 💓 Heartbeat: Scheduler is active.
[2026-03-27T05:52:00.031Z] [INFO] 💓 Heartbeat: Scheduler is active.
[2026-03-27T05:53:00.040Z] [INFO] 💓 Heartbeat: Scheduler is active.
[2026-03-27T05:54:00.031Z] [INFO] 💓 Heartbeat: Scheduler is active.
[2026-03-27T05:55:00.057Z] [INFO] 💓 Heartbeat: Scheduler is active.
[2026-03-27T05:56:00.047Z] [INFO] 💓 Heartbeat: Scheduler is active.
[2026-03-27T05:57:00.045Z] [INFO] 💓 Heartbeat: Scheduler is active.
[2026-03-27T05:58:00.044Z] [INFO] 💓 Heartbeat: Scheduler is active.
[2026-03-27T05:59:00.378Z] [INFO] 💓 Heartbeat: Scheduler is active.
[2026-03-27T06:00:00.045Z] [INFO] 💓 Heartbeat: Scheduler is active.
[2026-03-27T06:01:00.032Z] [INFO] 💓 Heartbeat: Scheduler is active.
[2026-03-27T06:02:00.019Z] [INFO] 💓 Heartbeat: Scheduler is active.
[2026-03-27T06:03:00.043Z] [INFO] 💓 Heartbeat: Scheduler is active.
[2026-03-27T06:04:00.034Z] [INFO] 💓 Heartbeat: Scheduler is active.
[2026-03-27T06:05:00.048Z] [INFO] 💓 Heartbeat: Scheduler is active.
[2026-03-27T06:06:00.024Z] [INFO] 💓 Heartbeat: Scheduler is active.
[2026-03-27T06:07:00.309Z] [INFO] 💓 Heartbeat: Scheduler is active.
[2026-03-27T06:08:00.066Z] [INFO] 💓 Heartbeat: Scheduler is active.
[2026-03-27T06:09:00.048Z] [INFO] 💓 Heartbeat: Scheduler is active.
[2026-03-27T06:10:00.041Z] [INFO] 💓 Heartbeat: Scheduler is active.
[2026-03-27T06:11:00.048Z] [INFO] 💓 Heartbeat: Scheduler is active.
[2026-03-27T06:12:00.039Z] [INFO] 💓 Heartbeat: Scheduler is active.
[2026-03-27T06:13:00.042Z] [INFO] 💓 Heartbeat: Scheduler is active.
[2026-03-27T06:14:00.047Z] [INFO] 💓 Heartbeat: Scheduler is active.
[2026-03-27T06:15:00.034Z] [INFO] 💓 Heartbeat: Scheduler is active.
[2026-03-27T06:16:00.044Z] [INFO] 💓 Heartbeat: Scheduler is active.
[2026-03-27T06:17:00.046Z] [INFO] 💓 Heartbeat: Scheduler is active.
[2026-03-27T06:18:00.033Z] [INFO] 💓 Heartbeat: Scheduler is active.
[2026-03-27T06:19:00.023Z] [INFO] 💓 Heartbeat: Scheduler is active.
[2026-03-27T06:20:00.043Z] [INFO] 💓 Heartbeat: Scheduler is active.
[2026-03-27T06:21:00.038Z] [INFO] 💓 Heartbeat: Scheduler is active.
[2026-03-27T06:22:00.032Z] [INFO] 💓 Heartbeat: Scheduler is active.
[2026-03-27T06:23:00.039Z] [INFO] 💓 Heartbeat: Scheduler is active.
[2026-03-27T06:24:00.048Z] [INFO] 💓 Heartbeat: Scheduler is active.
[2026-03-27T06:25:00.045Z] [INFO] 💓 Heartbeat: Scheduler is active.
[2026-03-27T06:26:00.035Z] [INFO] 💓 Heartbeat: Scheduler is active.
[2026-03-27T06:27:00.051Z] [INFO] 💓 Heartbeat: Scheduler is active.
[2026-03-27T06:28:00.038Z] [INFO] 💓 Heartbeat: Scheduler is active.
[2026-03-27T06:29:00.070Z] [INFO] 💓 Heartbeat: Scheduler is active.
[2026-03-27T06:30:00.048Z] [INFO] 🕒 [SCHEDULED RUN] Starting automation cycle (0 * * * *)...
[2026-03-27T06:30:00.052Z] [INFO] 🕒 CRON START: Comprehensive Daily Sync
[2026-03-27T06:30:00.171Z] [INFO] 🕒 CRON START: Celebrity Scraper
[2026-03-27T06:30:12.602Z] [INFO] ✅ CRON SUCCESS: Daily Sync - Daily sync completed. Total new movies: 2
[2026-03-27T06:30:23.293Z] [INFO] ✅ CRON SUCCESS: Bollywood Celebrity Scraper - Successfully synced 20 new celebrities for Bollywood
[2026-03-27T06:30:42.518Z] [INFO] ✅ CRON SUCCESS: Hollywood Celebrity Scraper - Successfully synced 20 new celebrities for Hollywood
[2026-03-27T06:30:42.521Z] [INFO] 🏁 [SCHEDULED RUN] Automation cycle completed.
[2026-03-27T07:30:00.261Z] [INFO] 🕒 [SCHEDULED RUN] Starting automation cycle (0 * * * *)...
[2026-03-27T07:30:00.293Z] [INFO] 🕒 CRON START: Comprehensive Daily Sync
[2026-03-27T07:30:00.364Z] [INFO] 🕒 CRON START: Celebrity Scraper
[2026-03-27T07:30:12.831Z] [INFO] ✅ CRON SUCCESS: Daily Sync - Daily sync completed. Total new movies: 2
[2026-03-27T07:30:19.377Z] [INFO] ✅ CRON SUCCESS: Bollywood Celebrity Scraper - Successfully synced 20 new celebrities for Bollywood
[2026-03-27T07:30:36.447Z] [INFO] ✅ CRON SUCCESS: Hollywood Celebrity Scraper - Successfully synced 20 new celebrities for Hollywood
[2026-03-27T07:30:36.450Z] [INFO] 🏁 [SCHEDULED RUN] Automation cycle completed.
[2026-03-27T08:30:00.243Z] [INFO] 🕒 [SCHEDULED RUN] Starting automation cycle (0 * * * *)...
[2026-03-27T08:30:00.268Z] [INFO] 🕒 CRON START: Comprehensive Daily Sync
[2026-03-27T08:30:00.312Z] [INFO] 🕒 CRON START: Celebrity Scraper
[2026-03-27T08:30:15.329Z] [INFO] ✅ CRON SUCCESS: Daily Sync - Daily sync completed. Total new movies: 2
[2026-03-27T08:30:23.951Z] [INFO] ✅ CRON SUCCESS: Bollywood Celebrity Scraper - Successfully synced 20 new celebrities for Bollywood
[2026-03-27T08:30:40.492Z] [INFO] ✅ CRON SUCCESS: Hollywood Celebrity Scraper - Successfully synced 20 new celebrities for Hollywood
[2026-03-27T08:30:40.494Z] [INFO] 🏁 [SCHEDULED RUN] Automation cycle completed.
[2026-03-27T10:00:48.236Z] [INFO] Received kill signal, shutting down gracefully...
[2026-03-27T10:00:57.720Z] [INFO] Cron job scheduler background service initiated (Target: http://localhost:3000).
[2026-03-27T10:00:57.722Z] [INFO] Log file location: C:\Users\jnj\Desktop\DigLip7\filmy\film\scheduler.log
[2026-03-27T10:00:57.879Z] [INFO] 🚀 Executing initial automation run...
[2026-03-27T10:00:57.881Z] [INFO] Waiting for Next.js server at http://localhost:3000 to be ready...
[2026-03-27T10:00:57.923Z] [INFO] All cron schedules active. Automation interval: 0 * * * *
[2026-03-27T10:00:57.942Z] [INFO] Next.js server not ready yet (attempt 1/20)...
[2026-03-27T10:01:04.979Z] [INFO] Next.js server not ready yet (attempt 2/20)...
[2026-03-27T10:01:10.143Z] [INFO] ✅ Next.js server is ready. Starting automation.
[2026-03-27T10:01:10.145Z] [INFO] 🕒 CRON START: Comprehensive Daily Sync
[2026-03-27T10:01:10.150Z] [INFO] 🕒 CRON START: Celebrity Scraper
[2026-03-27T10:01:29.694Z] [INFO] ✅ CRON SUCCESS: Daily Sync - Daily sync completed. Total new movies: 2
[2026-03-27T10:01:37.419Z] [INFO] ✅ CRON SUCCESS: Bollywood Celebrity Scraper - Successfully synced 20 new celebrities for Bollywood
[2026-03-27T10:01:57.452Z] [INFO] ✅ CRON SUCCESS: Hollywood Celebrity Scraper - Successfully synced 20 new celebrities for Hollywood
[2026-03-27T10:30:00.227Z] [INFO] 🕒 [SCHEDULED RUN] Starting automation cycle (0 * * * *)...
[2026-03-27T10:30:00.245Z] [INFO] 🕒 CRON START: Comprehensive Daily Sync
[2026-03-27T10:30:00.278Z] [INFO] 🕒 CRON START: Celebrity Scraper
[2026-03-27T10:30:16.316Z] [INFO] ✅ CRON SUCCESS: Daily Sync - Daily sync completed. Total new movies: 2
[2026-03-27T10:30:22.991Z] [INFO] ✅ CRON SUCCESS: Bollywood Celebrity Scraper - Successfully synced 20 new celebrities for Bollywood
[2026-03-27T10:30:39.698Z] [INFO] ✅ CRON SUCCESS: Hollywood Celebrity Scraper - Successfully synced 20 new celebrities for Hollywood
[2026-03-27T10:30:39.700Z] [INFO] 🏁 [SCHEDULED RUN] Automation cycle completed.
[2026-03-27T11:30:00.209Z] [INFO] 🕒 [SCHEDULED RUN] Starting automation cycle (0 * * * *)...
[2026-03-27T11:30:00.222Z] [INFO] 🕒 CRON START: Comprehensive Daily Sync
[2026-03-27T11:30:00.248Z] [INFO] 🕒 CRON START: Celebrity Scraper
[2026-03-27T11:30:12.253Z] [INFO] ✅ CRON SUCCESS: Daily Sync - Daily sync completed. Total new movies: 2
[2026-03-27T11:30:22.040Z] [INFO] ✅ CRON SUCCESS: Bollywood Celebrity Scraper - Successfully synced 20 new celebrities for Bollywood
[2026-03-27T11:30:42.236Z] [INFO] ✅ CRON SUCCESS: Hollywood Celebrity Scraper - Successfully synced 20 new celebrities for Hollywood
[2026-03-27T11:30:42.239Z] [INFO] 🏁 [SCHEDULED RUN] Automation cycle completed.
[2026-03-27T12:13:21.930Z] [INFO] Received kill signal, shutting down gracefully...
[2026-03-27T12:13:38.350Z] [INFO] Cron job scheduler background service initiated (Target: http://localhost:3000).
[2026-03-27T12:13:38.356Z] [INFO] Log file location: C:\Users\jnj\Desktop\DigLip7\filmy\film\scheduler.log
[2026-03-27T12:13:38.582Z] [INFO] 🚀 Executing initial automation run...
[2026-03-27T12:13:38.585Z] [INFO] Waiting for Next.js server at http://localhost:3000 to be ready...
[2026-03-27T12:13:38.665Z] [INFO] All cron schedules active. Automation interval: 0 * * * *
[2026-03-27T12:13:38.701Z] [INFO] Next.js server not ready yet (attempt 1/20)...
[2026-03-27T12:13:45.715Z] [INFO] Next.js server not ready yet (attempt 2/20)...
[2026-03-27T12:13:51.011Z] [INFO] ✅ Next.js server is ready. Starting automation.
[2026-03-27T12:13:51.014Z] [INFO] 🕒 CRON START: Comprehensive Daily Sync
[2026-03-27T12:13:51.019Z] [INFO] 🕒 CRON START: Celebrity Scraper
[2026-03-27T12:14:13.280Z] [INFO] ✅ CRON SUCCESS: Daily Sync - Daily sync completed. Total new movies: 2
[2026-03-27T12:14:22.183Z] [INFO] ✅ CRON SUCCESS: Bollywood Celebrity Scraper - Successfully synced 20 new celebrities for Bollywood
[2026-03-27T12:14:41.312Z] [INFO] ✅ CRON SUCCESS: Hollywood Celebrity Scraper - Successfully synced 20 new celebrities for Hollywood
[2026-03-27T12:30:00.244Z] [INFO] 🕒 [SCHEDULED RUN] Starting automation cycle (0 * * * *)...
[2026-03-27T12:30:00.263Z] [INFO] 🕒 CRON START: Comprehensive Daily Sync
[2026-03-27T12:30:00.290Z] [INFO] 🕒 CRON START: Celebrity Scraper
[2026-03-27T12:30:11.424Z] [INFO] ✅ CRON SUCCESS: Daily Sync - Daily sync completed. Total new movies: 2
[2026-03-27T12:30:22.231Z] [INFO] ✅ CRON SUCCESS: Bollywood Celebrity Scraper - Successfully synced 20 new celebrities for Bollywood
[2026-03-27T12:30:39.264Z] [INFO] ✅ CRON SUCCESS: Hollywood Celebrity Scraper - Successfully synced 20 new celebrities for Hollywood
[2026-03-27T12:30:39.266Z] [INFO] 🏁 [SCHEDULED RUN] Automation cycle completed.
[2026-03-27T13:17:15.518Z] [INFO] Received kill signal, shutting down gracefully...
[2026-03-27T13:17:35.783Z] [INFO] Cron job scheduler background service initiated (Target: http://localhost:3000).
[2026-03-27T13:17:35.801Z] [INFO] Log file location: C:\Users\jnj\Desktop\DigLip7\filmy\film\scheduler.log
[2026-03-27T13:17:36.510Z] [INFO] 🚀 Executing initial automation run...
[2026-03-27T13:17:36.537Z] [INFO] Waiting for Next.js server at http://localhost:3000 to be ready...
[2026-03-27T13:17:36.690Z] [INFO] All cron schedules active. Automation interval: 0 * * * *
[2026-03-27T13:17:36.857Z] [INFO] Next.js server not ready yet (attempt 1/20)...
[2026-03-27T13:17:43.894Z] [INFO] Next.js server not ready yet (attempt 2/20)...
[2026-03-27T13:17:50.029Z] [INFO] ✅ Next.js server is ready. Starting automation.
[2026-03-27T13:17:50.039Z] [INFO] 🕒 CRON START: Comprehensive Daily Sync
[2026-03-27T13:17:50.048Z] [INFO] 🕒 CRON START: Celebrity Scraper
[2026-03-27T13:18:29.959Z] [INFO] ✅ CRON SUCCESS: Daily Sync - Daily sync completed. Total new movies: 2
[2026-03-27T13:18:35.198Z] [INFO] ✅ CRON SUCCESS: Bollywood Celebrity Scraper - Successfully synced 20 new celebrities for Bollywood
[2026-03-27T13:19:02.150Z] [INFO] ✅ CRON SUCCESS: Hollywood Celebrity Scraper - Successfully synced 20 new celebrities for Hollywood
[2026-03-27T13:23:44.093Z] [INFO] Received kill signal, shutting down gracefully...
[2026-03-28T04:33:22.856Z] [INFO] Cron job scheduler background service initiated (Target: http://localhost:3000).
[2026-03-28T04:33:22.861Z] [INFO] Log file location: C:\Users\jnj\Desktop\DigLip7\filmy\film\scheduler.log
[2026-03-28T04:33:23.092Z] [INFO] 🚀 Executing initial automation run...
[2026-03-28T04:33:23.095Z] [INFO] Waiting for Next.js server at http://localhost:3000 to be ready...
[2026-03-28T04:33:23.179Z] [INFO] All cron schedules active. Automation interval: 0 * * * *
[2026-03-28T04:33:23.208Z] [INFO] Next.js server not ready yet (attempt 1/20)...
[2026-03-28T04:33:30.230Z] [INFO] Next.js server not ready yet (attempt 2/20)...
[2026-03-28T04:33:35.451Z] [INFO] ✅ Next.js server is ready. Starting automation.
[2026-03-28T04:33:35.454Z] [INFO] 🕒 CRON START: Comprehensive Daily Sync
[2026-03-28T04:33:35.459Z] [INFO] 🕒 CRON START: Celebrity Scraper
[2026-03-28T04:33:57.745Z] [INFO] ✅ CRON SUCCESS: Daily Sync - Daily sync completed. Total new movies synced: 3. Background enrichment triggered.
[2026-03-28T04:34:15.159Z] [INFO] ✅ CRON SUCCESS: Bollywood Celebrity Scraper - Successfully synced 20 new celebrities for Bollywood
[2026-03-28T04:34:53.449Z] [INFO] ✅ CRON SUCCESS: Hollywood Celebrity Scraper - Successfully synced 20 new celebrities for Hollywood
[2026-03-28T05:30:00.282Z] [INFO] 🕒 [SCHEDULED RUN] Starting automation cycle (0 * * * *)...
[2026-03-28T05:30:00.301Z] [INFO] 🕒 CRON START: Comprehensive Daily Sync
[2026-03-28T05:30:00.339Z] [INFO] 🕒 CRON START: Celebrity Scraper
[2026-03-28T05:30:00.350Z] [INFO] 💓 Heartbeat: Scheduler is active.
[2026-03-28T05:30:12.480Z] [INFO] ✅ CRON SUCCESS: Daily Sync - Daily sync completed. Total new movies synced: 2. Background enrichment triggered.
[2026-03-28T05:30:27.004Z] [INFO] ✅ CRON SUCCESS: Bollywood Celebrity Scraper - Successfully synced 20 new celebrities for Bollywood
[2026-03-28T05:30:46.441Z] [INFO] ✅ CRON SUCCESS: Hollywood Celebrity Scraper - Successfully synced 20 new celebrities for Hollywood
[2026-03-28T05:30:46.448Z] [INFO] 🏁 [SCHEDULED RUN] Automation cycle completed.
[2026-03-28T05:31:00.055Z] [INFO] 💓 Heartbeat: Scheduler is active.
[2026-03-28T05:32:00.108Z] [INFO] 💓 Heartbeat: Scheduler is active.
[2026-03-28T05:33:02.360Z] [INFO] 💓 Heartbeat: Scheduler is active.
[2026-03-28T05:34:00.331Z] [INFO] 💓 Heartbeat: Scheduler is active.
[2026-03-28T05:35:00.120Z] [INFO] 💓 Heartbeat: Scheduler is active.
[2026-03-28T05:36:00.280Z] [INFO] 💓 Heartbeat: Scheduler is active.
[2026-03-28T05:37:00.073Z] [INFO] 💓 Heartbeat: Scheduler is active.
[2026-03-28T05:38:01.029Z] [INFO] 💓 Heartbeat: Scheduler is active.
[2026-03-28T05:39:00.216Z] [INFO] 💓 Heartbeat: Scheduler is active.
[2026-03-28T05:40:00.070Z] [INFO] 💓 Heartbeat: Scheduler is active.
[2026-03-28T05:41:00.041Z] [INFO] 💓 Heartbeat: Scheduler is active.
[2026-03-28T05:42:00.227Z] [INFO] 💓 Heartbeat: Scheduler is active.
[2026-03-28T05:43:00.629Z] [INFO] 💓 Heartbeat: Scheduler is active.
[2026-03-28T05:44:00.213Z] [INFO] 💓 Heartbeat: Scheduler is active.
[2026-03-28T05:45:00.270Z] [INFO] 💓 Heartbeat: Scheduler is active.
[2026-03-28T05:46:00.172Z] [INFO] 💓 Heartbeat: Scheduler is active.
[2026-03-28T05:47:00.208Z] [INFO] 💓 Heartbeat: Scheduler is active.
[2026-03-28T05:48:00.156Z] [INFO] 💓 Heartbeat: Scheduler is active.
[2026-03-28T05:49:00.058Z] [INFO] 💓 Heartbeat: Scheduler is active.
[2026-03-28T05:50:00.053Z] [INFO] 💓 Heartbeat: Scheduler is active.
[2026-03-28T05:51:00.023Z] [INFO] 💓 Heartbeat: Scheduler is active.
[2026-03-28T05:52:00.024Z] [INFO] 💓 Heartbeat: Scheduler is active.
[2026-03-28T05:53:00.041Z] [INFO] 💓 Heartbeat: Scheduler is active.
[2026-03-28T05:54:00.022Z] [INFO] 💓 Heartbeat: Scheduler is active.
[2026-03-28T05:55:00.054Z] [INFO] 💓 Heartbeat: Scheduler is active.
[2026-03-28T05:56:00.038Z] [INFO] 💓 Heartbeat: Scheduler is active.
[2026-03-28T05:57:00.044Z] [INFO] 💓 Heartbeat: Scheduler is active.
[2026-03-28T05:58:00.042Z] [INFO] 💓 Heartbeat: Scheduler is active.
[2026-03-28T05:59:00.035Z] [INFO] 💓 Heartbeat: Scheduler is active.
[2026-03-28T06:00:00.032Z] [INFO] 💓 Heartbeat: Scheduler is active.
[2026-03-28T06:01:00.022Z] [INFO] 💓 Heartbeat: Scheduler is active.
[2026-03-28T06:02:00.023Z] [INFO] 💓 Heartbeat: Scheduler is active.
[2026-03-28T06:03:00.092Z] [INFO] 💓 Heartbeat: Scheduler is active.
[2026-03-28T06:04:00.117Z] [INFO] 💓 Heartbeat: Scheduler is active.
[2026-03-28T06:05:00.017Z] [INFO] 💓 Heartbeat: Scheduler is active.
[2026-03-28T06:06:00.021Z] [INFO] 💓 Heartbeat: Scheduler is active.
[2026-03-28T06:07:00.033Z] [INFO] 💓 Heartbeat: Scheduler is active.
[2026-03-28T06:08:00.052Z] [INFO] 💓 Heartbeat: Scheduler is active.
[2026-03-28T06:09:00.035Z] [INFO] 💓 Heartbeat: Scheduler is active.
[2026-03-28T06:10:00.041Z] [INFO] 💓 Heartbeat: Scheduler is active.
[2026-03-28T06:11:00.037Z] [INFO] 💓 Heartbeat: Scheduler is active.
[2026-03-28T06:12:00.024Z] [INFO] 💓 Heartbeat: Scheduler is active.
[2026-03-28T06:13:00.034Z] [INFO] 💓 Heartbeat: Scheduler is active.
[2026-03-28T06:14:00.049Z] [INFO] 💓 Heartbeat: Scheduler is active.
[2026-03-28T06:15:00.037Z] [INFO] 💓 Heartbeat: Scheduler is active.
[2026-03-28T06:16:01.543Z] [INFO] 💓 Heartbeat: Scheduler is active.
[2026-03-28T06:17:00.175Z] [INFO] 💓 Heartbeat: Scheduler is active.
[2026-03-28T06:18:00.121Z] [INFO] 💓 Heartbeat: Scheduler is active.
[2026-03-28T06:19:00.217Z] [INFO] 💓 Heartbeat: Scheduler is active.
[2026-03-28T06:20:00.139Z] [INFO] 💓 Heartbeat: Scheduler is active.
[2026-03-28T06:21:00.040Z] [INFO] 💓 Heartbeat: Scheduler is active.
[2026-03-28T06:22:00.026Z] [INFO] 💓 Heartbeat: Scheduler is active.
[2026-03-28T06:23:00.055Z] [INFO] 💓 Heartbeat: Scheduler is active.
[2026-03-28T06:24:00.037Z] [INFO] 💓 Heartbeat: Scheduler is active.
[2026-03-28T06:25:00.034Z] [INFO] 💓 Heartbeat: Scheduler is active.
[2026-03-28T06:26:00.022Z] [INFO] 💓 Heartbeat: Scheduler is active.
[2026-03-28T06:27:00.021Z] [INFO] 💓 Heartbeat: Scheduler is active.
[2026-03-28T06:28:00.058Z] [INFO] 💓 Heartbeat: Scheduler is active.
[2026-03-28T06:29:00.039Z] [INFO] 💓 Heartbeat: Scheduler is active.
[2026-03-28T06:30:00.063Z] [INFO] 🕒 [SCHEDULED RUN] Starting automation cycle (0 * * * *)...
[2026-03-28T06:30:00.066Z] [INFO] 🕒 CRON START: Comprehensive Daily Sync
[2026-03-28T06:30:00.168Z] [INFO] 🕒 CRON START: Celebrity Scraper
[2026-03-28T06:30:10.288Z] [INFO] ✅ CRON SUCCESS: Daily Sync - Daily sync completed. Total new movies synced: 2. Background enrichment triggered.
[2026-03-28T06:30:26.302Z] [INFO] ✅ CRON SUCCESS: Bollywood Celebrity Scraper - Successfully synced 20 new celebrities for Bollywood
[2026-03-28T06:30:44.692Z] [INFO] ✅ CRON SUCCESS: Hollywood Celebrity Scraper - Successfully synced 20 new celebrities for Hollywood
[2026-03-28T06:30:44.694Z] [INFO] 🏁 [SCHEDULED RUN] Automation cycle completed.
[2026-03-28T07:30:00.236Z] [INFO] 🕒 [SCHEDULED RUN] Starting automation cycle (0 * * * *)...
[2026-03-28T07:30:00.268Z] [INFO] 🕒 CRON START: Comprehensive Daily Sync
[2026-03-28T07:30:00.346Z] [INFO] 🕒 CRON START: Celebrity Scraper
[2026-03-28T07:30:12.347Z] [INFO] ✅ CRON SUCCESS: Daily Sync - Daily sync completed. Total new movies synced: 2. Background enrichment triggered.
[2026-03-28T07:32:00.477Z] [ERROR] ❌ CRON FATAL (Celebrity): network timeout at: http://localhost:3000/api/admin/automation/scrape-celebrity
[2026-03-28T07:32:00.535Z] [INFO] 🏁 [SCHEDULED RUN] Automation cycle completed.
[2026-03-28T08:30:00.588Z] [INFO] 🕒 [SCHEDULED RUN] Starting automation cycle (0 * * * *)...
[2026-03-28T08:30:00.632Z] [INFO] 🕒 CRON START: Comprehensive Daily Sync
[2026-03-28T08:30:00.736Z] [INFO] 🕒 CRON START: Celebrity Scraper
[2026-03-28T08:30:17.343Z] [INFO] ✅ CRON SUCCESS: Daily Sync - Daily sync completed. Total new movies synced: 2. Background enrichment triggered.
[2026-03-28T08:30:32.981Z] [INFO] ✅ CRON SUCCESS: Bollywood Celebrity Scraper - Successfully synced 20 new celebrities for Bollywood
[2026-03-28T08:30:54.382Z] [INFO] ✅ CRON SUCCESS: Hollywood Celebrity Scraper - Successfully synced 20 new celebrities for Hollywood
[2026-03-28T08:30:54.385Z] [INFO] 🏁 [SCHEDULED RUN] Automation cycle completed.
[2026-03-28T10:30:00.072Z] [INFO] 🕒 [SCHEDULED RUN] Starting automation cycle (0 * * * *)...
[2026-03-28T10:30:00.105Z] [INFO] 🕒 CRON START: Comprehensive Daily Sync
[2026-03-28T10:30:00.156Z] [INFO] 🕒 CRON START: Celebrity Scraper
[2026-03-28T10:30:10.686Z] [INFO] ✅ CRON SUCCESS: Daily Sync - Daily sync completed. Total new movies synced: 2. Background enrichment triggered.
[2026-03-28T10:31:04.545Z] [INFO] ✅ CRON SUCCESS: Bollywood Celebrity Scraper - Successfully synced 20 new celebrities for Bollywood
[2026-03-28T10:31:23.808Z] [INFO] ✅ CRON SUCCESS: Hollywood Celebrity Scraper - Successfully synced 20 new celebrities for Hollywood
[2026-03-28T10:31:23.812Z] [INFO] 🏁 [SCHEDULED RUN] Automation cycle completed.
[2026-03-28T11:30:00.225Z] [INFO] 🕒 [SCHEDULED RUN] Starting automation cycle (0 * * * *)...
[2026-03-28T11:30:00.256Z] [INFO] 🕒 CRON START: Comprehensive Daily Sync
[2026-03-28T11:30:00.312Z] [INFO] 🕒 CRON START: Celebrity Scraper
[2026-03-28T11:30:12.071Z] [INFO] ✅ CRON SUCCESS: Daily Sync - Daily sync completed. Total new movies synced: 2. Background enrichment triggered.
[2026-03-28T11:30:31.505Z] [INFO] ✅ CRON SUCCESS: Bollywood Celebrity Scraper - Successfully synced 20 new celebrities for Bollywood
[2026-03-28T11:30:54.242Z] [INFO] ✅ CRON SUCCESS: Hollywood Celebrity Scraper - Successfully synced 20 new celebrities for Hollywood
[2026-03-28T11:30:54.244Z] [INFO] 🏁 [SCHEDULED RUN] Automation cycle completed.
[2026-03-28T12:30:00.311Z] [INFO] 🕒 [SCHEDULED RUN] Starting automation cycle (0 * * * *)...
[2026-03-28T12:30:00.338Z] [INFO] 🕒 CRON START: Comprehensive Daily Sync
[2026-03-28T12:30:00.393Z] [INFO] 🕒 CRON START: Celebrity Scraper
[2026-03-28T12:30:12.058Z] [INFO] ✅ CRON SUCCESS: Daily Sync - Daily sync completed. Total new movies synced: 2. Background enrichment triggered.
[2026-03-28T12:32:00.479Z] [ERROR] ❌ CRON FATAL (Celebrity): network timeout at: http://localhost:3000/api/admin/automation/scrape-celebrity
[2026-03-28T12:32:00.520Z] [INFO] 🏁 [SCHEDULED RUN] Automation cycle completed.
[2026-03-28T13:30:00.251Z] [INFO] 🕒 [SCHEDULED RUN] Starting automation cycle (0 * * * *)...
[2026-03-28T13:30:00.276Z] [INFO] 🕒 CRON START: Comprehensive Daily Sync
[2026-03-28T13:30:00.349Z] [INFO] 🕒 CRON START: Celebrity Scraper
[2026-03-28T13:30:15.429Z] [INFO] ✅ CRON SUCCESS: Daily Sync - Daily sync completed. Total new movies synced: 2. Background enrichment triggered.
[2026-03-28T13:31:13.408Z] [INFO] Received kill signal, shutting down gracefully...
[2026-03-30T04:31:59.690Z] [INFO] Cron job scheduler background service initiated (Target: http://localhost:3000).
[2026-03-30T04:31:59.694Z] [INFO] Log file location: C:\Users\jnj\Desktop\DigLip7\filmy\film\scheduler.log
[2026-03-30T04:31:59.856Z] [INFO] 🚀 Executing initial automation run...
[2026-03-30T04:31:59.857Z] [INFO] Waiting for Next.js server at http://localhost:3000 to be ready...
[2026-03-30T04:31:59.909Z] [INFO] All cron schedules active. Automation interval: 0 * * * *
[2026-03-30T04:31:59.930Z] [INFO] Next.js server not ready yet (attempt 1/20)...
[2026-03-30T04:32:06.973Z] [INFO] Next.js server not ready yet (attempt 2/20)...
[2026-03-30T04:32:12.126Z] [INFO] ✅ Next.js server is ready. Starting automation.
[2026-03-30T04:32:12.128Z] [INFO] 🕒 CRON START: Comprehensive Daily Sync
[2026-03-30T04:32:12.133Z] [INFO] 🕒 CRON START: Celebrity Scraper
[2026-03-30T04:32:28.367Z] [INFO] ✅ CRON SUCCESS: Daily Sync - Daily sync completed. Total new movies synced: 6. Background enrichment triggered.
[2026-03-30T04:34:12.176Z] [ERROR] ❌ CRON FATAL (Celebrity): network timeout at: http://localhost:3000/api/admin/automation/scrape-celebrity
[2026-03-30T04:54:15.221Z] [INFO] Received kill signal, shutting down gracefully...
[2026-03-30T04:54:26.246Z] [INFO] Cron job scheduler background service initiated (Target: http://localhost:3000).
[2026-03-30T04:54:26.249Z] [INFO] Log file location: C:\Users\jnj\Desktop\DigLip7\filmy\film\scheduler.log
[2026-03-30T04:54:26.455Z] [INFO] 🚀 Executing initial automation run...
[2026-03-30T04:54:26.457Z] [INFO] Waiting for Next.js server at http://localhost:3000 to be ready...
[2026-03-30T04:54:26.516Z] [INFO] All cron schedules active. Automation interval: 0 * * * *
[2026-03-30T04:54:26.561Z] [INFO] Next.js server not ready yet (attempt 1/20)...
[2026-03-30T04:54:33.599Z] [INFO] ✅ Next.js server is ready. Starting automation.
[2026-03-30T04:54:33.602Z] [INFO] 🕒 CRON START: Comprehensive Daily Sync
[2026-03-30T04:54:33.606Z] [INFO] 🕒 CRON START: Celebrity Scraper
[2026-03-30T04:54:49.678Z] [INFO] ✅ CRON SUCCESS: Daily Sync - Daily sync completed. Total new movies synced: 2. Background enrichment triggered.
[2026-03-30T04:56:33.625Z] [ERROR] ❌ CRON FATAL (Celebrity): network timeout at: http://localhost:3000/api/admin/automation/scrape-celebrity
[2026-03-30T05:30:00.285Z] [INFO] 💓 Heartbeat: Scheduler is active.
[2026-03-30T05:30:00.323Z] [INFO] 🕒 [SCHEDULED RUN] Starting automation cycle (0 * * * *)...
[2026-03-30T05:30:00.326Z] [INFO] 🕒 CRON START: Comprehensive Daily Sync
[2026-03-30T05:30:00.366Z] [INFO] 🕒 CRON START: Celebrity Scraper
[2026-03-30T05:30:12.016Z] [INFO] ✅ CRON SUCCESS: Daily Sync - Daily sync completed. Total new movies synced: 2. Background enrichment triggered.
[2026-03-30T05:31:00.146Z] [INFO] 💓 Heartbeat: Scheduler is active.
[2026-03-30T05:32:00.069Z] [INFO] 💓 Heartbeat: Scheduler is active.
[2026-03-30T05:32:00.401Z] [ERROR] ❌ CRON FATAL (Celebrity): network timeout at: http://localhost:3000/api/admin/automation/scrape-celebrity
[2026-03-30T05:32:00.405Z] [INFO] 🏁 [SCHEDULED RUN] Automation cycle completed.
[2026-03-30T05:33:00.051Z] [INFO] 💓 Heartbeat: Scheduler is active.
[2026-03-30T05:34:00.071Z] [INFO] 💓 Heartbeat: Scheduler is active.
[2026-03-30T05:35:00.042Z] [INFO] 💓 Heartbeat: Scheduler is active.
[2026-03-30T05:36:00.043Z] [INFO] 💓 Heartbeat: Scheduler is active.
[2026-03-30T05:37:00.050Z] [INFO] 💓 Heartbeat: Scheduler is active.
[2026-03-30T05:38:00.038Z] [INFO] 💓 Heartbeat: Scheduler is active.
[2026-03-30T05:39:00.049Z] [INFO] 💓 Heartbeat: Scheduler is active.
[2026-03-30T05:40:00.041Z] [INFO] 💓 Heartbeat: Scheduler is active.
[2026-03-30T05:41:00.061Z] [INFO] 💓 Heartbeat: Scheduler is active.
[2026-03-30T05:42:00.054Z] [INFO] 💓 Heartbeat: Scheduler is active.
[2026-03-30T05:43:00.046Z] [INFO] 💓 Heartbeat: Scheduler is active.
[2026-03-30T05:44:00.085Z] [INFO] 💓 Heartbeat: Scheduler is active.
[2026-03-30T05:45:00.062Z] [INFO] 💓 Heartbeat: Scheduler is active.
[2026-03-30T05:46:00.067Z] [INFO] 💓 Heartbeat: Scheduler is active.
[2026-03-30T05:47:00.042Z] [INFO] 💓 Heartbeat: Scheduler is active.
[2026-03-30T05:48:00.047Z] [INFO] 💓 Heartbeat: Scheduler is active.
[2026-03-30T05:49:00.618Z] [INFO] 💓 Heartbeat: Scheduler is active.
[2026-03-30T05:50:00.416Z] [INFO] 💓 Heartbeat: Scheduler is active.
[2026-03-30T05:51:00.207Z] [INFO] 💓 Heartbeat: Scheduler is active.
[2026-03-30T05:52:00.191Z] [INFO] 💓 Heartbeat: Scheduler is active.
[2026-03-30T05:53:00.306Z] [INFO] 💓 Heartbeat: Scheduler is active.
[2026-03-30T05:54:00.263Z] [INFO] 💓 Heartbeat: Scheduler is active.
[2026-03-30T05:55:00.065Z] [INFO] 💓 Heartbeat: Scheduler is active.
[2026-03-30T05:56:00.036Z] [INFO] 💓 Heartbeat: Scheduler is active.
[2026-03-30T05:57:00.047Z] [INFO] 💓 Heartbeat: Scheduler is active.
[2026-03-30T05:58:00.129Z] [INFO] 💓 Heartbeat: Scheduler is active.
[2026-03-30T05:59:00.324Z] [INFO] 💓 Heartbeat: Scheduler is active.
[2026-03-30T06:00:00.291Z] [INFO] 💓 Heartbeat: Scheduler is active.
[2026-03-30T06:01:00.217Z] [INFO] 💓 Heartbeat: Scheduler is active.
[2026-03-30T06:02:00.244Z] [INFO] 💓 Heartbeat: Scheduler is active.
[2026-03-30T06:03:00.104Z] [INFO] 💓 Heartbeat: Scheduler is active.
[2026-03-30T06:04:00.082Z] [INFO] 💓 Heartbeat: Scheduler is active.
[2026-03-30T06:05:00.120Z] [INFO] 💓 Heartbeat: Scheduler is active.
[2026-03-30T06:06:00.189Z] [INFO] 💓 Heartbeat: Scheduler is active.
[2026-03-30T06:07:00.054Z] [INFO] 💓 Heartbeat: Scheduler is active.
[2026-03-30T06:08:00.049Z] [INFO] 💓 Heartbeat: Scheduler is active.
[2026-03-30T06:09:00.110Z] [INFO] 💓 Heartbeat: Scheduler is active.
[2026-03-30T06:10:00.302Z] [INFO] 💓 Heartbeat: Scheduler is active.
[2026-03-30T06:11:00.059Z] [INFO] 💓 Heartbeat: Scheduler is active.
[2026-03-30T06:12:00.221Z] [INFO] 💓 Heartbeat: Scheduler is active.
[2026-03-30T06:13:00.072Z] [INFO] 💓 Heartbeat: Scheduler is active.
[2026-03-30T06:14:00.050Z] [INFO] 💓 Heartbeat: Scheduler is active.
[2026-03-30T06:15:00.054Z] [INFO] 💓 Heartbeat: Scheduler is active.
[2026-03-30T06:16:00.194Z] [INFO] 💓 Heartbeat: Scheduler is active.
[2026-03-30T06:17:00.067Z] [INFO] 💓 Heartbeat: Scheduler is active.
[2026-03-30T06:18:00.086Z] [INFO] 💓 Heartbeat: Scheduler is active.
[2026-03-30T06:19:00.434Z] [INFO] 💓 Heartbeat: Scheduler is active.
[2026-03-30T06:20:00.076Z] [INFO] 💓 Heartbeat: Scheduler is active.
[2026-03-30T06:21:00.108Z] [INFO] 💓 Heartbeat: Scheduler is active.
[2026-03-30T06:22:00.261Z] [INFO] 💓 Heartbeat: Scheduler is active.
[2026-03-30T06:23:00.344Z] [INFO] 💓 Heartbeat: Scheduler is active.
[2026-03-30T06:24:00.504Z] [INFO] 💓 Heartbeat: Scheduler is active.
[2026-03-30T06:25:00.313Z] [INFO] 💓 Heartbeat: Scheduler is active.
[2026-03-30T06:26:00.078Z] [INFO] 💓 Heartbeat: Scheduler is active.
[2026-03-30T06:27:00.071Z] [INFO] 💓 Heartbeat: Scheduler is active.
[2026-03-30T06:28:00.071Z] [INFO] 💓 Heartbeat: Scheduler is active.
[2026-03-30T06:29:00.115Z] [INFO] 💓 Heartbeat: Scheduler is active.
[2026-03-30T06:30:00.085Z] [INFO] 🕒 [SCHEDULED RUN] Starting automation cycle (0 * * * *)...
[2026-03-30T06:30:00.089Z] [INFO] 🕒 CRON START: Comprehensive Daily Sync
[2026-03-30T06:30:00.204Z] [INFO] 🕒 CRON START: Celebrity Scraper
[2026-03-30T06:30:18.510Z] [INFO] ✅ CRON SUCCESS: Daily Sync - Daily sync completed. Total new movies synced: 2. Background enrichment triggered.
[2026-03-30T06:32:00.251Z] [ERROR] ❌ CRON FATAL (Celebrity): network timeout at: http://localhost:3000/api/admin/automation/scrape-celebrity
[2026-03-30T06:32:00.258Z] [INFO] 🏁 [SCHEDULED RUN] Automation cycle completed.
[2026-03-30T07:30:00.955Z] [INFO] 🕒 [SCHEDULED RUN] Starting automation cycle (0 * * * *)...
[2026-03-30T07:30:01.154Z] [INFO] 🕒 CRON START: Comprehensive Daily Sync
[2026-03-30T07:30:01.620Z] [INFO] 🕒 CRON START: Celebrity Scraper
[2026-03-30T07:30:18.960Z] [INFO] ✅ CRON SUCCESS: Daily Sync - Daily sync completed. Total new movies synced: 2. Background enrichment triggered.
[2026-03-30T07:32:01.919Z] [ERROR] ❌ CRON FATAL (Celebrity): network timeout at: http://localhost:3000/api/admin/automation/scrape-celebrity
[2026-03-30T07:32:02.001Z] [INFO] 🏁 [SCHEDULED RUN] Automation cycle completed.
[2026-03-30T08:30:00.294Z] [INFO] 🕒 [SCHEDULED RUN] Starting automation cycle (0 * * * *)...
[2026-03-30T08:30:00.351Z] [INFO] 🕒 CRON START: Comprehensive Daily Sync
[2026-03-30T08:30:00.411Z] [INFO] 🕒 CRON START: Celebrity Scraper
[2026-03-30T08:30:12.987Z] [INFO] ✅ CRON SUCCESS: Daily Sync - Daily sync completed. Total new movies synced: 2. Background enrichment triggered.
[2026-03-30T08:30:24.320Z] [INFO] Received kill signal, shutting down gracefully...
[2026-03-30T09:46:54.686Z] [INFO] Cron job scheduler background service initiated (Target: http://localhost:3000).
[2026-03-30T09:46:54.690Z] [INFO] Log file location: C:\Users\jnj\Desktop\DigLip7\filmy\film\scheduler.log
[2026-03-30T09:46:54.890Z] [INFO] 🚀 Executing initial automation run...
[2026-03-30T09:46:54.892Z] [INFO] Waiting for Next.js server at http://localhost:3000 to be ready...
[2026-03-30T09:46:54.958Z] [INFO] All cron schedules active. Automation interval: 0 * * * *
[2026-03-30T09:46:55.003Z] [INFO] Next.js server not ready yet (attempt 1/20)...
[2026-03-30T09:47:02.041Z] [INFO] Next.js server not ready yet (attempt 2/20)...
[2026-03-30T09:47:07.277Z] [INFO] ✅ Next.js server is ready. Starting automation.
[2026-03-30T09:47:07.280Z] [INFO] 🕒 CRON START: Comprehensive Daily Sync
[2026-03-30T09:47:07.287Z] [INFO] 🕒 CRON START: Celebrity Scraper
[2026-03-30T09:47:24.757Z] [INFO] ✅ CRON SUCCESS: Daily Sync - Daily sync completed. Total new movies synced: 2. Background enrichment triggered.
[2026-03-30T09:49:07.351Z] [ERROR] ❌ CRON FATAL (Celebrity): network timeout at: http://localhost:3000/api/admin/automation/scrape-celebrity
[2026-03-30T10:17:39.800Z] [INFO] Received kill signal, shutting down gracefully...
[2026-03-30T10:18:07.512Z] [INFO] Cron job scheduler background service initiated (Target: http://localhost:3000).
[2026-03-30T10:18:07.515Z] [INFO] Log file location: C:\Users\jnj\Desktop\DigLip7\filmy\film\scheduler.log
[2026-03-30T10:18:07.709Z] [INFO] 🚀 Executing initial automation run...
[2026-03-30T10:18:07.711Z] [INFO] Waiting for Next.js server at http://localhost:3000 to be ready...
[2026-03-30T10:18:07.761Z] [INFO] All cron schedules active. Automation interval: 0 * * * *
[2026-03-30T10:18:07.797Z] [INFO] Next.js server not ready yet (attempt 1/20)...
[2026-03-30T10:18:14.048Z] [INFO] ✅ Next.js server is ready. Starting automation.
[2026-03-30T10:18:14.050Z] [INFO] 🕒 CRON START: Comprehensive Daily Sync
[2026-03-30T10:18:14.056Z] [INFO] 🕒 CRON START: Celebrity Scraper
[2026-03-30T10:18:29.136Z] [INFO] ✅ CRON SUCCESS: Daily Sync - Daily sync completed. Total new movies synced: 2. Background enrichment triggered.
[2026-03-30T10:18:40.831Z] [INFO] ✅ CRON SUCCESS: Bollywood Celebrity Scraper - Successfully synced 20 new celebrities for Bollywood
[2026-03-30T10:18:56.474Z] [INFO] ✅ CRON SUCCESS: Hollywood Celebrity Scraper - Successfully synced 20 new celebrities for Hollywood
[2026-03-30T10:30:00.158Z] [INFO] 🕒 CRON START: Comprehensive Daily Sync
[2026-03-30T10:30:00.199Z] [INFO] 🕒 CRON START: Trending Data Sync
[2026-03-30T10:30:03.730Z] [INFO] ✅ CRON SUCCESS: Trending Data Updated
[2026-03-30T10:30:09.716Z] [INFO] ✅ CRON SUCCESS: Daily Sync - Daily sync completed. Total new movies synced: 2. Background enrichment triggered.
[2026-03-30T11:30:00.504Z] [INFO] 🕒 CRON START: Comprehensive Daily Sync
[2026-03-30T11:30:00.638Z] [INFO] 🕒 CRON START: Trending Data Sync
[2026-03-30T11:30:03.882Z] [INFO] ✅ CRON SUCCESS: Trending Data Updated
[2026-03-30T11:30:15.724Z] [INFO] ✅ CRON SUCCESS: Daily Sync - Daily sync completed. Total new movies synced: 2. Background enrichment triggered.
[2026-03-30T12:30:00.140Z] [INFO] 🕒 CRON START: Trending Data Sync
[2026-03-30T12:30:00.187Z] [INFO] 🕒 CRON START: Comprehensive Daily Sync
[2026-03-30T12:30:01.036Z] [INFO] ✅ CRON SUCCESS: Trending Data Updated
[2026-03-30T12:30:08.796Z] [INFO] ✅ CRON SUCCESS: Daily Sync - Daily sync completed. Total new movies synced: 2. Background enrichment triggered.
[2026-03-30T13:30:00.161Z] [INFO] 🕒 CRON START: Comprehensive Daily Sync
[2026-03-30T13:30:00.211Z] [INFO] 🕒 CRON START: Trending Data Sync
[2026-03-30T13:30:02.275Z] [INFO] ✅ CRON SUCCESS: Trending Data Updated
[2026-03-30T13:30:12.655Z] [INFO] ✅ CRON SUCCESS: Daily Sync - Daily sync completed. Total new movies synced: 2. Background enrichment triggered.
[2026-03-31T05:30:00.109Z] [INFO] 🕒 CRON START: Comprehensive Daily Sync
[2026-03-31T05:30:00.163Z] [INFO] 💓 Scheduler Heartbeat: Service is active and monitoring.
[2026-03-31T05:30:00.167Z] [INFO] 🕒 CRON START: Trending Data Sync
[2026-03-31T05:30:01.002Z] [INFO] ✅ CRON SUCCESS: Trending Data Updated
[2026-03-31T05:30:10.621Z] [INFO] ✅ CRON SUCCESS: Daily Sync - Daily sync completed. Total new movies synced: 2. Background enrichment triggered.
[2026-03-31T05:31:00.059Z] [INFO] 💓 Scheduler Heartbeat: Service is active and monitoring.
[2026-03-31T05:32:00.039Z] [INFO] 💓 Scheduler Heartbeat: Service is active and monitoring.
[2026-03-31T05:33:00.051Z] [INFO] 💓 Scheduler Heartbeat: Service is active and monitoring.
[2026-03-31T05:34:00.038Z] [INFO] 💓 Scheduler Heartbeat: Service is active and monitoring.
[2026-03-31T05:35:00.100Z] [INFO] 💓 Scheduler Heartbeat: Service is active and monitoring.
[2026-03-31T05:35:00.157Z] [INFO] 🕒 CRON START: Wikipedia Movie Scraper
[2026-03-31T05:35:56.007Z] [INFO] ✅ CRON SUCCESS: Movie Scraper - Successfully synced 20 movies for 2026
[2026-03-31T05:36:00.060Z] [INFO] 💓 Scheduler Heartbeat: Service is active and monitoring.
[2026-03-31T05:37:00.057Z] [INFO] 💓 Scheduler Heartbeat: Service is active and monitoring.
[2026-03-31T05:38:00.049Z] [INFO] 💓 Scheduler Heartbeat: Service is active and monitoring.
[2026-03-31T05:39:00.048Z] [INFO] 💓 Scheduler Heartbeat: Service is active and monitoring.
[2026-03-31T05:40:00.053Z] [INFO] 💓 Scheduler Heartbeat: Service is active and monitoring.
[2026-03-31T05:41:00.057Z] [INFO] 💓 Scheduler Heartbeat: Service is active and monitoring.
[2026-03-31T05:42:00.150Z] [INFO] 💓 Scheduler Heartbeat: Service is active and monitoring.
[2026-03-31T05:43:00.061Z] [INFO] 💓 Scheduler Heartbeat: Service is active and monitoring.
[2026-03-31T05:44:00.051Z] [INFO] 💓 Scheduler Heartbeat: Service is active and monitoring.
[2026-03-31T05:45:00.066Z] [INFO] 💓 Scheduler Heartbeat: Service is active and monitoring.
[2026-03-31T05:46:00.046Z] [INFO] 💓 Scheduler Heartbeat: Service is active and monitoring.
[2026-03-31T05:47:00.043Z] [INFO] 💓 Scheduler Heartbeat: Service is active and monitoring.
[2026-03-31T05:48:00.051Z] [INFO] 💓 Scheduler Heartbeat: Service is active and monitoring.
[2026-03-31T05:49:00.141Z] [INFO] 💓 Scheduler Heartbeat: Service is active and monitoring.
[2026-03-31T05:50:00.052Z] [INFO] 💓 Scheduler Heartbeat: Service is active and monitoring.
[2026-03-31T05:51:00.055Z] [INFO] 💓 Scheduler Heartbeat: Service is active and monitoring.
[2026-03-31T05:52:00.062Z] [INFO] 💓 Scheduler Heartbeat: Service is active and monitoring.
[2026-03-31T05:53:00.041Z] [INFO] 💓 Scheduler Heartbeat: Service is active and monitoring.
[2026-03-31T05:54:00.060Z] [INFO] 💓 Scheduler Heartbeat: Service is active and monitoring.
[2026-03-31T05:55:00.045Z] [INFO] 💓 Scheduler Heartbeat: Service is active and monitoring.
[2026-03-31T05:56:00.044Z] [INFO] 💓 Scheduler Heartbeat: Service is active and monitoring.
[2026-03-31T05:57:00.044Z] [INFO] 💓 Scheduler Heartbeat: Service is active and monitoring.
[2026-03-31T05:57:46.910Z] [INFO] Received kill signal, shutting down gracefully...
[2026-03-31T05:58:16.386Z] [INFO] Cron job scheduler background service initiated (Target: http://localhost:3000).
[2026-03-31T05:58:16.443Z] [INFO] Log file location: C:\Users\jnj\Desktop\DigLip7\filmy\film\scheduler.log
[2026-03-31T05:58:16.695Z] [INFO] 🚀 Executing initial automation run...
[2026-03-31T05:58:16.698Z] [INFO] Waiting for Next.js server at http://localhost:3000 to be ready...
[2026-03-31T05:58:16.764Z] [INFO] All cron schedules active. Automation interval: 0 * * * *
[2026-03-31T05:58:16.809Z] [INFO] Next.js server not ready yet (attempt 1/20)...
[2026-03-31T05:58:23.228Z] [INFO] ✅ Next.js server is ready. Starting automation.
[2026-03-31T05:58:23.229Z] [INFO] 🕒 CRON START: Comprehensive Daily Sync
[2026-03-31T05:58:23.233Z] [INFO] 🕒 CRON START: Celebrity Scraper
[2026-03-31T05:58:38.194Z] [INFO] ✅ CRON SUCCESS: Daily Sync - Daily sync completed. Total new movies synced: 2. Background enrichment triggered.
[2026-03-31T05:59:00.260Z] [INFO] 💓 Scheduler Heartbeat: Service is active and monitoring.
[2026-03-31T06:00:00.040Z] [INFO] 💓 Scheduler Heartbeat: Service is active and monitoring.
[2026-03-31T06:00:23.287Z] [ERROR] ❌ CRON FATAL (Celebrity): network timeout at: http://localhost:3000/api/admin/automation/scrape-celebrity
[2026-03-31T06:01:00.027Z] [INFO] 💓 Scheduler Heartbeat: Service is active and monitoring.
[2026-03-31T06:02:00.039Z] [INFO] 💓 Scheduler Heartbeat: Service is active and monitoring.
[2026-03-31T06:03:00.022Z] [INFO] 💓 Scheduler Heartbeat: Service is active and monitoring.
[2026-03-31T06:04:00.028Z] [INFO] 💓 Scheduler Heartbeat: Service is active and monitoring.
[2026-03-31T06:05:00.029Z] [INFO] 💓 Scheduler Heartbeat: Service is active and monitoring.
[2026-03-31T06:06:00.069Z] [INFO] 💓 Scheduler Heartbeat: Service is active and monitoring.
[2026-03-31T06:07:00.051Z] [INFO] 💓 Scheduler Heartbeat: Service is active and monitoring.
[2026-03-31T06:08:00.150Z] [INFO] 💓 Scheduler Heartbeat: Service is active and monitoring.
[2026-03-31T06:09:00.038Z] [INFO] 💓 Scheduler Heartbeat: Service is active and monitoring.
[2026-03-31T06:10:00.142Z] [INFO] 💓 Scheduler Heartbeat: Service is active and monitoring.
[2026-03-31T06:11:00.105Z] [INFO] 💓 Scheduler Heartbeat: Service is active and monitoring.
[2026-03-31T06:12:00.161Z] [INFO] 💓 Scheduler Heartbeat: Service is active and monitoring.
[2026-03-31T06:13:00.062Z] [INFO] 💓 Scheduler Heartbeat: Service is active and monitoring.
[2026-03-31T06:14:00.043Z] [INFO] 💓 Scheduler Heartbeat: Service is active and monitoring.
[2026-03-31T06:15:00.042Z] [INFO] 💓 Scheduler Heartbeat: Service is active and monitoring.
[2026-03-31T06:16:00.041Z] [INFO] 💓 Scheduler Heartbeat: Service is active and monitoring.
[2026-03-31T06:17:00.034Z] [INFO] 💓 Scheduler Heartbeat: Service is active and monitoring.
[2026-03-31T06:18:00.072Z] [INFO] 💓 Scheduler Heartbeat: Service is active and monitoring.
[2026-03-31T06:19:00.057Z] [INFO] 💓 Scheduler Heartbeat: Service is active and monitoring.
[2026-03-31T06:20:00.125Z] [INFO] 💓 Scheduler Heartbeat: Service is active and monitoring.
[2026-03-31T06:21:00.136Z] [INFO] 💓 Scheduler Heartbeat: Service is active and monitoring.
[2026-03-31T06:22:00.075Z] [INFO] 💓 Scheduler Heartbeat: Service is active and monitoring.
[2026-03-31T06:23:00.251Z] [INFO] 💓 Scheduler Heartbeat: Service is active and monitoring.
[2026-03-31T06:24:00.035Z] [INFO] 💓 Scheduler Heartbeat: Service is active and monitoring.
[2026-03-31T06:25:00.080Z] [INFO] 💓 Scheduler Heartbeat: Service is active and monitoring.
[2026-03-31T06:26:00.083Z] [INFO] 💓 Scheduler Heartbeat: Service is active and monitoring.
[2026-03-31T06:27:00.059Z] [INFO] 💓 Scheduler Heartbeat: Service is active and monitoring.
[2026-03-31T06:28:00.040Z] [INFO] 💓 Scheduler Heartbeat: Service is active and monitoring.
[2026-03-31T06:29:00.071Z] [INFO] 💓 Scheduler Heartbeat: Service is active and monitoring.
[2026-03-31T06:30:00.146Z] [INFO] 🕒 CRON START: Comprehensive Daily Sync
[2026-03-31T06:30:00.287Z] [INFO] 🕒 CRON START: Trending Data Sync
[2026-03-31T06:30:01.882Z] [INFO] ✅ CRON SUCCESS: Trending Data Updated
[2026-03-31T06:30:09.749Z] [INFO] ✅ CRON SUCCESS: Daily Sync - Daily sync completed. Total new movies synced: 2. Background enrichment triggered.
[2026-03-31T06:38:51.674Z] [INFO] Cron job scheduler background service initiated (Target: http://localhost:3000).
[2026-03-31T06:38:51.679Z] [INFO] Log file location: C:\Users\jnj\Desktop\DigLip7\filmy\film\scheduler.log
[2026-03-31T06:38:51.974Z] [INFO] 🚀 Executing initial automation run...
[2026-03-31T06:38:51.976Z] [INFO] Waiting for Next.js server at http://localhost:3000 to be ready...
[2026-03-31T06:38:52.061Z] [INFO] All cron schedules active. Automation interval: 0 * * * *
[2026-03-31T06:38:52.095Z] [INFO] Next.js server not ready yet (attempt 1/20)...
[2026-03-31T06:38:59.179Z] [INFO] Next.js server not ready yet (attempt 2/20)...
[2026-03-31T06:39:04.953Z] [INFO] ✅ Next.js server is ready. Starting automation.
[2026-03-31T06:39:04.956Z] [INFO] 🕒 CRON START: Comprehensive Daily Sync
[2026-03-31T06:39:04.962Z] [INFO] 🕒 CRON START: Celebrity Scraper
[2026-03-31T06:39:23.443Z] [INFO] ✅ CRON SUCCESS: Daily Sync - Daily sync completed. Total new movies synced: 2. Background enrichment triggered.
[2026-03-31T06:39:43.096Z] [INFO] ✅ CRON SUCCESS: Bollywood Celebrity Scraper - Successfully synced 20 new celebrities for Bollywood
[2026-03-31T06:40:12.073Z] [INFO] ✅ CRON SUCCESS: Hollywood Celebrity Scraper - Successfully synced 20 new celebrities for Hollywood
[2026-03-31T06:42:50.825Z] [INFO] Received kill signal, shutting down gracefully...
[2026-03-31T06:43:01.663Z] [INFO] Cron job scheduler background service initiated (Target: http://localhost:3000).
[2026-03-31T06:43:01.667Z] [INFO] Log file location: C:\Users\jnj\Desktop\DigLip7\filmy\film\scheduler.log
[2026-03-31T06:43:01.891Z] [INFO] 🚀 Executing initial automation run...
[2026-03-31T06:43:01.893Z] [INFO] Waiting for Next.js server at http://localhost:3000 to be ready...
[2026-03-31T06:43:01.973Z] [INFO] All cron schedules active. Automation interval: 0 * * * *
[2026-03-31T06:43:02.015Z] [INFO] Next.js server not ready yet (attempt 1/20)...
[2026-03-31T06:43:09.047Z] [INFO] Next.js server not ready yet (attempt 2/20)...
[2026-03-31T06:43:14.262Z] [INFO] ✅ Next.js server is ready. Starting automation.
[2026-03-31T06:43:14.264Z] [INFO] 🕒 CRON START: Comprehensive Daily Sync
[2026-03-31T06:43:14.270Z] [INFO] 🕒 CRON START: Celebrity Scraper
[2026-03-31T06:43:35.376Z] [INFO] ✅ CRON SUCCESS: Daily Sync - Daily sync completed. Total new movies synced: 2. Background enrichment triggered.
[2026-03-31T06:45:14.295Z] [ERROR] ❌ CRON FATAL (Celebrity): network timeout at: http://localhost:3000/api/admin/automation/scrape-celebrity
[2026-03-31T10:13:50.899Z] [INFO] Cron job scheduler background service initiated (Target: http://localhost:3000).
[2026-03-31T10:13:50.900Z] [INFO] Log file location: C:\Users\pc\Downloads\project2\my-project\scheduler.log
[2026-03-31T10:13:50.915Z] [INFO] 🚀 Executing initial automation run...
[2026-03-31T10:13:50.915Z] [INFO] Waiting for Next.js server at http://localhost:3000 to be ready...
[2026-03-31T10:13:50.926Z] [INFO] All cron schedules active. Automation interval: 0 * * * *
[2026-03-31T10:13:50.929Z] [INFO] Next.js server not ready yet (attempt 1/20)...
[2026-03-31T10:13:55.997Z] [INFO] ✅ Next.js server is ready. Starting automation.
[2026-03-31T10:13:55.998Z] [INFO] 🕒 CRON START: Comprehensive Daily Sync
[2026-03-31T10:13:55.998Z] [INFO] 🕒 CRON START: Celebrity Scraper
[2026-03-31T10:14:06.794Z] [INFO] ✅ CRON SUCCESS: Daily Sync - Daily sync completed. Total new movies synced: 2. Background enrichment triggered.
[2026-03-31T10:14:17.129Z] [INFO] ✅ CRON SUCCESS: Bollywood Celebrity Scraper - Successfully synced 20 new celebrities for Bollywood
[2026-03-31T10:14:31.705Z] [INFO] ✅ CRON SUCCESS: Hollywood Celebrity Scraper - Successfully synced 20 new celebrities for Hollywood
[2026-03-31T10:16:37.427Z] [INFO] Cron job scheduler background service initiated (Target: http://localhost:3000).
[2026-03-31T10:16:37.428Z] [INFO] Log file location: C:\Users\pc\Downloads\project2\my-project\scheduler.log
[2026-03-31T10:16:37.443Z] [INFO] 🚀 Executing initial automation run...
[2026-03-31T10:16:37.443Z] [INFO] Waiting for Next.js server at http://localhost:3000 to be ready...
[2026-03-31T10:16:37.453Z] [INFO] All cron schedules active. Automation interval: 0 * * * *
[2026-03-31T10:16:37.456Z] [INFO] Next.js server not ready yet (attempt 1/20)...
[2026-03-31T10:16:42.556Z] [INFO] ✅ Next.js server is ready. Starting automation.
[2026-03-31T10:16:42.556Z] [INFO] 🕒 CRON START: Comprehensive Daily Sync
[2026-03-31T10:16:42.557Z] [INFO] 🕒 CRON START: Celebrity Scraper
[2026-03-31T10:16:52.547Z] [INFO] ✅ CRON SUCCESS: Daily Sync - Daily sync completed. Total new movies synced: 2. Background enrichment triggered.
[2026-03-31T10:17:00.218Z] [INFO] ✅ CRON SUCCESS: Bollywood Celebrity Scraper - Successfully synced 20 new celebrities for Bollywood
[2026-03-31T10:17:12.122Z] [INFO] ✅ CRON SUCCESS: Hollywood Celebrity Scraper - Successfully synced 20 new celebrities for Hollywood
[2026-03-31T10:17:43.760Z] [INFO] Received kill signal, shutting down gracefully...
[2026-03-31T10:17:50.417Z] [INFO] Cron job scheduler background service initiated (Target: http://localhost:3000).
[2026-03-31T10:17:50.417Z] [INFO] Log file location: C:\Users\pc\Downloads\project2\my-project\scheduler.log
[2026-03-31T10:17:50.433Z] [INFO] 🚀 Executing initial automation run...
[2026-03-31T10:17:50.433Z] [INFO] Waiting for Next.js server at http://localhost:3000 to be ready...
[2026-03-31T10:17:50.443Z] [INFO] All cron schedules active. Automation interval: 0 * * * *
[2026-03-31T10:17:50.446Z] [INFO] Next.js server not ready yet (attempt 1/20)...
[2026-03-31T10:17:55.543Z] [INFO] ✅ Next.js server is ready. Starting automation.
[2026-03-31T10:17:55.544Z] [INFO] 🕒 CRON START: Comprehensive Daily Sync
[2026-03-31T10:17:55.545Z] [INFO] 🕒 CRON START: Celebrity Scraper
[2026-03-31T10:18:04.939Z] [INFO] ✅ CRON SUCCESS: Daily Sync - Daily sync completed. Total new movies synced: 2. Background enrichment triggered.
[2026-03-31T10:18:15.717Z] [INFO] ✅ CRON SUCCESS: Bollywood Celebrity Scraper - Successfully synced 20 new celebrities for Bollywood
[2026-03-31T10:18:28.567Z] [INFO] ✅ CRON SUCCESS: Hollywood Celebrity Scraper - Successfully synced 20 new celebrities for Hollywood
[2026-03-31T10:30:00.016Z] [INFO] 🕒 CRON START: Trending Data Sync
[2026-03-31T10:30:00.018Z] [INFO] 🕒 CRON START: Comprehensive Daily Sync
[2026-03-31T10:30:00.637Z] [INFO] ✅ CRON SUCCESS: Trending Data Updated
[2026-03-31T10:30:06.993Z] [INFO] ✅ CRON SUCCESS: Daily Sync - Daily sync completed. Total new movies synced: 2. Background enrichment triggered.
[2026-03-31T11:29:30.694Z] [INFO] Received kill signal, shutting down gracefully...
[2026-03-31T11:30:20.760Z] [INFO] Cron job scheduler background service initiated (Target: http://localhost:3000).
[2026-03-31T11:30:20.760Z] [INFO] Log file location: C:\Users\pc\Downloads\project2\my-project\scheduler.log
[2026-03-31T11:30:20.776Z] [INFO] 🚀 Executing initial automation run...
[2026-03-31T11:30:20.777Z] [INFO] Waiting for Next.js server at http://localhost:3000 to be ready...
[2026-03-31T11:30:20.787Z] [INFO] All cron schedules active. Automation interval: 0 * * * *
[2026-03-31T11:30:20.789Z] [INFO] Next.js server not ready yet (attempt 1/20)...
[2026-03-31T11:30:25.926Z] [INFO] ✅ Next.js server is ready. Starting automation.
[2026-03-31T11:30:25.926Z] [INFO] 🕒 CRON START: Comprehensive Daily Sync
[2026-03-31T11:30:25.927Z] [INFO] 🕒 CRON START: Celebrity Scraper
[2026-03-31T11:30:35.053Z] [INFO] ✅ CRON SUCCESS: Daily Sync - Daily sync completed. Total new movies synced: 2. Background enrichment triggered.
[2026-03-31T11:30:45.562Z] [INFO] ✅ CRON SUCCESS: Bollywood Celebrity Scraper - Successfully synced 20 new celebrities for Bollywood
[2026-03-31T11:30:57.219Z] [INFO] ✅ CRON SUCCESS: Hollywood Celebrity Scraper - Successfully synced 20 new celebrities for Hollywood
[2026-03-31T12:12:08.106Z] [INFO] Received kill signal, shutting down gracefully...
[2026-03-31T12:12:42.371Z] [INFO] Cron job scheduler background service initiated (Target: http://localhost:3000).
[2026-03-31T12:12:42.371Z] [INFO] Log file location: C:\Users\pc\Downloads\project2\my-project\scheduler.log
[2026-03-31T12:12:42.387Z] [INFO] 🚀 Executing initial automation run...
[2026-03-31T12:12:42.387Z] [INFO] Waiting for Next.js server at http://localhost:3000 to be ready...
[2026-03-31T12:12:42.398Z] [INFO] All cron schedules active. Automation interval: 0 * * * *
[2026-03-31T12:12:42.401Z] [INFO] Next.js server not ready yet (attempt 1/20)...
[2026-03-31T12:12:47.429Z] [INFO] ✅ Next.js server is ready. Starting automation.
[2026-03-31T12:12:47.430Z] [INFO] 🕒 CRON START: Comprehensive Daily Sync
[2026-03-31T12:12:47.430Z] [INFO] 🕒 CRON START: Celebrity Scraper
[2026-03-31T12:12:57.681Z] [INFO] ✅ CRON SUCCESS: Daily Sync - Daily sync completed. Total new movies synced: 2. Background enrichment triggered.
[2026-03-31T12:13:06.688Z] [INFO] ✅ CRON SUCCESS: Bollywood Celebrity Scraper - Successfully synced 20 new celebrities for Bollywood
[2026-03-31T12:13:19.123Z] [INFO] ✅ CRON SUCCESS: Hollywood Celebrity Scraper - Successfully synced 20 new celebrities for Hollywood
[2026-03-31T12:30:00.034Z] [INFO] 🕒 CRON START: Comprehensive Daily Sync
[2026-03-31T12:30:00.035Z] [INFO] 🕒 CRON START: Trending Data Sync
[2026-03-31T12:30:01.010Z] [INFO] ✅ CRON SUCCESS: Trending Data Updated
[2026-03-31T12:30:09.753Z] [INFO] ✅ CRON SUCCESS: Daily Sync - Daily sync completed. Total new movies synced: 2. Background enrichment triggered.
[2026-04-01T04:44:39.950Z] [INFO] Cron job scheduler background service initiated (Target: http://localhost:3000).
[2026-04-01T04:44:39.951Z] [INFO] Log file location: C:\Users\pc\Downloads\project2\my-project\scheduler.log
[2026-04-01T04:44:40.007Z] [INFO] 🚀 Executing initial automation run...
[2026-04-01T04:44:40.008Z] [INFO] Waiting for Next.js server at http://localhost:3000 to be ready...
[2026-04-01T04:44:40.021Z] [INFO] All cron schedules active. Automation interval: 0 * * * *
[2026-04-01T04:44:40.023Z] [INFO] Next.js server not ready yet (attempt 1/20)...
[2026-04-01T04:44:45.109Z] [INFO] ✅ Next.js server is ready. Starting automation.
[2026-04-01T04:44:45.109Z] [INFO] 🕒 CRON START: Comprehensive Daily Sync
[2026-04-01T04:44:45.110Z] [INFO] 🕒 CRON START: Celebrity Scraper
[2026-04-01T04:44:53.695Z] [INFO] ✅ CRON SUCCESS: Daily Sync - Daily sync completed. Total new movies synced: 2. Background enrichment triggered.
[2026-04-01T04:45:06.078Z] [INFO] ✅ CRON SUCCESS: Bollywood Celebrity Scraper - Successfully synced 20 new celebrities for Bollywood
[2026-04-01T04:45:23.723Z] [INFO] ✅ CRON SUCCESS: Hollywood Celebrity Scraper - Successfully synced 20 new celebrities for Hollywood
[2026-04-01T04:47:55.516Z] [INFO] Received kill signal, shutting down gracefully...
[2026-04-06T05:00:00.215Z] [INFO] 🕒 CRON START: Trending Data Sync
[2026-04-06T05:00:38.146Z] [INFO] ✅ CRON SUCCESS: Trending Data Updated
[2026-04-06T05:30:00.265Z] [INFO] 💓 Scheduler Heartbeat: Service is active and monitoring.
[2026-04-06T05:30:00.289Z] [INFO] 🕒 CRON START: Comprehensive Daily Sync
[2026-04-06T05:30:00.327Z] [INFO] 🕒 CRON START: Trending Data Sync
[2026-04-06T05:30:13.620Z] [INFO] ✅ CRON SUCCESS: Daily Sync - Daily sync completed. Total new movies synced: 3. Background enrichment triggered.
[2026-04-06T05:30:46.182Z] [INFO] ✅ CRON SUCCESS: Trending Data Updated
[2026-04-06T05:35:00.162Z] [INFO] 🕒 CRON START: Wikipedia Movie Scraper
[2026-04-06T05:36:00.223Z] [ERROR] ❌ CRON FATAL (Movie): network timeout at: http://localhost:3000/api/admin/automation/scrape-wikipedia
[2026-04-06T06:00:00.267Z] [INFO] 🕒 CRON START: Trending Data Sync
[2026-04-06T06:00:47.505Z] [INFO] ✅ CRON SUCCESS: Trending Data Updated
[2026-04-06T06:30:00.499Z] [INFO] 💓 Scheduler Heartbeat: Service is active and monitoring.
[2026-04-06T06:30:00.622Z] [INFO] 🕒 CRON START: Comprehensive Daily Sync
[2026-04-06T06:30:00.994Z] [INFO] 🕒 CRON START: Trending Data Sync
[2026-04-06T06:30:18.571Z] [INFO] ✅ CRON SUCCESS: Daily Sync - Daily sync completed. Total new movies synced: 3. Background enrichment triggered.
[2026-04-06T06:30:56.383Z] [INFO] ✅ CRON SUCCESS: Trending Data Updated
[2026-04-06T06:46:16.009Z] [INFO] Received kill signal, shutting down gracefully...
[2026-04-06T06:46:39.040Z] [INFO] Cron job scheduler background service initiated (Target: http://localhost:3000).
[2026-04-06T06:46:39.045Z] [INFO] Log file location: C:\Users\jnj\Desktop\DigLip7\filmy\film\scheduler.log
[2026-04-06T06:46:39.381Z] [INFO] 🚀 Executing initial automation run...
[2026-04-06T06:46:39.384Z] [INFO] Waiting for Next.js server at http://localhost:3000 to be ready...
[2026-04-06T06:46:39.483Z] [INFO] All cron schedules active. Automation interval: 0 * * * *
[2026-04-06T06:46:39.530Z] [INFO] Next.js server not ready yet (attempt 1/20)...
[2026-04-06T06:46:46.543Z] [INFO] Next.js server not ready yet (attempt 2/20)...
[2026-04-06T06:46:52.867Z] [INFO] ✅ Next.js server is ready. Starting automation.
[2026-04-06T06:46:52.874Z] [INFO] 🕒 CRON START: Comprehensive Daily Sync
[2026-04-06T06:46:52.887Z] [INFO] 🕒 CRON START: Celebrity Scraper
[2026-04-06T06:47:23.963Z] [INFO] ✅ CRON SUCCESS: Daily Sync - Daily sync completed. Total new movies synced: 3. Background enrichment triggered.
[2026-04-06T06:47:40.255Z] [INFO] ✅ CRON SUCCESS: Bollywood Celebrity Scraper - Successfully synced 20 new celebrities for Bollywood
[2026-04-06T06:48:01.928Z] [INFO] ✅ CRON SUCCESS: Hollywood Celebrity Scraper - Successfully synced 20 new celebrities for Hollywood
[2026-04-06T07:00:02.880Z] [INFO] 🕒 CRON START: Trending Data Sync
[2026-04-06T07:01:14.069Z] [INFO] ✅ CRON SUCCESS: Trending Data Updated
[2026-04-08T12:30:00.312Z] [INFO] 🕒 CRON START: Comprehensive Daily Sync (Movies & Content)
[2026-04-08T12:30:00.352Z] [INFO] 🕒 CRON START: Comprehensive Daily Sync
[2026-04-08T12:30:00.441Z] [INFO] 🕒 CRON START: Trending Data Sync
[2026-04-08T12:30:00.461Z] [INFO] 🕒 CRON START: Trending Data Sync
[2026-04-08T12:30:13.304Z] [INFO] ✅ CRON SUCCESS: Daily Sync - Daily sync completed. Total new movies synced: 3. Background enrichment triggered.
[2026-04-08T12:30:13.703Z] [INFO] ✅ CRON SUCCESS: Daily Sync - Daily sync completed. Total new movies synced: 3. Background enrichment triggered.
[2026-04-08T12:30:57.481Z] [INFO] ✅ CRON SUCCESS: Trending Data Updated
[2026-04-08T12:30:59.852Z] [INFO] ✅ CRON SUCCESS: Trending Data Updated
[2026-04-08T13:00:00.283Z] [INFO] 🕒 CRON START: Trending Data Sync
[2026-04-08T13:00:00.286Z] [INFO] 🕒 CRON START: Trending Data Sync
[2026-04-08T13:00:49.630Z] [INFO] ✅ CRON SUCCESS: Trending Data Updated
[2026-04-08T13:00:49.814Z] [INFO] ✅ CRON SUCCESS: Trending Data Updated
[2026-04-08T13:28:51.690Z] [INFO] Received kill signal, shutting down gracefully...
[2026-04-09T04:35:09.643Z] [INFO] Cron job scheduler background service initiated (Target: http://localhost:3000).
[2026-04-09T04:35:09.646Z] [INFO] Log file location: C:\Users\jnj\Desktop\DigLip7\filmy\film\scheduler.log
[2026-04-09T04:35:09.863Z] [INFO] 🚀 Executing initial automation run...
[2026-04-09T04:35:09.864Z] [INFO] Waiting for Next.js server at http://localhost:3000 to be ready...
[2026-04-09T04:35:09.918Z] [INFO] All cron schedules active. Automation interval: 0 * * * *
[2026-04-09T04:35:09.954Z] [INFO] Next.js server not ready yet (attempt 1/20)...
[2026-04-09T04:35:15.343Z] [INFO] ✅ Next.js server is ready. Starting automation.
[2026-04-09T04:35:15.345Z] [INFO] 🕒 CRON START: Comprehensive Daily Sync (Movies & Content)
[2026-04-09T04:35:15.349Z] [INFO] 🕒 CRON START: Celebrity Scraper
[2026-04-09T04:35:28.588Z] [INFO] ✅ CRON SUCCESS: Daily Sync - Daily sync completed. Total new movies synced: 4. Background enrichment triggered.
[2026-04-09T04:35:32.209Z] [INFO] ✅ CRON SUCCESS: Bollywood Celebrity Scraper - Successfully synced 10 new celebrities for Bollywood
[2026-04-09T04:35:40.858Z] [INFO] ✅ CRON SUCCESS: Hollywood Celebrity Scraper - Successfully synced 10 new celebrities for Hollywood
[2026-04-09T05:00:00.141Z] [INFO] 🕒 CRON START: Trending Data Sync
[2026-04-09T05:00:00.165Z] [INFO] 🕒 CRON START: Trending Data Sync
[2026-04-09T05:00:50.706Z] [INFO] ✅ CRON SUCCESS: Trending Data Updated
[2026-04-09T05:00:57.025Z] [INFO] ✅ CRON SUCCESS: Trending Data Updated
[2026-04-09T05:30:00.103Z] [INFO] 🕒 CRON START: Comprehensive Daily Sync (Movies & Content)
[2026-04-09T05:30:00.151Z] [INFO] 💓 Scheduler Heartbeat: Service is active and monitoring.
[2026-04-09T05:30:00.170Z] [INFO] 🕒 CRON START: Trending Data Sync
[2026-04-09T05:30:00.206Z] [INFO] 🕒 CRON START: Trending Data Sync
[2026-04-09T05:30:00.215Z] [INFO] 🕒 CRON START: Comprehensive Daily Sync (Movies & Content)
[2026-04-09T05:30:00.220Z] [INFO] 💓 Scheduler Heartbeat: Service is active and monitoring.
[2026-04-09T05:30:10.865Z] [INFO] ✅ CRON SUCCESS: Daily Sync - Daily sync completed. Total new movies synced: 4. Background enrichment triggered.
[2026-04-09T05:30:11.362Z] [INFO] ✅ CRON SUCCESS: Daily Sync - Daily sync completed. Total new movies synced: 4. Background enrichment triggered.
[2026-04-09T05:30:53.791Z] [INFO] ✅ CRON SUCCESS: Trending Data Updated
[2026-04-09T05:30:54.227Z] [INFO] ✅ CRON SUCCESS: Trending Data Updated
[2026-04-09T05:35:00.060Z] [INFO] 🕒 CRON START: Wikipedia Movie Scraper
[2026-04-09T05:35:00.087Z] [INFO] 🕒 CRON START: Wikipedia Movie Scraper
[2026-04-09T05:35:06.408Z] [INFO] ✅ CRON SUCCESS: Movie Scraper - Successfully synced 10 movies for 2026
[2026-04-09T05:35:08.143Z] [INFO] ✅ CRON SUCCESS: Movie Scraper - Successfully synced 10 movies for 2026
[2026-04-09T05:40:00.054Z] [INFO] 🕒 CRON START: Celebrity Scraper
[2026-04-09T05:40:00.100Z] [INFO] 🕒 CRON START: Celebrity Scraper
[2026-04-09T05:40:09.300Z] [INFO] ✅ CRON SUCCESS: Bollywood Celebrity Scraper - Successfully synced 10 new celebrities for Bollywood
[2026-04-09T05:40:09.308Z] [INFO] ✅ CRON SUCCESS: Bollywood Celebrity Scraper - Successfully synced 10 new celebrities for Bollywood
[2026-04-09T05:40:17.068Z] [INFO] ✅ CRON SUCCESS: Hollywood Celebrity Scraper - Successfully synced 10 new celebrities for Hollywood
[2026-04-09T05:40:17.125Z] [INFO] ✅ CRON SUCCESS: Hollywood Celebrity Scraper - Successfully synced 10 new celebrities for Hollywood
[2026-04-09T05:50:00.133Z] [INFO] 🕒 CRON START: Daily Box Office & OTT Refresh
[2026-04-09T05:50:00.176Z] [INFO] 🕒 CRON START: Daily Box Office & OTT Refresh
[2026-04-09T05:50:01.261Z] [INFO] 📊 Refreshing data for 50 recent movies
[2026-04-09T05:50:01.725Z] [INFO] 📊 Refreshing data for 50 recent movies
[2026-04-09T05:50:01.832Z] [INFO] ✅ Refreshed data for tu-yaa-maintu-yaa-mainexternal-audio
[2026-04-09T05:50:02.711Z] [INFO] ✅ Refreshed data for tu-yaa-maintu-yaa-mainexternal-audio
[2026-04-09T05:50:04.063Z] [INFO] ✅ Refreshed data for rahu-ketu
[2026-04-09T05:50:04.571Z] [INFO] ✅ Refreshed data for rahu-ketu
[2026-04-09T05:50:04.733Z] [INFO] ✅ Refreshed data for do-deewane-seher-meindo-deewane-seher-meinexternal-audio
[2026-04-09T05:50:05.054Z] [INFO] ✅ Refreshed data for do-deewane-seher-meindo-deewane-seher-meinexternal-audio
[2026-04-09T05:50:05.972Z] [INFO] ✅ Refreshed data for assiassi
[2026-04-09T05:50:06.504Z] [INFO] ✅ Refreshed data for assiassi
[2026-04-09T05:50:07.213Z] [INFO] ✅ Refreshed data for ikkis
[2026-04-09T05:50:07.763Z] [INFO] ✅ Refreshed data for ikkis
[2026-04-09T05:50:07.939Z] [INFO] ✅ Refreshed data for the-kerala-story-2-goes-beyondthe-kerala-story-2-goes-beyond
[2026-04-09T05:50:08.295Z] [INFO] ✅ Refreshed data for the-kerala-story-2-goes-beyondthe-kerala-story-2-goes-beyond
[2026-04-09T05:50:08.675Z] [INFO] ✅ Refreshed data for mardaani-3mardaani-3external-audio
[2026-04-09T05:50:08.789Z] [INFO] ✅ Refreshed data for mardaani-3mardaani-3external-audio
[2026-04-09T05:50:09.873Z] [INFO] ✅ Refreshed data for oromeo
[2026-04-09T05:50:10.306Z] [INFO] ✅ Refreshed data for oromeo
[2026-04-09T05:50:10.848Z] [INFO] ✅ Refreshed data for border-2
[2026-04-09T05:50:11.253Z] [INFO] ✅ Refreshed data for border-2
[2026-04-09T05:50:11.826Z] [INFO] ✅ Refreshed data for dhurandhar-the-revenge
[2026-04-09T05:50:12.361Z] [INFO] ✅ Refreshed data for dhurandhar-the-revenge
[2026-04-09T05:50:13.080Z] [INFO] ✅ Refreshed data for king
[2026-04-09T05:50:13.435Z] [INFO] ✅ Refreshed data for king
[2026-04-09T05:50:14.260Z] [INFO] ✅ Refreshed data for mirzapur
[2026-04-09T05:50:14.679Z] [INFO] ✅ Refreshed data for mirzapur
[2026-04-09T05:50:15.444Z] [INFO] ✅ Refreshed data for lahore-1947
[2026-04-09T05:50:15.831Z] [INFO] ✅ Refreshed data for lahore-1947
[2026-04-09T05:50:16.616Z] [INFO] ✅ Refreshed data for cocktail-2
[2026-04-09T05:50:17.067Z] [INFO] ✅ Refreshed data for cocktail-2
[2026-04-09T05:50:17.794Z] [INFO] ✅ Refreshed data for bandarmonkey-in-a-cage
[2026-04-09T05:50:18.159Z] [INFO] ✅ Refreshed data for bandarmonkey-in-a-cage
[2026-04-09T05:50:18.471Z] [INFO] ✅ Refreshed data for ek-dinek-dinexternal-audio
[2026-04-09T05:50:18.589Z] [INFO] ✅ Refreshed data for ek-dinek-dinexternal-audio
[2026-04-09T05:50:19.744Z] [INFO] ✅ Refreshed data for raja-shivaji
[2026-04-09T05:50:19.851Z] [INFO] ✅ Refreshed data for raja-shivaji
[2026-04-09T05:50:20.847Z] [INFO] ✅ Refreshed data for bhooth-bangla
[2026-04-09T05:50:21.460Z] [INFO] ✅ Refreshed data for bhooth-bangla
[2026-04-09T05:50:21.989Z] [INFO] ✅ Refreshed data for toaster
[2026-04-09T05:50:22.367Z] [INFO] ✅ Refreshed data for toaster
[2026-04-09T05:50:23.154Z] [INFO] ✅ Refreshed data for jab-khuli-kitaab
[2026-04-09T05:50:23.496Z] [INFO] ✅ Refreshed data for jab-khuli-kitaab
[2026-04-09T05:50:24.431Z] [INFO] ✅ Refreshed data for na-jaane-kaun-aa-gaya
[2026-04-09T05:50:24.838Z] [INFO] ✅ Refreshed data for na-jaane-kaun-aa-gaya
[2026-04-09T05:50:25.548Z] [INFO] ✅ Refreshed data for charak-fair-of-faith
[2026-04-09T05:50:25.927Z] [INFO] ✅ Refreshed data for charak-fair-of-faith
[2026-04-09T05:50:26.701Z] [INFO] ✅ Refreshed data for subedaar
[2026-04-09T05:50:27.029Z] [INFO] ✅ Refreshed data for subedaar
[2026-04-09T05:50:27.669Z] [INFO] ✅ Refreshed data for accused
[2026-04-09T05:50:28.021Z] [INFO] ✅ Refreshed data for accused
[2026-04-09T05:50:28.862Z] [INFO] ✅ Refreshed data for kennedy
[2026-04-09T05:50:29.296Z] [INFO] ✅ Refreshed data for kennedy
[2026-04-09T05:50:29.444Z] [INFO] ✅ Refreshed data for shatak-sangh-ke-100-varsh
[2026-04-09T05:50:29.704Z] [INFO] ✅ Refreshed data for shatak-sangh-ke-100-varsh
[2026-04-09T05:50:30.538Z] [INFO] ✅ Refreshed data for bhabiji-ghar-par-hain-fun-on-the-run
[2026-04-09T05:50:31.025Z] [INFO] ✅ Refreshed data for bhabiji-ghar-par-hain-fun-on-the-run
[2026-04-09T05:50:32.114Z] [INFO] ✅ Refreshed data for vadh-2
[2026-04-09T05:50:32.425Z] [INFO] ✅ Refreshed data for vadh-2
[2026-04-09T05:50:33.138Z] [INFO] ✅ Refreshed data for mayasabha
[2026-04-09T05:50:33.452Z] [INFO] ✅ Refreshed data for mayasabha
[2026-04-09T05:50:34.271Z] [INFO] ✅ Refreshed data for human-cocaine
[2026-04-09T05:50:34.275Z] [INFO] ✅ Refreshed data for human-cocaine
[2026-04-09T05:50:35.340Z] [INFO] ✅ Refreshed data for gandhi-talksgandhi-talks
[2026-04-09T05:50:35.400Z] [INFO] ✅ Refreshed data for gandhi-talksgandhi-talks
[2026-04-09T05:50:36.417Z] [INFO] ✅ Refreshed data for one-two-cha-cha-chaa
[2026-04-09T05:50:36.428Z] [INFO] ✅ Refreshed data for one-two-cha-cha-chaa
[2026-04-09T05:50:36.997Z] [INFO] ✅ Refreshed data for bihu-attack
[2026-04-09T05:50:37.024Z] [INFO] ✅ Refreshed data for bihu-attack
[2026-04-09T05:50:37.675Z] [INFO] ✅ Refreshed data for happy-patel-khatarnak-jasooshappy-patel-khatarnak-jasoosexte
[2026-04-09T05:50:37.706Z] [INFO] ✅ Refreshed data for happy-patel-khatarnak-jasooshappy-patel-khatarnak-jasoosexte
[2026-04-09T05:50:38.760Z] [INFO] ✅ Refreshed data for azad-bharath
[2026-04-09T05:50:38.816Z] [INFO] ✅ Refreshed data for azad-bharath
[2026-04-09T05:50:39.976Z] [INFO] ✅ Refreshed data for vijaypathvijaypath
[2026-04-09T05:50:39.989Z] [INFO] ✅ Refreshed data for vijaypathvijaypath
[2026-04-09T05:50:40.451Z] [INFO] ✅ Refreshed data for vaade-iraade
[2026-04-09T05:50:40.452Z] [INFO] ✅ Refreshed data for vaade-iraade
[2026-04-09T05:50:41.436Z] [INFO] ✅ Refreshed data for udhaar-ki-zindagi
[2026-04-09T05:50:42.102Z] [INFO] ✅ Refreshed data for udhaar-ki-zindagi
[2026-04-09T05:50:43.099Z] [INFO] ✅ Refreshed data for the-gentleman
[2026-04-09T05:50:43.671Z] [INFO] ✅ Refreshed data for the-gentleman
[2026-04-09T05:50:44.265Z] [INFO] ✅ Refreshed data for the-cloud-door
[2026-04-09T05:50:44.618Z] [INFO] ✅ Refreshed data for the-cloud-door
[2026-04-09T05:50:44.906Z] [INFO] ✅ Refreshed data for teesra-kaun
[2026-04-09T05:50:45.427Z] [INFO] ✅ Refreshed data for teesra-kaun
[2026-04-09T05:50:46.315Z] [INFO] ✅ Refreshed data for tarpan
[2026-04-09T05:50:46.665Z] [INFO] ✅ Refreshed data for tarpan
[2026-04-09T05:50:47.582Z] [INFO] ✅ Refreshed data for suhaag
[2026-04-09T05:50:48.182Z] [INFO] ✅ Refreshed data for stunttmanstuntman
[2026-04-09T05:50:48.285Z] [INFO] ✅ Refreshed data for suhaag
[2026-04-09T05:50:48.743Z] [INFO] ✅ Refreshed data for stunttmanstuntman
[2026-04-09T05:50:49.260Z] [INFO] ✅ Refreshed data for shabnam
[2026-04-09T05:50:49.673Z] [INFO] ✅ Refreshed data for shabnam
[2026-04-09T05:50:50.409Z] [INFO] ✅ Refreshed data for sangdil-sanam
[2026-04-09T05:50:50.783Z] [INFO] ✅ Refreshed data for sangdil-sanam
[2026-04-09T05:50:51.313Z] [INFO] ✅ Refreshed data for salaamisalaami
[2026-04-09T05:50:51.743Z] [INFO] ✅ Refreshed data for salaamisalaami
[2026-04-09T05:50:52.376Z] [INFO] ✅ Refreshed data for saajan-ka-ghar
[2026-04-09T05:50:52.714Z] [INFO] ✅ Refreshed data for saajan-ka-ghar
[2026-04-09T05:50:53.298Z] [INFO] ✅ Refreshed data for rakhwale
[2026-04-09T05:50:53.647Z] [INFO] ✅ Refreshed data for rakhwale
[2026-04-09T05:50:54.233Z] [INFO] ✅ Refreshed data for raja-babu
[2026-04-09T05:50:54.235Z] [INFO] ✅ CRON COMPLETE: Daily Data Refresh for 50 movies
[2026-04-09T05:50:54.632Z] [INFO] ✅ Refreshed data for raja-babu
[2026-04-09T05:50:54.634Z] [INFO] ✅ CRON COMPLETE: Daily Data Refresh for 50 movies
[2026-04-09T06:00:00.157Z] [INFO] 🕒 CRON START: Trending Data Sync
[2026-04-09T06:00:00.158Z] [INFO] 🕒 CRON START: Trending Data Sync
[2026-04-09T06:00:51.733Z] [INFO] ✅ CRON SUCCESS: Trending Data Updated
[2026-04-09T06:00:51.769Z] [INFO] ✅ CRON SUCCESS: Trending Data Updated
[2026-04-09T06:30:00.312Z] [INFO] 🕒 CRON START: Trending Data Sync
[2026-04-09T06:30:00.301Z] [INFO] 🕒 CRON START: Comprehensive Daily Sync (Movies & Content)
[2026-04-09T06:30:00.406Z] [INFO] 🕒 CRON START: Comprehensive Daily Sync (Movies & Content)
[2026-04-09T06:30:00.418Z] [INFO] 🕒 CRON START: Trending Data Sync
[2026-04-09T06:30:12.470Z] [INFO] ✅ CRON SUCCESS: Daily Sync - Daily sync completed. Total new movies synced: 4. Background enrichment triggered.
[2026-04-09T06:30:14.519Z] [INFO] ✅ CRON SUCCESS: Daily Sync - Daily sync completed. Total new movies synced: 4. Background enrichment triggered.
[2026-04-09T06:31:09.743Z] [INFO] ✅ CRON SUCCESS: Trending Data Updated
[2026-04-09T06:31:11.317Z] [INFO] ✅ CRON SUCCESS: Trending Data Updated
[2026-04-09T07:00:00.334Z] [INFO] 🕒 CRON START: Trending Data Sync
[2026-04-09T07:00:00.336Z] [INFO] 🕒 CRON START: Trending Data Sync
[2026-04-09T07:01:11.164Z] [INFO] ✅ CRON SUCCESS: Trending Data Updated
[2026-04-09T07:01:11.739Z] [INFO] ✅ CRON SUCCESS: Trending Data Updated
[2026-04-09T07:30:00.194Z] [INFO] 🕒 CRON START: Comprehensive Daily Sync (Movies & Content)
[2026-04-09T07:30:00.196Z] [INFO] 🕒 CRON START: Comprehensive Daily Sync (Movies & Content)
[2026-04-09T07:30:00.277Z] [INFO] 🕒 CRON START: Trending Data Sync
[2026-04-09T07:30:00.280Z] [INFO] 🕒 CRON START: Trending Data Sync
[2026-04-09T07:30:12.399Z] [INFO] ✅ CRON SUCCESS: Daily Sync - Daily sync completed. Total new movies synced: 5. Background enrichment triggered.
[2026-04-09T07:30:12.676Z] [INFO] ✅ CRON SUCCESS: Daily Sync - Daily sync completed. Total new movies synced: 4. Background enrichment triggered.
[2026-04-09T07:35:00.373Z] [ERROR] ❌ CRON FATAL (Trending Sync): network timeout at: http://localhost:3000/api/trending/sync
[2026-04-09T07:35:00.419Z] [ERROR] ❌ CRON FATAL (Trending Sync): network timeout at: http://localhost:3000/api/trending/sync
[2026-04-09T08:00:00.243Z] [INFO] 🕒 CRON START: Trending Data Sync
[2026-04-09T08:00:00.259Z] [INFO] 🕒 CRON START: Trending Data Sync
[2026-04-09T08:01:39.541Z] [INFO] ✅ CRON SUCCESS: Trending Data Updated
[2026-04-09T08:01:40.015Z] [INFO] ✅ CRON SUCCESS: Trending Data Updated
[2026-04-09T08:30:00.303Z] [INFO] 🕒 CRON START: Trending Data Sync
[2026-04-09T08:30:00.335Z] [INFO] 🕒 CRON START: Comprehensive Daily Sync (Movies & Content)
[2026-04-09T08:30:00.424Z] [INFO] 🕒 CRON START: Trending Data Sync
[2026-04-09T08:30:00.423Z] [INFO] 🕒 CRON START: Comprehensive Daily Sync (Movies & Content)
[2026-04-09T08:30:18.167Z] [INFO] ✅ CRON SUCCESS: Daily Sync - Daily sync completed. Total new movies synced: 4. Background enrichment triggered.
[2026-04-09T08:30:20.151Z] [INFO] ✅ CRON SUCCESS: Daily Sync - Daily sync completed. Total new movies synced: 4. Background enrichment triggered.
[2026-04-09T08:35:00.484Z] [ERROR] ❌ CRON FATAL (Trending Sync): network timeout at: http://localhost:3000/api/trending/sync
[2026-04-09T08:35:00.498Z] [ERROR] ❌ CRON FATAL (Trending Sync): network timeout at: http://localhost:3000/api/trending/sync
[2026-04-09T09:00:00.259Z] [INFO] 🕒 CRON START: Trending Data Sync
[2026-04-09T09:00:00.258Z] [INFO] 🕒 CRON START: Trending Data Sync
[2026-04-09T09:05:00.378Z] [ERROR] ❌ CRON FATAL (Trending Sync): network timeout at: http://localhost:3000/api/trending/sync
[2026-04-09T09:05:00.396Z] [ERROR] ❌ CRON FATAL (Trending Sync): network timeout at: http://localhost:3000/api/trending/sync
[2026-04-09T09:30:00.259Z] [INFO] 🕒 CRON START: Comprehensive Daily Sync (Movies & Content)
[2026-04-09T09:30:00.267Z] [INFO] 🕒 CRON START: Comprehensive Daily Sync (Movies & Content)
[2026-04-09T09:30:00.370Z] [INFO] 🕒 CRON START: Trending Data Sync
[2026-04-09T09:30:00.376Z] [INFO] 🕒 CRON START: Trending Data Sync
[2026-04-09T09:30:14.138Z] [INFO] ✅ CRON SUCCESS: Daily Sync - Daily sync completed. Total new movies synced: 4. Background enrichment triggered.
[2026-04-09T09:30:14.282Z] [INFO] ✅ CRON SUCCESS: Daily Sync - Daily sync completed. Total new movies synced: 4. Background enrichment triggered.
[2026-04-09T09:35:00.452Z] [ERROR] ❌ CRON FATAL (Trending Sync): network timeout at: http://localhost:3000/api/trending/sync
[2026-04-09T09:35:00.453Z] [ERROR] ❌ CRON FATAL (Trending Sync): network timeout at: http://localhost:3000/api/trending/sync
[2026-04-09T10:00:00.304Z] [INFO] 🕒 CRON START: Trending Data Sync
[2026-04-09T10:00:00.387Z] [INFO] 🕒 CRON START: Trending Data Sync
[2026-04-09T10:12:33.485Z] [INFO] Cron job scheduler background service initiated (Target: http://localhost:3000).
[2026-04-09T10:12:33.494Z] [INFO] Log file location: C:\Users\jnj\Desktop\DigLip7\filmy\film\scheduler.log
[2026-04-09T10:12:33.987Z] [INFO] 🚀 Executing initial automation run...
[2026-04-09T10:12:33.989Z] [INFO] Waiting for Next.js server at http://localhost:3000 to be ready...
[2026-04-09T10:12:34.087Z] [INFO] All cron schedules active. Automation interval: 0 * * * *
[2026-04-09T10:12:34.227Z] [INFO] Next.js server not ready yet (attempt 1/20)...
[2026-04-09T10:12:41.261Z] [INFO] Next.js server not ready yet (attempt 2/20)...
[2026-04-09T10:12:46.993Z] [INFO] ✅ Next.js server is ready. Starting automation.
[2026-04-09T10:12:46.996Z] [INFO] 🕒 CRON START: Comprehensive Daily Sync (Movies & Content)
[2026-04-09T10:12:47.002Z] [INFO] 🕒 CRON START: Celebrity Scraper
[2026-04-09T10:13:05.306Z] [INFO] ✅ CRON SUCCESS: Bollywood Celebrity Scraper - Successfully synced 10 new celebrities for Bollywood
[2026-04-09T10:13:11.303Z] [INFO] ✅ CRON SUCCESS: Daily Sync - Daily sync completed. Total new movies synced: 4. Background enrichment triggered.
[2026-04-09T10:13:13.416Z] [INFO] ✅ CRON SUCCESS: Hollywood Celebrity Scraper - Successfully synced 10 new celebrities for Hollywood
[2026-04-09T10:30:00.104Z] [INFO] 🕒 CRON START: Comprehensive Daily Sync (Movies & Content)
[2026-04-09T10:30:00.116Z] [INFO] 🕒 CRON START: Trending Data Sync
[2026-04-09T10:30:10.039Z] [INFO] ✅ CRON SUCCESS: Daily Sync - Daily sync completed. Total new movies synced: 4. Background enrichment triggered.
[2026-04-09T10:30:32.410Z] [INFO] ✅ CRON SUCCESS: Trending Data Updated
[2026-04-09T11:00:00.296Z] [INFO] 🕒 CRON START: Trending Data Sync
[2026-04-09T11:00:49.512Z] [INFO] ✅ CRON SUCCESS: Trending Data Updated
[2026-04-09T11:30:00.178Z] [INFO] 🕒 CRON START: Comprehensive Daily Sync (Movies & Content)
[2026-04-09T11:30:00.229Z] [INFO] 🕒 CRON START: Trending Data Sync
[2026-04-09T11:30:12.262Z] [INFO] ✅ CRON SUCCESS: Daily Sync - Daily sync completed. Total new movies synced: 4. Background enrichment triggered.
[2026-04-09T11:30:41.153Z] [INFO] ✅ CRON SUCCESS: Trending Data Updated
[2026-04-09T11:58:12.131Z] [INFO] Received kill signal, shutting down gracefully...
[2026-04-09T11:58:22.604Z] [INFO] Cron job scheduler background service initiated (Target: http://localhost:3000).
[2026-04-09T11:58:22.611Z] [INFO] Log file location: C:\Users\jnj\Desktop\DigLip7\filmy\film\scheduler.log
[2026-04-09T11:58:22.921Z] [INFO] 🚀 Executing initial automation run...
[2026-04-09T11:58:22.923Z] [INFO] Waiting for Next.js server at http://localhost:3000 to be ready...
[2026-04-09T11:58:22.992Z] [INFO] All cron schedules active. Automation interval: 0 * * * *
[2026-04-09T11:58:23.034Z] [INFO] Next.js server not ready yet (attempt 1/20)...
[2026-04-09T11:58:30.052Z] [INFO] Next.js server not ready yet (attempt 2/20)...
[2026-04-09T11:58:36.040Z] [INFO] ✅ Next.js server is ready. Starting automation.
[2026-04-09T11:58:36.042Z] [INFO] 🕒 CRON START: Comprehensive Daily Sync (Movies & Content)
[2026-04-09T11:58:36.046Z] [INFO] 🕒 CRON START: Celebrity Scraper
[2026-04-09T11:59:04.072Z] [INFO] ✅ CRON SUCCESS: Bollywood Celebrity Scraper - Successfully synced 10 new celebrities for Bollywood
[2026-04-09T11:59:04.909Z] [INFO] ✅ CRON SUCCESS: Daily Sync - Daily sync completed. Total new movies synced: 5. Background enrichment triggered.
[2026-04-09T11:59:17.082Z] [INFO] ✅ CRON SUCCESS: Hollywood Celebrity Scraper - Successfully synced 10 new celebrities for Hollywood
[2026-04-09T12:00:00.086Z] [INFO] 🕒 CRON START: Trending Data Sync
[2026-04-09T12:00:35.277Z] [INFO] ✅ CRON SUCCESS: Trending Data Updated
[2026-04-09T12:30:00.215Z] [INFO] 🕒 CRON START: Comprehensive Daily Sync (Movies & Content)
[2026-04-09T12:30:00.249Z] [INFO] 🕒 CRON START: Trending Data Sync
[2026-04-09T12:30:11.965Z] [INFO] ✅ CRON SUCCESS: Daily Sync - Daily sync completed. Total new movies synced: 4. Background enrichment triggered.
[2026-04-09T12:35:00.848Z] [INFO] ✅ CRON SUCCESS: Trending Data Updated
[2026-04-09T13:00:00.150Z] [INFO] 🕒 CRON START: Trending Data Sync
[2026-04-09T13:00:36.176Z] [INFO] ✅ CRON SUCCESS: Trending Data Updated
[2026-04-09T13:30:00.172Z] [INFO] 🕒 CRON START: Comprehensive Daily Sync (Movies & Content)
[2026-04-09T13:30:00.212Z] [INFO] 🕒 CRON START: Trending Data Sync
[2026-04-09T16:30:22.825Z] [INFO] ✅ CRON SUCCESS: Daily Sync - Daily sync completed. Total new movies synced: 4. Background enrichment triggered.
[2026-04-09T16:30:22.844Z] [ERROR] ❌ CRON FATAL (Trending Sync): network timeout at: http://localhost:3000/api/trending/sync
[2026-04-10T04:30:00.067Z] [INFO] 🕒 CRON START: Trending Data Sync
[2026-04-10T04:30:00.086Z] [INFO] 🕒 CRON START: Comprehensive Daily Sync (Movies & Content)
[2026-04-10T04:30:08.971Z] [INFO] ✅ CRON SUCCESS: Daily Sync - Daily sync completed. Total new movies synced: 4. Background enrichment triggered.
[2026-04-10T04:30:32.384Z] [INFO] ✅ CRON SUCCESS: Trending Data Updated
[2026-04-10T05:00:00.141Z] [INFO] 🕒 CRON START: Trending Data Sync
[2026-04-10T05:00:34.945Z] [INFO] ✅ CRON SUCCESS: Trending Data Updated
[2026-04-10T05:30:00.186Z] [INFO] 🕒 CRON START: Trending Data Sync
[2026-04-10T05:30:00.243Z] [INFO] 🕒 CRON START: Comprehensive Daily Sync (Movies & Content)
[2026-04-10T05:30:00.286Z] [INFO] 💓 Scheduler Heartbeat: Service is active and monitoring.
[2026-04-10T05:30:13.278Z] [INFO] ✅ CRON SUCCESS: Daily Sync - Daily sync completed. Total new movies synced: 4. Background enrichment triggered.
[2026-04-10T05:30:38.429Z] [INFO] ✅ CRON SUCCESS: Trending Data Updated
[2026-04-10T05:35:00.059Z] [INFO] 🕒 CRON START: Wikipedia Movie Scraper
[2026-04-10T05:35:05.232Z] [INFO] ✅ CRON SUCCESS: Movie Scraper - Successfully synced 10 movies for 2026
[2026-04-10T05:50:00.112Z] [INFO] 🕒 CRON START: Daily Box Office & OTT Refresh
[2026-04-10T05:50:01.402Z] [INFO] 📊 Refreshing data for 50 recent movies
[2026-04-10T05:50:02.402Z] [INFO] ✅ Refreshed data for king
[2026-04-10T05:50:08.520Z] [INFO] ✅ Refreshed data for mirzapur
[2026-04-10T05:50:10.965Z] [INFO] ✅ Refreshed data for lahore-1947
[2026-04-10T05:50:13.260Z] [INFO] ✅ Refreshed data for cocktail-2
[2026-04-10T05:50:18.435Z] [INFO] ✅ Refreshed data for bandarmonkey-in-a-cage
[2026-04-10T05:50:18.822Z] [INFO] ✅ Refreshed data for ek-dinek-dinexternal-audio
[2026-04-10T05:50:21.770Z] [INFO] ✅ Refreshed data for raja-shivaji
[2026-04-10T05:50:24.239Z] [INFO] ✅ Refreshed data for ginny-wedss-sunny-2
[2026-04-10T05:50:26.789Z] [INFO] ✅ Refreshed data for bhooth-bangla
[2026-04-10T05:50:29.837Z] [INFO] ✅ Refreshed data for toaster
[2026-04-10T05:50:32.277Z] [INFO] ✅ Refreshed data for everybody-loves-sohrab-handa
[2026-04-10T05:50:35.999Z] [INFO] ✅ Refreshed data for dhurandhar-the-revenge
[2026-04-10T05:50:36.692Z] [INFO] ✅ Refreshed data for kissa-court-kachehari-kakissa-court-kachehari-kaexternal-aud
[2026-04-10T05:50:39.382Z] [INFO] ✅ Refreshed data for jab-khuli-kitaab
[2026-04-10T05:50:42.162Z] [INFO] ✅ Refreshed data for na-jaane-kaun-aa-gaya
[2026-04-10T05:50:44.841Z] [INFO] ✅ Refreshed data for charak-fair-of-faith
[2026-04-10T05:50:47.659Z] [INFO] ✅ Refreshed data for subedaar
[2026-04-10T05:50:49.803Z] [INFO] ✅ Refreshed data for accused
[2026-04-10T05:50:50.404Z] [INFO] ✅ Refreshed data for the-kerala-story-2-goes-beyondthe-kerala-story-2-goes-beyond
[2026-04-10T05:50:51.964Z] [INFO] ✅ Refreshed data for kennedy
[2026-04-10T05:50:52.717Z] [INFO] ✅ Refreshed data for do-deewane-seher-meindo-deewane-seher-meinexternal-audio
[2026-04-10T05:50:54.996Z] [INFO] ✅ Refreshed data for assiassi
[2026-04-10T05:50:55.612Z] [INFO] ✅ Refreshed data for shatak-sangh-ke-100-varsh
[2026-04-10T05:50:57.916Z] [INFO] ✅ Refreshed data for oromeo
[2026-04-10T05:50:58.278Z] [INFO] ✅ Refreshed data for tu-yaa-maintu-yaa-mainexternal-audio
[2026-04-10T05:50:59.746Z] [INFO] ✅ Refreshed data for bhabiji-ghar-par-hain-fun-on-the-run
[2026-04-10T05:51:01.482Z] [INFO] ✅ Refreshed data for vadh-2
[2026-04-10T05:51:02.154Z] [INFO] ✅ Refreshed data for mardaani-3mardaani-3external-audio
[2026-04-10T05:51:03.870Z] [INFO] ✅ Refreshed data for mayasabha
[2026-04-10T05:51:05.821Z] [INFO] ✅ Refreshed data for rahu-ketu
[2026-04-10T05:51:07.450Z] [INFO] ✅ Refreshed data for human-cocaine
[2026-04-10T05:51:09.089Z] [INFO] ✅ Refreshed data for gandhi-talksgandhi-talks
[2026-04-10T05:51:10.654Z] [INFO] ✅ Refreshed data for ikkis
[2026-04-10T05:51:12.220Z] [INFO] ✅ Refreshed data for border-2
[2026-04-10T05:51:13.909Z] [INFO] ✅ Refreshed data for one-two-cha-cha-chaa
[2026-04-10T05:51:14.395Z] [INFO] ✅ Refreshed data for bihu-attack
[2026-04-10T05:51:14.782Z] [INFO] ✅ Refreshed data for happy-patel-khatarnak-jasooshappy-patel-khatarnak-jasoosexte
[2026-04-10T05:51:16.365Z] [INFO] ✅ Refreshed data for azad-bharath
[2026-04-10T05:51:18.022Z] [INFO] ✅ Refreshed data for vijaypathvijaypath
[2026-04-10T05:51:18.358Z] [INFO] ✅ Refreshed data for vaade-iraade
[2026-04-10T05:51:20.594Z] [INFO] ✅ Refreshed data for udhaar-ki-zindagi
[2026-04-10T05:51:22.499Z] [INFO] ✅ Refreshed data for the-gentleman
[2026-04-10T05:51:24.645Z] [INFO] ✅ Refreshed data for the-cloud-door
[2026-04-10T05:51:25.975Z] [INFO] ✅ Refreshed data for teesra-kaun
[2026-04-10T05:51:27.816Z] [INFO] ✅ Refreshed data for tarpan
[2026-04-10T05:51:29.715Z] [INFO] ✅ Refreshed data for suhaag
[2026-04-10T05:51:30.036Z] [INFO] ✅ Refreshed data for stunttmanstuntman
[2026-04-10T05:51:31.380Z] [INFO] ✅ Refreshed data for shabnam
[2026-04-10T05:51:33.219Z] [INFO] ✅ Refreshed data for sangdil-sanam
[2026-04-10T05:51:34.601Z] [INFO] ✅ Refreshed data for salaamisalaami
[2026-04-10T05:51:34.603Z] [INFO] ✅ CRON COMPLETE: Daily Data Refresh for 50 movies
[2026-04-10T06:00:00.091Z] [INFO] 🕒 CRON START: Trending Data Sync
[2026-04-10T06:00:29.360Z] [INFO] ✅ CRON SUCCESS: Trending Data Updated
[2026-04-10T06:19:36.147Z] [INFO] Received kill signal, shutting down gracefully...
[2026-04-10T06:19:43.354Z] [INFO] Cron job scheduler background service initiated (Target: http://localhost:3000).
[2026-04-10T06:19:43.357Z] [INFO] Log file location: C:\Users\jnj\Desktop\DigLip7\filmy\film\scheduler.log
[2026-04-10T06:19:43.561Z] [INFO] 🚀 Executing initial automation run...
[2026-04-10T06:19:43.562Z] [INFO] Waiting for Next.js server at http://localhost:3000 to be ready...
[2026-04-10T06:19:43.609Z] [INFO] All cron schedules active. Automation interval: 0 * * * *
[2026-04-10T06:19:43.633Z] [INFO] Next.js server not ready yet (attempt 1/20)...
[2026-04-10T06:19:49.486Z] [INFO] ✅ Next.js server is ready. Starting automation.
[2026-04-10T06:19:49.488Z] [INFO] 🕒 CRON START: Comprehensive Daily Sync (Movies & Content)
[2026-04-10T06:19:49.493Z] [INFO] 🕒 CRON START: Celebrity Scraper
[2026-04-10T06:19:56.757Z] [ERROR] Bollywood Celebrity Scraper returned status 500 
[2026-04-10T06:19:57.146Z] [ERROR] Hollywood Celebrity Scraper returned status 500 
[2026-04-10T06:20:06.981Z] [INFO] ✅ CRON SUCCESS: Daily Sync - Daily sync completed. Total new movies synced: 4. Background enrichment triggered.
[2026-04-10T06:27:55.858Z] [INFO] Received kill signal, shutting down gracefully...
[2026-04-10T06:28:01.492Z] [INFO] Cron job scheduler background service initiated (Target: http://localhost:3000).
[2026-04-10T06:28:01.495Z] [INFO] Log file location: C:\Users\jnj\Desktop\DigLip7\filmy\film\scheduler.log
[2026-04-10T06:28:01.692Z] [INFO] 🚀 Executing initial automation run...
[2026-04-10T06:28:01.693Z] [INFO] Waiting for Next.js server at http://localhost:3000 to be ready...
[2026-04-10T06:28:01.750Z] [INFO] All cron schedules active. Automation interval: 0 * * * *
[2026-04-10T06:28:01.772Z] [INFO] Next.js server not ready yet (attempt 1/20)...
[2026-04-10T06:28:07.525Z] [INFO] ✅ Next.js server is ready. Starting automation.
[2026-04-10T06:28:07.538Z] [INFO] 🕒 CRON START: Comprehensive Daily Sync (Movies & Content)
[2026-04-10T06:28:07.554Z] [INFO] 🕒 CRON START: Celebrity Scraper
[2026-04-10T06:28:31.203Z] [INFO] ✅ CRON SUCCESS: Daily Sync - Daily sync completed. Total new movies synced: 4. Background enrichment triggered.
[2026-04-10T06:28:53.987Z] [INFO] ✅ CRON SUCCESS: Bollywood Celebrity Scraper - Successfully synced 10 new celebrities for Bollywood
[2026-04-10T06:29:32.886Z] [INFO] ✅ CRON SUCCESS: Hollywood Celebrity Scraper - Successfully synced 10 new celebrities for Hollywood
[2026-04-10T06:30:00.056Z] [INFO] 🕒 CRON START: Comprehensive Daily Sync (Movies & Content)
[2026-04-10T06:30:00.063Z] [INFO] 🕒 CRON START: Trending Data Sync
[2026-04-10T06:30:08.039Z] [INFO] ✅ CRON SUCCESS: Daily Sync - Daily sync completed. Total new movies synced: 4. Background enrichment triggered.
[2026-04-10T06:30:33.832Z] [INFO] ✅ CRON SUCCESS: Trending Data Updated
[2026-04-10T07:00:00.291Z] [INFO] 🕒 CRON START: Trending Data Sync
[2026-04-10T07:00:35.339Z] [INFO] ✅ CRON SUCCESS: Trending Data Updated
[2026-04-10T07:30:00.627Z] [INFO] 🕒 CRON START: Comprehensive Daily Sync (Movies & Content)
[2026-04-10T07:30:00.843Z] [INFO] 🕒 CRON START: Trending Data Sync
[2026-04-10T07:30:20.365Z] [INFO] ✅ CRON SUCCESS: Daily Sync - Daily sync completed. Total new movies synced: 4. Background enrichment triggered.
[2026-04-10T07:30:47.694Z] [INFO] ✅ CRON SUCCESS: Trending Data Updated
[2026-04-10T08:00:00.255Z] [INFO] 🕒 CRON START: Trending Data Sync
[2026-04-10T08:00:39.370Z] [INFO] ✅ CRON SUCCESS: Trending Data Updated
[2026-04-10T08:14:11.331Z] [INFO] Received kill signal, shutting down gracefully...
[2026-04-10T08:14:22.249Z] [INFO] Cron job scheduler background service initiated (Target: http://localhost:3000).
[2026-04-10T08:14:22.253Z] [INFO] Log file location: C:\Users\jnj\Desktop\DigLip7\filmy\film\scheduler.log
[2026-04-10T08:14:22.746Z] [INFO] 🚀 Executing initial automation run...
[2026-04-10T08:14:22.749Z] [INFO] Waiting for Next.js server at http://localhost:3000 to be ready...
[2026-04-10T08:14:22.859Z] [INFO] All cron schedules active. Automation interval: 0 * * * *
[2026-04-10T08:14:22.928Z] [INFO] Next.js server not ready yet (attempt 1/20)...
[2026-04-10T08:14:29.950Z] [INFO] Next.js server not ready yet (attempt 2/20)...
[2026-04-10T08:14:36.462Z] [INFO] ✅ Next.js server is ready. Starting automation.
[2026-04-10T08:14:36.464Z] [INFO] 🕒 CRON START: Comprehensive Daily Sync (Movies & Content)
[2026-04-10T08:14:36.469Z] [INFO] 🕒 CRON START: Celebrity Scraper
[2026-04-10T08:14:45.612Z] [ERROR] Bollywood Celebrity Scraper returned status 500 
[2026-04-10T08:14:45.776Z] [ERROR] Hollywood Celebrity Scraper returned status 500 
[2026-04-10T08:14:59.168Z] [INFO] ✅ CRON SUCCESS: Daily Sync - Daily sync completed. Total new movies synced: 4. Background enrichment triggered.
[2026-04-10T08:27:00.223Z] [INFO] 🕒 CRON START: Celebrity Scraper
[2026-04-10T08:30:00.130Z] [INFO] 🕒 CRON START: Comprehensive Daily Sync (Movies & Content)
[2026-04-10T08:30:00.160Z] [INFO] 🕒 CRON START: Trending Data Sync
[2026-04-10T08:30:14.452Z] [INFO] ✅ CRON SUCCESS: Daily Sync - Daily sync completed. Total new movies synced: 4. Background enrichment triggered.
[2026-04-10T08:30:40.585Z] [INFO] ✅ CRON SUCCESS: Trending Data Updated
[2026-04-10T08:30:42.724Z] [INFO] ✅ CRON SUCCESS: Bollywood Celebrity Scraper - Successfully synced 10 new celebrities for Bollywood
[2026-04-10T09:30:50.132Z] [ERROR] ❌ CRON FATAL (Celebrity): network timeout at: http://localhost:3000/api/admin/automation/scrape-celebrity
[2026-04-10T10:00:00.142Z] [INFO] 🕒 CRON START: Trending Data Sync
[2026-04-10T10:00:31.012Z] [INFO] ✅ CRON SUCCESS: Trending Data Updated
[2026-04-10T10:30:00.144Z] [INFO] 🕒 CRON START: Trending Data Sync
[2026-04-10T10:30:00.174Z] [INFO] 🕒 CRON START: Comprehensive Daily Sync (Movies & Content)
[2026-04-10T10:30:14.877Z] [INFO] ✅ CRON SUCCESS: Daily Sync - Daily sync completed. Total new movies synced: 4. Background enrichment triggered.
[2026-04-10T10:30:34.245Z] [INFO] ✅ CRON SUCCESS: Trending Data Updated
[2026-04-10T11:00:00.286Z] [INFO] 🕒 CRON START: Trending Data Sync
[2026-04-10T11:00:45.717Z] [INFO] ✅ CRON SUCCESS: Trending Data Updated
[2026-04-10T11:30:00.331Z] [INFO] 🕒 CRON START: Comprehensive Daily Sync (Movies & Content)
[2026-04-10T11:30:00.381Z] [INFO] 🕒 CRON START: Trending Data Sync
[2026-04-10T11:30:12.844Z] [INFO] ✅ CRON SUCCESS: Daily Sync - Daily sync completed. Total new movies synced: 4. Background enrichment triggered.
[2026-04-10T11:30:33.880Z] [INFO] ✅ CRON SUCCESS: Trending Data Updated
[2026-04-10T12:00:00.212Z] [INFO] 🕒 CRON START: Trending Data Sync
[2026-04-10T12:00:38.712Z] [INFO] ✅ CRON SUCCESS: Trending Data Updated
[2026-04-10T12:30:00.278Z] [INFO] 🕒 CRON START: Comprehensive Daily Sync (Movies & Content)
[2026-04-10T12:30:00.360Z] [INFO] 🕒 CRON START: Trending Data Sync
[2026-04-10T12:30:16.766Z] [INFO] ✅ CRON SUCCESS: Daily Sync - Daily sync completed. Total new movies synced: 4. Background enrichment triggered.
[2026-04-10T12:30:38.020Z] [INFO] ✅ CRON SUCCESS: Trending Data Updated
[2026-04-10T13:00:00.293Z] [INFO] 🕒 CRON START: Trending Data Sync
[2026-04-11T04:30:00.208Z] [INFO] 🕒 CRON START: Comprehensive Daily Sync (Movies & Content)
[2026-04-11T04:30:00.290Z] [INFO] 🕒 CRON START: Trending Data Sync
[2026-04-11T04:30:16.065Z] [INFO] ✅ CRON SUCCESS: Daily Sync - Daily sync completed. Total new movies synced: 6. Background enrichment triggered.
[2026-04-11T04:30:43.524Z] [INFO] ✅ CRON SUCCESS: Trending Data Updated
[2026-04-11T04:39:02.616Z] [INFO] Received kill signal, shutting down gracefully...
[2026-04-11T04:39:14.916Z] [INFO] Cron job scheduler background service initiated (Target: http://localhost:3000).
[2026-04-11T04:39:14.919Z] [INFO] Log file location: C:\Users\jnj\Desktop\DigLip7\filmy\film\scheduler.log
[2026-04-11T04:39:15.112Z] [INFO] 🚀 Executing initial automation run...
[2026-04-11T04:39:15.114Z] [INFO] Waiting for Next.js server at http://localhost:3000 to be ready...
[2026-04-11T04:39:15.160Z] [INFO] All cron schedules active. Automation interval: 0 * * * *
[2026-04-11T04:39:15.187Z] [INFO] Next.js server not ready yet (attempt 1/20)...
[2026-04-11T04:39:21.436Z] [INFO] ✅ Next.js server is ready. Starting automation.
[2026-04-11T04:39:21.439Z] [INFO] 🕒 CRON START: Comprehensive Daily Sync (Movies & Content)
[2026-04-11T04:39:21.444Z] [INFO] 🕒 CRON START: Celebrity Scraper
[2026-04-11T04:39:42.393Z] [INFO] ✅ CRON SUCCESS: Daily Sync - Daily sync completed. Total new movies synced: 4. Background enrichment triggered.
[2026-04-11T04:42:37.065Z] [INFO] ✅ CRON SUCCESS: Bollywood Celebrity Scraper - Successfully synced 10 new celebrities for Bollywood
[2026-04-11T04:45:53.291Z] [INFO] ✅ CRON SUCCESS: Hollywood Celebrity Scraper - Successfully synced 10 new celebrities for Hollywood
[2026-04-11T05:00:00.203Z] [INFO] 🕒 CRON START: Trending Data Sync
[2026-04-11T05:00:36.978Z] [INFO] ✅ CRON SUCCESS: Trending Data Updated
[2026-04-11T05:30:00.343Z] [INFO] 🕒 CRON START: Comprehensive Daily Sync (Movies & Content)
[2026-04-11T05:30:00.480Z] [INFO] 💓 Scheduler Heartbeat: Service is active and monitoring.
[2026-04-11T05:30:00.495Z] [INFO] 🕒 CRON START: Trending Data Sync
[2026-04-11T05:30:16.263Z] [INFO] ✅ CRON SUCCESS: Trending Data Updated
[2026-04-11T05:30:35.631Z] [INFO] ✅ CRON SUCCESS: Daily Sync - Daily sync completed. Total new movies synced: 4. Background enrichment triggered.
[2026-04-11T05:35:00.313Z] [INFO] 🕒 CRON START: Wikipedia Movie Scraper
[2026-04-11T05:35:08.780Z] [INFO] ✅ CRON SUCCESS: Movie Scraper - Successfully synced 10 movies for 2026
[2026-04-11T05:50:00.125Z] [INFO] 🕒 CRON START: Daily Box Office & OTT Refresh
[2026-04-11T05:50:01.038Z] [INFO] 📊 Refreshing data for 50 recent movies
[2026-04-11T05:50:01.496Z] [INFO] ✅ Refreshed data for king
[2026-04-11T05:50:02.706Z] [INFO] ✅ Refreshed data for ramayana-part-1
[2026-04-11T05:50:04.485Z] [INFO] ✅ Refreshed data for mirzapur
[2026-04-11T05:50:05.391Z] [INFO] ✅ Refreshed data for lahore-1947
[2026-04-11T05:50:06.301Z] [INFO] ✅ Refreshed data for cocktail-2
[2026-04-11T05:50:07.341Z] [INFO] ✅ Refreshed data for bandarmonkey-in-a-cage
[2026-04-11T05:50:07.945Z] [INFO] ✅ Refreshed data for ek-dinek-dinexternal-audio
[2026-04-11T05:50:08.923Z] [INFO] ✅ Refreshed data for raja-shivaji
[2026-04-11T05:50:09.830Z] [INFO] ✅ Refreshed data for ginny-wedss-sunny-2
[2026-04-11T05:50:10.774Z] [INFO] ✅ Refreshed data for bhooth-bangla
[2026-04-11T05:50:11.677Z] [INFO] ✅ Refreshed data for toaster
[2026-04-11T05:50:12.865Z] [INFO] ✅ Refreshed data for everybody-loves-sohrab-handa
[2026-04-11T05:50:13.780Z] [INFO] ✅ Refreshed data for dacoit
[2026-04-11T05:50:14.425Z] [INFO] ✅ Refreshed data for tu-yaa-maintu-yaa-mainexternal-audio
[2026-04-11T05:50:15.206Z] [INFO] ✅ Refreshed data for dhurandhar-the-revenge
[2026-04-11T05:50:15.914Z] [INFO] ✅ Refreshed data for rahu-ketu
[2026-04-11T05:50:16.529Z] [INFO] ✅ Refreshed data for kissa-court-kachehari-kakissa-court-kachehari-kaexternal-aud
[2026-04-11T05:50:17.486Z] [INFO] ✅ Refreshed data for jab-khuli-kitaab
[2026-04-11T05:50:18.435Z] [INFO] ✅ Refreshed data for na-jaane-kaun-aa-gaya
[2026-04-11T05:50:19.389Z] [INFO] ✅ Refreshed data for charak-fair-of-faith
[2026-04-11T05:50:20.650Z] [INFO] ✅ Refreshed data for subedaar
[2026-04-11T05:50:21.705Z] [INFO] ✅ Refreshed data for ikkis
[2026-04-11T05:50:22.850Z] [INFO] ✅ Refreshed data for accused
[2026-04-11T05:50:23.977Z] [INFO] ✅ Refreshed data for the-kerala-story-2-goes-beyondthe-kerala-story-2-goes-beyond
[2026-04-11T05:50:25.646Z] [INFO] ✅ Refreshed data for kennedy
[2026-04-11T05:50:27.600Z] [INFO] ✅ Refreshed data for do-deewane-seher-meindo-deewane-seher-meinexternal-audio
[2026-04-11T05:50:28.686Z] [INFO] ✅ Refreshed data for assiassi
[2026-04-11T05:50:29.360Z] [INFO] ✅ Refreshed data for shatak-sangh-ke-100-varsh
[2026-04-11T05:50:30.263Z] [INFO] ✅ Refreshed data for oromeo
[2026-04-11T05:50:31.292Z] [INFO] ✅ Refreshed data for bhabiji-ghar-par-hain-fun-on-the-run
[2026-04-11T05:50:32.662Z] [INFO] ✅ Refreshed data for vadh-2
[2026-04-11T05:50:33.543Z] [INFO] ✅ Refreshed data for mardaani-3mardaani-3external-audio
[2026-04-11T05:50:34.640Z] [INFO] ✅ Refreshed data for mayasabha
[2026-04-11T05:50:35.767Z] [INFO] ✅ Refreshed data for human-cocaine
[2026-04-11T05:50:37.134Z] [INFO] ✅ Refreshed data for gandhi-talksgandhi-talks
[2026-04-11T05:50:38.002Z] [INFO] ✅ Refreshed data for border-2
[2026-04-11T05:50:39.134Z] [INFO] ✅ Refreshed data for one-two-cha-cha-chaa
[2026-04-11T05:50:39.803Z] [INFO] ✅ Refreshed data for bihu-attack
[2026-04-11T05:50:40.563Z] [INFO] ✅ Refreshed data for happy-patel-khatarnak-jasooshappy-patel-khatarnak-jasoosexte
[2026-04-11T05:50:41.632Z] [INFO] ✅ Refreshed data for azad-bharath
[2026-04-11T05:50:42.696Z] [INFO] ✅ Refreshed data for vijaypathvijaypath
[2026-04-11T05:50:43.378Z] [INFO] ✅ Refreshed data for vaade-iraade
[2026-04-11T05:50:44.458Z] [INFO] ✅ Refreshed data for udhaar-ki-zindagi
[2026-04-11T05:50:45.554Z] [INFO] ✅ Refreshed data for the-gentleman
[2026-04-11T05:50:46.596Z] [INFO] ✅ Refreshed data for the-cloud-door
[2026-04-11T05:50:47.335Z] [INFO] ✅ Refreshed data for teesra-kaun
[2026-04-11T05:50:48.704Z] [INFO] ✅ Refreshed data for tarpan
[2026-04-11T05:50:49.837Z] [INFO] ✅ Refreshed data for suhaag
[2026-04-11T05:50:50.562Z] [INFO] ✅ Refreshed data for stunttmanstuntman
[2026-04-11T05:50:51.569Z] [INFO] ✅ Refreshed data for shabnam
[2026-04-11T05:50:51.570Z] [INFO] ✅ CRON COMPLETE: Daily Data Refresh for 50 movies
[2026-04-11T06:00:00.132Z] [INFO] 🕒 CRON START: Trending Data Sync
[2026-04-11T06:00:01.858Z] [INFO] ✅ CRON SUCCESS: Trending Data Updated
[2026-04-11T06:30:00.299Z] [INFO] 🕒 CRON START: Trending Data Sync
[2026-04-11T06:30:00.392Z] [INFO] 🕒 CRON START: Comprehensive Daily Sync (Movies & Content)
[2026-04-11T06:30:07.965Z] [INFO] ✅ CRON SUCCESS: Trending Data Updated
[2026-04-11T06:30:17.205Z] [INFO] ✅ CRON SUCCESS: Daily Sync - Daily sync completed. Total new movies synced: 8. Background enrichment triggered.
[2026-04-11T07:00:00.184Z] [INFO] 🕒 CRON START: Trending Data Sync
[2026-04-11T07:00:02.320Z] [INFO] ✅ CRON SUCCESS: Trending Data Updated
[2026-04-11T07:30:00.293Z] [INFO] 🕒 CRON START: Comprehensive Daily Sync (Movies & Content)
[2026-04-11T07:30:00.341Z] [INFO] 🕒 CRON START: Trending Data Sync
[2026-04-11T07:30:02.271Z] [INFO] ✅ CRON SUCCESS: Trending Data Updated
[2026-04-11T07:30:10.000Z] [INFO] ✅ CRON SUCCESS: Daily Sync - Daily sync completed. Total new movies synced: 10. Background enrichment triggered.
[2026-04-11T08:00:00.204Z] [INFO] 🕒 CRON START: Trending Data Sync
[2026-04-11T08:00:02.547Z] [INFO] ✅ CRON SUCCESS: Trending Data Updated
[2026-04-11T08:27:00.255Z] [INFO] 🕒 CRON START: Celebrity Scraper
[2026-04-11T08:29:03.637Z] [INFO] ✅ CRON SUCCESS: Bollywood Celebrity Scraper - Successfully synced 10 new celebrities for Bollywood
[2026-04-11T08:30:00.126Z] [INFO] 🕒 CRON START: Comprehensive Daily Sync (Movies & Content)
[2026-04-11T08:30:00.143Z] [INFO] 🕒 CRON START: Trending Data Sync
[2026-04-11T08:30:01.765Z] [INFO] ✅ CRON SUCCESS: Trending Data Updated
[2026-04-11T08:30:12.906Z] [INFO] ✅ CRON SUCCESS: Daily Sync - Daily sync completed. Total new movies synced: 10. Background enrichment triggered.
[2026-04-11T09:35:26.705Z] [ERROR] ❌ CRON FATAL (Celebrity): network timeout at: http://localhost:3000/api/admin/automation/scrape-celebrity
[2026-04-14T11:00:00.162Z] [INFO] 🕒 CRON START: Trending Data Sync
[2026-04-14T11:00:02.322Z] [INFO] ✅ CRON SUCCESS: Trending Data Updated
[2026-04-14T11:30:00.175Z] [INFO] 🕒 CRON START: Trending Data Sync
[2026-04-14T11:30:00.188Z] [INFO] 🕒 CRON START: Comprehensive Daily Sync (Movies & Content)
[2026-04-14T11:30:01.986Z] [INFO] ✅ CRON SUCCESS: Trending Data Updated
[2026-04-14T11:32:01.944Z] [INFO] ✅ CRON SUCCESS: Daily Sync - Daily sync completed. Total new movies: 2
[2026-04-14T12:00:00.256Z] [INFO] 🕒 CRON START: Trending Data Sync
[2026-04-14T12:00:04.130Z] [INFO] ✅ CRON SUCCESS: Trending Data Updated
[2026-04-14T12:06:21.143Z] [INFO] Cron job scheduler background service initiated (Target: http://localhost:3000).
[2026-04-14T12:06:21.144Z] [INFO] Log file location: C:\Users\pc\Downloads\project2\my-project\scheduler.log
[2026-04-14T12:06:21.168Z] [INFO] 🚀 Executing initial automation run...
[2026-04-14T12:06:21.168Z] [INFO] Waiting for Next.js server at http://localhost:3000 to be ready...
[2026-04-14T12:06:21.179Z] [INFO] All cron schedules active. Automation interval: 0 * * * *
[2026-04-14T12:06:21.184Z] [INFO] Next.js server not ready yet (attempt 1/20)...
[2026-04-14T12:06:26.262Z] [INFO] ✅ Next.js server is ready. Starting automation.
[2026-04-14T12:06:26.262Z] [INFO] 🕒 CRON START: Comprehensive Daily Sync (Movies & Content)
[2026-04-14T12:06:26.263Z] [INFO] 🕒 CRON START: Celebrity Scraper
[2026-04-14T12:07:20.171Z] [INFO] ✅ CRON SUCCESS: Bollywood Celebrity Scraper - Successfully synced 20 new celebrities for Bollywood
[2026-04-14T12:08:02.641Z] [INFO] ✅ CRON SUCCESS: Hollywood Celebrity Scraper - Successfully synced 20 new celebrities for Hollywood
[2026-04-14T12:09:14.678Z] [INFO] ✅ CRON SUCCESS: Daily Sync - Daily sync completed. Total new movies: 2
[2026-04-14T12:17:26.486Z] [INFO] Received kill signal, shutting down gracefully...
[2026-04-14T12:18:14.623Z] [INFO] Cron job scheduler background service initiated (Target: http://localhost:3000).
[2026-04-14T12:18:14.624Z] [INFO] Log file location: C:\Users\pc\Downloads\project2\my-project\scheduler.log
[2026-04-14T12:18:14.648Z] [INFO] 🚀 Executing initial automation run...
[2026-04-14T12:18:14.648Z] [INFO] Waiting for Next.js server at http://localhost:3000 to be ready...
[2026-04-14T12:18:14.659Z] [INFO] All cron schedules active. Automation interval: 0 * * * *
[2026-04-14T12:18:14.664Z] [INFO] Next.js server not ready yet (attempt 1/20)...
[2026-04-14T12:18:19.695Z] [INFO] ✅ Next.js server is ready. Starting automation.
[2026-04-14T12:18:19.696Z] [INFO] 🕒 CRON START: Comprehensive Daily Sync (Movies & Content)
[2026-04-14T12:18:19.697Z] [INFO] 🕒 CRON START: Celebrity Scraper
[2026-04-14T12:19:05.177Z] [INFO] ✅ CRON SUCCESS: Bollywood Celebrity Scraper - Successfully synced 20 new celebrities for Bollywood
[2026-04-14T12:19:34.949Z] [INFO] ✅ CRON SUCCESS: Hollywood Celebrity Scraper - Successfully synced 20 new celebrities for Hollywood
[2026-04-14T12:20:19.018Z] [INFO] ✅ CRON SUCCESS: Daily Sync - Daily sync completed. Total new movies: 2
[2026-04-14T12:30:00.014Z] [INFO] 🕒 CRON START: Comprehensive Daily Sync (Movies & Content)
[2026-04-14T12:30:00.015Z] [INFO] 🕒 CRON START: Trending Data Sync
[2026-04-14T12:30:01.577Z] [INFO] ✅ CRON SUCCESS: Trending Data Updated
[2026-04-14T12:37:34.128Z] [INFO] Cron job scheduler background service initiated (Target: http://localhost:3000).
[2026-04-14T12:37:34.129Z] [INFO] Log file location: C:\Users\pc\Downloads\project2\my-project\scheduler.log
[2026-04-14T12:37:34.195Z] [INFO] 🚀 Executing initial automation run...
[2026-04-14T12:37:34.195Z] [INFO] Waiting for Next.js server at http://localhost:3000 to be ready...
[2026-04-14T12:37:34.208Z] [INFO] All cron schedules active. Automation interval: 0 * * * *
[2026-04-14T12:37:34.213Z] [INFO] Next.js server not ready yet (attempt 1/20)...
[2026-04-14T12:37:39.246Z] [INFO] ✅ Next.js server is ready. Starting automation.
[2026-04-14T12:37:39.246Z] [INFO] 🕒 CRON START: Comprehensive Daily Sync (Movies & Content)
[2026-04-14T12:37:39.247Z] [INFO] 🕒 CRON START: Celebrity Scraper
[2026-04-14T12:38:28.200Z] [INFO] ✅ CRON SUCCESS: Bollywood Celebrity Scraper - Successfully synced 20 new celebrities for Bollywood
[2026-04-14T12:39:00.267Z] [INFO] ✅ CRON SUCCESS: Hollywood Celebrity Scraper - Successfully synced 20 new celebrities for Hollywood
[2026-04-14T12:39:37.398Z] [INFO] ✅ CRON SUCCESS: Daily Sync - Daily sync completed. Total new movies: 2
[2026-04-14T12:53:26.823Z] [INFO] Cron job scheduler background service initiated (Target: http://localhost:3000).
[2026-04-14T12:53:26.825Z] [INFO] Log file location: C:\Users\pc\Downloads\project2\my-project\scheduler.log
[2026-04-14T12:53:26.876Z] [INFO] 🚀 Executing initial automation run...
[2026-04-14T12:53:26.877Z] [INFO] Waiting for Next.js server at http://localhost:3000 to be ready...
[2026-04-14T12:53:26.888Z] [INFO] All cron schedules active. Automation interval: 0 * * * *
[2026-04-14T12:53:26.892Z] [INFO] Next.js server not ready yet (attempt 1/20)...
[2026-04-14T12:53:31.950Z] [INFO] ✅ Next.js server is ready. Starting automation.
[2026-04-14T12:53:31.951Z] [INFO] 🕒 CRON START: Comprehensive Daily Sync (Movies & Content)
[2026-04-14T12:53:31.952Z] [INFO] 🕒 CRON START: Celebrity Scraper
[2026-04-14T12:54:17.493Z] [INFO] ✅ CRON SUCCESS: Bollywood Celebrity Scraper - Successfully synced 20 new celebrities for Bollywood
[2026-04-14T12:54:47.112Z] [INFO] ✅ CRON SUCCESS: Hollywood Celebrity Scraper - Successfully synced 20 new celebrities for Hollywood
[2026-04-14T12:55:33.283Z] [INFO] ✅ CRON SUCCESS: Daily Sync - Daily sync completed. Total new movies: 2
[2026-04-14T13:00:00.020Z] [INFO] 🕒 CRON START: Trending Data Sync
[2026-04-14T13:00:01.709Z] [INFO] ✅ CRON SUCCESS: Trending Data Updated
[2026-04-14T13:30:00.014Z] [INFO] 🕒 CRON START: Comprehensive Daily Sync (Movies & Content)
[2026-04-14T13:30:00.015Z] [INFO] 🕒 CRON START: Trending Data Sync
[2026-04-14T13:30:01.248Z] [INFO] ✅ CRON SUCCESS: Trending Data Updated
[2026-04-15T04:40:06.622Z] [INFO] Cron job scheduler background service initiated (Target: http://localhost:3000).
[2026-04-15T04:40:06.623Z] [INFO] Log file location: C:\Users\pc\Downloads\project2\my-project\scheduler.log
[2026-04-15T04:40:06.688Z] [INFO] 🚀 Executing initial automation run...
[2026-04-15T04:40:06.688Z] [INFO] Waiting for Next.js server at http://localhost:3000 to be ready...
[2026-04-15T04:40:06.700Z] [INFO] All cron schedules active. Automation interval: 0 * * * *
[2026-04-15T04:40:06.703Z] [INFO] Next.js server not ready yet (attempt 1/20)...
[2026-04-15T04:40:11.779Z] [INFO] ✅ Next.js server is ready. Starting automation.
[2026-04-15T04:40:11.780Z] [INFO] 🕒 CRON START: Comprehensive Daily Sync (Movies & Content)
[2026-04-15T04:40:11.780Z] [INFO] 🕒 CRON START: Celebrity Scraper
[2026-04-15T04:41:00.872Z] [INFO] ✅ CRON SUCCESS: Bollywood Celebrity Scraper - Successfully synced 20 new celebrities for Bollywood
[2026-04-15T04:41:37.428Z] [INFO] ✅ CRON SUCCESS: Hollywood Celebrity Scraper - Successfully synced 20 new celebrities for Hollywood
[2026-04-15T04:42:11.136Z] [INFO] ✅ CRON SUCCESS: Daily Sync - Daily sync completed. Total new movies: 2
[2026-04-15T04:56:30.355Z] [INFO] Received kill signal, shutting down gracefully...
[2026-04-15T04:56:38.271Z] [INFO] Cron job scheduler background service initiated (Target: http://localhost:3000).
[2026-04-15T04:56:38.271Z] [INFO] Log file location: C:\Users\pc\Downloads\project2\my-project\scheduler.log
[2026-04-15T04:56:38.295Z] [INFO] 🚀 Executing initial automation run...
[2026-04-15T04:56:38.295Z] [INFO] Waiting for Next.js server at http://localhost:3000 to be ready...
[2026-04-15T04:56:38.306Z] [INFO] All cron schedules active. Automation interval: 0 * * * *
[2026-04-15T04:56:38.311Z] [INFO] Next.js server not ready yet (attempt 1/20)...
[2026-04-15T04:56:43.332Z] [INFO] ✅ Next.js server is ready. Starting automation.
[2026-04-15T04:56:43.332Z] [INFO] 🕒 CRON START: Comprehensive Daily Sync (Movies & Content)
[2026-04-15T04:56:43.333Z] [INFO] 🕒 CRON START: Celebrity Scraper
[2026-04-15T04:57:27.023Z] [INFO] ✅ CRON SUCCESS: Bollywood Celebrity Scraper - Successfully synced 20 new celebrities for Bollywood
[2026-04-15T04:57:56.977Z] [INFO] ✅ CRON SUCCESS: Hollywood Celebrity Scraper - Successfully synced 20 new celebrities for Hollywood
[2026-04-15T04:58:40.012Z] [INFO] ✅ CRON SUCCESS: Daily Sync - Daily sync completed. Total new movies: 2
[2026-04-15T05:00:00.033Z] [INFO] 🕒 CRON START: Trending Data Sync
[2026-04-15T05:00:01.368Z] [INFO] ✅ CRON SUCCESS: Trending Data Updated
[2026-04-15T05:22:35.760Z] [INFO] Received kill signal, shutting down gracefully...
[2026-04-15T05:22:45.821Z] [INFO] Cron job scheduler background service initiated (Target: http://localhost:3000).
[2026-04-15T05:22:45.821Z] [INFO] Log file location: C:\Users\pc\Downloads\project2\my-project\scheduler.log
[2026-04-15T05:22:45.845Z] [INFO] 🚀 Executing initial automation run...
[2026-04-15T05:22:45.845Z] [INFO] Waiting for Next.js server at http://localhost:3000 to be ready...
[2026-04-15T05:22:45.856Z] [INFO] All cron schedules active. Automation interval: 0 * * * *
[2026-04-15T05:22:45.861Z] [INFO] Next.js server not ready yet (attempt 1/20)...
[2026-04-15T05:22:50.898Z] [INFO] ✅ Next.js server is ready. Starting automation.
[2026-04-15T05:22:50.898Z] [INFO] 🕒 CRON START: Comprehensive Daily Sync (Movies & Content)
[2026-04-15T05:22:50.899Z] [INFO] 🕒 CRON START: Celebrity Scraper
[2026-04-15T05:23:35.999Z] [INFO] ✅ CRON SUCCESS: Bollywood Celebrity Scraper - Successfully synced 20 new celebrities for Bollywood
[2026-04-15T05:24:06.653Z] [INFO] ✅ CRON SUCCESS: Hollywood Celebrity Scraper - Successfully synced 20 new celebrities for Hollywood
[2026-04-15T05:24:50.272Z] [INFO] ✅ CRON SUCCESS: Daily Sync - Daily sync completed. Total new movies: 2
[2026-04-15T05:30:00.028Z] [INFO] 🕒 CRON START: Comprehensive Daily Sync (Movies & Content)
[2026-04-15T05:30:00.030Z] [INFO] 🕒 CRON START: Trending Data Sync
[2026-04-15T05:30:00.030Z] [INFO] 💓 Scheduler Heartbeat: Service is active and monitoring.
[2026-04-15T05:30:01.386Z] [INFO] ✅ CRON SUCCESS: Trending Data Updated
[2026-04-15T05:31:57.307Z] [INFO] ✅ CRON SUCCESS: Daily Sync - Daily sync completed. Total new movies: 2
[2026-04-15T05:35:00.008Z] [INFO] 🕒 CRON START: Wikipedia Movie Scraper
[2026-04-15T05:37:56.844Z] [INFO] ✅ CRON SUCCESS: Movie Scraper - Successfully synced 10 movies for 2026
[2026-04-15T05:50:00.030Z] [INFO] 🕒 CRON START: Daily Box Office & OTT Refresh
[2026-04-15T05:50:06.132Z] [INFO] 📊 Refreshing data for 10 recent movies
[2026-04-15T05:50:06.771Z] [INFO] ✅ Refreshed data for the-tin-drum
[2026-04-15T05:50:07.656Z] [INFO] ✅ Refreshed data for ek-din
[2026-04-15T05:50:08.527Z] [INFO] ✅ Refreshed data for bhooth-bangla
[2026-04-15T05:50:12.559Z] [INFO] ✅ Refreshed data for bhabiji-ghar-par-hain-fun-on-the-run
[2026-04-15T05:50:16.147Z] [INFO] ✅ Refreshed data for azad-bharath
[2026-04-15T05:50:17.279Z] [INFO] ✅ Refreshed data for bharatiya-digital-party
[2026-04-15T05:50:20.678Z] [INFO] ✅ Refreshed data for bhanwar
[2026-04-15T05:50:25.090Z] [INFO] ✅ Refreshed data for back-benchers
[2026-04-15T05:50:28.536Z] [INFO] ✅ Refreshed data for anusandhan
[2026-04-15T05:50:29.570Z] [INFO] ✅ Refreshed data for andhar-maya
[2026-04-15T05:50:29.570Z] [INFO] ✅ CRON COMPLETE: Daily Data Refresh for 10 movies
[2026-04-15T06:00:00.024Z] [INFO] 🕒 CRON START: Trending Data Sync
[2026-04-15T06:00:01.547Z] [INFO] ✅ CRON SUCCESS: Trending Data Updated
[2026-04-15T06:18:03.633Z] [INFO] Received kill signal, shutting down gracefully...
[2026-04-15T06:18:25.510Z] [INFO] Cron job scheduler background service initiated (Target: http://localhost:3000).
[2026-04-15T06:18:25.510Z] [INFO] Log file location: C:\Users\pc\Downloads\project2\my-project\scheduler.log
[2026-04-15T06:18:25.534Z] [INFO] 🚀 Executing initial automation run...
[2026-04-15T06:18:25.534Z] [INFO] Waiting for Next.js server at http://localhost:3000 to be ready...
[2026-04-15T06:18:25.545Z] [INFO] All cron schedules active. Automation interval: 0 * * * *
[2026-04-15T06:18:25.550Z] [INFO] Next.js server not ready yet (attempt 1/20)...
[2026-04-15T06:18:30.571Z] [INFO] ✅ Next.js server is ready. Starting automation.
[2026-04-15T06:18:30.572Z] [INFO] 🕒 CRON START: Comprehensive Daily Sync (Movies & Content)
[2026-04-15T06:18:30.572Z] [INFO] 🕒 CRON START: Celebrity Scraper
[2026-04-15T06:19:16.217Z] [INFO] ✅ CRON SUCCESS: Bollywood Celebrity Scraper - Successfully synced 20 new celebrities for Bollywood
[2026-04-15T06:19:48.126Z] [INFO] ✅ CRON SUCCESS: Hollywood Celebrity Scraper - Successfully synced 20 new celebrities for Hollywood
[2026-04-15T06:20:29.929Z] [INFO] ✅ CRON SUCCESS: Daily Sync - Daily sync completed. Total new movies: 2
[2026-04-15T06:30:00.032Z] [INFO] 🕒 CRON START: Comprehensive Daily Sync (Movies & Content)
[2026-04-15T06:30:00.033Z] [INFO] 🕒 CRON START: Trending Data Sync
[2026-04-15T06:30:01.552Z] [INFO] ✅ CRON SUCCESS: Trending Data Updated
[2026-04-15T06:30:41.334Z] [INFO] Received kill signal, shutting down gracefully...
[2026-04-15T06:31:30.848Z] [INFO] Cron job scheduler background service initiated (Target: http://localhost:3000).
[2026-04-15T06:31:30.849Z] [INFO] Log file location: C:\Users\pc\Downloads\project2\my-project\scheduler.log
[2026-04-15T06:31:30.873Z] [INFO] 🚀 Executing initial automation run...
[2026-04-15T06:31:30.873Z] [INFO] Waiting for Next.js server at http://localhost:3000 to be ready...
[2026-04-15T06:31:30.884Z] [INFO] All cron schedules active. Automation interval: 0 * * * *
[2026-04-15T06:31:30.889Z] [INFO] Next.js server not ready yet (attempt 1/20)...
[2026-04-15T06:31:35.912Z] [INFO] ✅ Next.js server is ready. Starting automation.
[2026-04-15T06:31:35.913Z] [INFO] 🕒 CRON START: Comprehensive Daily Sync (Movies & Content)
[2026-04-15T06:31:35.913Z] [INFO] 🕒 CRON START: Celebrity Scraper
[2026-04-15T06:32:19.975Z] [INFO] ✅ CRON SUCCESS: Bollywood Celebrity Scraper - Successfully synced 20 new celebrities for Bollywood
[2026-04-15T06:32:49.788Z] [INFO] ✅ CRON SUCCESS: Hollywood Celebrity Scraper - Successfully synced 20 new celebrities for Hollywood
[2026-04-15T06:33:33.653Z] [INFO] ✅ CRON SUCCESS: Daily Sync - Daily sync completed. Total new movies: 2
[2026-04-15T07:00:00.029Z] [INFO] 🕒 CRON START: Trending Data Sync
[2026-04-15T07:00:04.327Z] [INFO] ✅ CRON SUCCESS: Trending Data Updated
[2026-04-15T07:30:00.029Z] [INFO] 🕒 CRON START: Comprehensive Daily Sync (Movies & Content)
[2026-04-15T07:30:00.030Z] [INFO] 🕒 CRON START: Trending Data Sync
[2026-04-15T07:30:04.307Z] [INFO] ✅ CRON SUCCESS: Trending Data Updated
[2026-04-15T07:31:55.842Z] [INFO] ✅ CRON SUCCESS: Daily Sync - Daily sync completed. Total new movies: 2
[2026-04-15T08:00:00.016Z] [INFO] 🕒 CRON START: Trending Data Sync
[2026-04-15T08:00:04.118Z] [INFO] ✅ CRON SUCCESS: Trending Data Updated
[2026-04-15T08:11:06.882Z] [INFO] Received kill signal, shutting down gracefully...
[2026-04-15T08:11:32.289Z] [INFO] Cron job scheduler background service initiated (Target: http://localhost:3000).
[2026-04-15T08:11:32.290Z] [INFO] Log file location: C:\Users\pc\Downloads\project2\my-project\scheduler.log
[2026-04-15T08:11:32.312Z] [INFO] 🚀 Executing initial automation run...
[2026-04-15T08:11:32.313Z] [INFO] Waiting for Next.js server at http://localhost:3000 to be ready...
[2026-04-15T08:11:32.324Z] [INFO] All cron schedules active. Automation interval: 0 * * * *
[2026-04-15T08:11:32.326Z] [INFO] Next.js server not ready yet (attempt 1/20)...
[2026-04-15T08:11:37.340Z] [INFO] ✅ Next.js server is ready. Starting automation.
[2026-04-15T08:11:37.340Z] [INFO] 🕒 CRON START: Comprehensive Daily Sync (Movies & Content)
[2026-04-15T08:11:37.341Z] [INFO] 🕒 CRON START: Celebrity Scraper
[2026-04-15T08:12:23.590Z] [INFO] ✅ CRON SUCCESS: Bollywood Celebrity Scraper - Successfully synced 20 new celebrities for Bollywood
[2026-04-15T08:12:54.536Z] [INFO] ✅ CRON SUCCESS: Hollywood Celebrity Scraper - Successfully synced 20 new celebrities for Hollywood
[2026-04-15T08:13:33.271Z] [INFO] ✅ CRON SUCCESS: Daily Sync - Daily sync completed. Total new movies: 2
[2026-04-15T08:27:00.021Z] [INFO] 🕒 CRON START: Celebrity Scraper
[2026-04-15T08:27:44.728Z] [INFO] ✅ CRON SUCCESS: Bollywood Celebrity Scraper - Successfully synced 20 new celebrities for Bollywood
[2026-04-15T08:28:14.488Z] [INFO] ✅ CRON SUCCESS: Hollywood Celebrity Scraper - Successfully synced 20 new celebrities for Hollywood
[2026-04-15T08:30:00.027Z] [INFO] 🕒 CRON START: Comprehensive Daily Sync (Movies & Content)
[2026-04-15T08:30:00.028Z] [INFO] 🕒 CRON START: Trending Data Sync
[2026-04-15T08:30:04.553Z] [INFO] ✅ CRON SUCCESS: Trending Data Updated
[2026-04-15T08:31:56.214Z] [INFO] ✅ CRON SUCCESS: Daily Sync - Daily sync completed. Total new movies: 2
[2026-04-15T09:00:00.024Z] [INFO] 🕒 CRON START: Trending Data Sync
[2026-04-15T09:00:04.347Z] [INFO] ✅ CRON SUCCESS: Trending Data Updated
[2026-04-15T09:30:00.026Z] [INFO] 🕒 CRON START: Trending Data Sync
[2026-04-15T09:30:00.027Z] [INFO] 🕒 CRON START: Comprehensive Daily Sync (Movies & Content)
[2026-04-15T09:30:04.435Z] [INFO] ✅ CRON SUCCESS: Trending Data Updated
[2026-04-15T09:31:58.904Z] [INFO] ✅ CRON SUCCESS: Daily Sync - Daily sync completed. Total new movies: 2
[2026-04-15T10:00:00.026Z] [INFO] 🕒 CRON START: Trending Data Sync
[2026-04-15T10:00:04.567Z] [INFO] ✅ CRON SUCCESS: Trending Data Updated
[2026-04-15T10:30:00.019Z] [INFO] 🕒 CRON START: Comprehensive Daily Sync (Movies & Content)
[2026-04-15T10:30:00.020Z] [INFO] 🕒 CRON START: Trending Data Sync
[2026-04-15T10:30:04.338Z] [INFO] ✅ CRON SUCCESS: Trending Data Updated
[2026-04-15T10:31:57.402Z] [INFO] ✅ CRON SUCCESS: Daily Sync - Daily sync completed. Total new movies: 2
[2026-04-15T11:00:00.022Z] [INFO] 🕒 CRON START: Trending Data Sync
[2026-04-15T11:00:04.406Z] [INFO] ✅ CRON SUCCESS: Trending Data Updated
[2026-04-15T11:30:00.024Z] [INFO] 🕒 CRON START: Trending Data Sync
[2026-04-15T11:30:00.025Z] [INFO] 🕒 CRON START: Comprehensive Daily Sync (Movies & Content)
[2026-04-15T11:30:04.522Z] [INFO] ✅ CRON SUCCESS: Trending Data Updated
[2026-04-15T11:31:57.331Z] [INFO] ✅ CRON SUCCESS: Daily Sync - Daily sync completed. Total new movies: 2
[2026-04-15T12:00:00.024Z] [INFO] 🕒 CRON START: Trending Data Sync
[2026-04-15T12:00:04.163Z] [INFO] ✅ CRON SUCCESS: Trending Data Updated
[2026-04-15T12:30:00.017Z] [INFO] 🕒 CRON START: Comprehensive Daily Sync (Movies & Content)
[2026-04-15T12:30:00.018Z] [INFO] 🕒 CRON START: Trending Data Sync
[2026-04-15T12:30:04.244Z] [INFO] ✅ CRON SUCCESS: Trending Data Updated
[2026-04-15T12:31:56.926Z] [INFO] ✅ CRON SUCCESS: Daily Sync - Daily sync completed. Total new movies: 2
[2026-04-15T13:00:00.032Z] [INFO] 🕒 CRON START: Trending Data Sync
[2026-04-15T13:00:04.361Z] [INFO] ✅ CRON SUCCESS: Trending Data Updated
[2026-04-16T04:48:57.811Z] [INFO] Cron job scheduler background service initiated (Target: http://localhost:3000).
[2026-04-16T04:48:57.813Z] [INFO] Log file location: C:\Users\pc\Downloads\project2\my-project\scheduler.log
[2026-04-16T04:48:57.836Z] [INFO] 🚀 Executing initial automation run...
[2026-04-16T04:48:57.836Z] [INFO] Waiting for Next.js server at http://localhost:3000 to be ready...
[2026-04-16T04:48:57.847Z] [INFO] All cron schedules active. Automation interval: 0 * * * *
[2026-04-16T04:48:57.852Z] [INFO] Next.js server not ready yet (attempt 1/20)...
[2026-04-16T04:49:02.960Z] [INFO] ✅ Next.js server is ready. Starting automation.
[2026-04-16T04:49:02.960Z] [INFO] 🕒 CRON START: Comprehensive Daily Sync (Movies & Content)
[2026-04-16T04:49:02.961Z] [INFO] 🕒 CRON START: Celebrity Scraper
[2026-04-16T04:49:54.014Z] [INFO] ✅ CRON SUCCESS: Bollywood Celebrity Scraper - Successfully synced 20 new celebrities for Bollywood
[2026-04-16T04:50:31.199Z] [INFO] ✅ CRON SUCCESS: Hollywood Celebrity Scraper - Successfully synced 20 new celebrities for Hollywood
[2026-04-16T04:51:05.372Z] [INFO] ✅ CRON SUCCESS: Daily Sync - Daily sync completed. Total new movies: 4
[2026-04-16T05:00:00.022Z] [INFO] 🕒 CRON START: Trending Data Sync
[2026-04-16T05:00:04.689Z] [INFO] ✅ CRON SUCCESS: Trending Data Updated
[2026-04-16T05:26:30.050Z] [INFO] Received kill signal, shutting down gracefully...
[2026-04-16T05:27:32.835Z] [INFO] Cron job scheduler background service initiated (Target: http://localhost:3000).
[2026-04-16T05:27:32.835Z] [INFO] Log file location: C:\Users\pc\Downloads\project2\my-project\scheduler.log
[2026-04-16T05:27:32.859Z] [INFO] 🚀 Executing initial automation run...
[2026-04-16T05:27:32.860Z] [INFO] Waiting for Next.js server at http://localhost:3000 to be ready...
[2026-04-16T05:27:32.871Z] [INFO] All cron schedules active. Automation interval: 0 * * * *
[2026-04-16T05:27:32.876Z] [INFO] Next.js server not ready yet (attempt 1/20)...
[2026-04-16T05:27:37.918Z] [INFO] ✅ Next.js server is ready. Starting automation.
[2026-04-16T05:27:37.919Z] [INFO] 🕒 CRON START: Comprehensive Daily Sync (Movies & Content)
[2026-04-16T05:27:37.920Z] [INFO] 🕒 CRON START: Celebrity Scraper
[2026-04-16T05:28:22.623Z] [INFO] ✅ CRON SUCCESS: Bollywood Celebrity Scraper - Successfully synced 20 new celebrities for Bollywood
[2026-04-16T05:28:53.051Z] [INFO] ✅ CRON SUCCESS: Hollywood Celebrity Scraper - Successfully synced 20 new celebrities for Hollywood
[2026-04-16T05:29:37.128Z] [INFO] ✅ CRON SUCCESS: Daily Sync - Daily sync completed. Total new movies: 2
[2026-04-16T05:30:00.020Z] [INFO] 🕒 CRON START: Comprehensive Daily Sync (Movies & Content)
[2026-04-16T05:30:00.021Z] [INFO] 🕒 CRON START: Trending Data Sync
[2026-04-16T05:30:00.022Z] [INFO] 💓 Scheduler Heartbeat: Service is active and monitoring.
[2026-04-16T05:30:04.658Z] [INFO] ✅ CRON SUCCESS: Trending Data Updated
[2026-04-16T05:32:17.344Z] [INFO] ✅ CRON SUCCESS: Daily Sync - Daily sync completed. Total new movies: 2
[2026-04-16T05:35:00.009Z] [INFO] 🕒 CRON START: Wikipedia Movie Scraper
[2026-04-16T05:37:53.709Z] [INFO] ✅ CRON SUCCESS: Movie Scraper - Successfully synced 10 movies for 2026
[2026-04-16T05:50:00.032Z] [INFO] 🕒 CRON START: Daily Box Office & OTT Refresh
[2026-04-16T05:50:07.800Z] [INFO] 📊 Refreshing data for 16 recent movies
[2026-04-16T05:50:13.097Z] [INFO] ✅ Refreshed data for blue-hill-avenue
[2026-04-16T05:50:16.889Z] [INFO] ✅ Refreshed data for the-night-of-the-shooting-stars
[2026-04-16T05:50:20.778Z] [INFO] ✅ Refreshed data for red-scorpion
[2026-04-16T05:50:24.363Z] [INFO] ✅ Refreshed data for queen-of-katwe
[2026-04-16T05:50:27.829Z] [INFO] ✅ Refreshed data for lenny
[2026-04-16T05:50:31.161Z] [INFO] ✅ Refreshed data for the-tin-drum
[2026-04-16T05:50:34.970Z] [INFO] ✅ Refreshed data for a-cat-in-paris
[2026-04-16T05:50:38.785Z] [INFO] ✅ Refreshed data for ek-din
[2026-04-16T05:50:42.482Z] [INFO] ✅ Refreshed data for bhooth-bangla
[2026-04-16T05:50:43.616Z] [INFO] ✅ Refreshed data for bhabiji-ghar-par-hain-fun-on-the-run
[2026-04-16T05:50:46.975Z] [INFO] ✅ Refreshed data for azad-bharath
[2026-04-16T05:50:48.220Z] [INFO] ✅ Refreshed data for bharatiya-digital-party
[2026-04-16T05:50:52.416Z] [INFO] ✅ Refreshed data for bhanwar
[2026-04-16T05:50:56.310Z] [INFO] ✅ Refreshed data for back-benchers
[2026-04-16T05:51:00.394Z] [INFO] ✅ Refreshed data for anusandhan
[2026-04-16T05:51:01.736Z] [INFO] ✅ Refreshed data for andhar-maya
[2026-04-16T05:51:01.737Z] [INFO] ✅ CRON COMPLETE: Daily Data Refresh for 16 movies
[2026-04-16T06:00:00.036Z] [INFO] 🕒 CRON START: Trending Data Sync
[2026-04-16T06:00:04.994Z] [INFO] ✅ CRON SUCCESS: Trending Data Updated
[2026-04-16T06:30:00.010Z] [INFO] 🕒 CRON START: Comprehensive Daily Sync (Movies & Content)
[2026-04-16T06:30:00.011Z] [INFO] 🕒 CRON START: Trending Data Sync
[2026-04-16T06:30:04.474Z] [INFO] ✅ CRON SUCCESS: Trending Data Updated
[2026-04-16T06:32:01.858Z] [INFO] ✅ CRON SUCCESS: Daily Sync - Daily sync completed. Total new movies: 3
[2026-04-16T07:00:00.012Z] [INFO] 🕒 CRON START: Trending Data Sync
[2026-04-16T07:00:04.780Z] [INFO] ✅ CRON SUCCESS: Trending Data Updated
[2026-04-16T07:30:00.024Z] [INFO] 🕒 CRON START: Comprehensive Daily Sync (Movies & Content)
[2026-04-16T07:30:00.025Z] [INFO] 🕒 CRON START: Trending Data Sync
[2026-04-16T07:30:04.421Z] [INFO] ✅ CRON SUCCESS: Trending Data Updated
[2026-04-16T07:31:59.852Z] [INFO] ✅ CRON SUCCESS: Daily Sync - Daily sync completed. Total new movies: 2
[2026-04-16T08:00:00.027Z] [INFO] 🕒 CRON START: Trending Data Sync
[2026-04-16T08:00:04.579Z] [INFO] ✅ CRON SUCCESS: Trending Data Updated
[2026-04-16T08:27:00.012Z] [INFO] 🕒 CRON START: Celebrity Scraper
[2026-04-16T08:27:49.254Z] [INFO] ✅ CRON SUCCESS: Bollywood Celebrity Scraper - Successfully synced 20 new celebrities for Bollywood
[2026-04-16T08:28:23.700Z] [INFO] ✅ CRON SUCCESS: Hollywood Celebrity Scraper - Successfully synced 20 new celebrities for Hollywood
[2026-04-16T08:30:00.020Z] [INFO] 🕒 CRON START: Comprehensive Daily Sync (Movies & Content)
[2026-04-16T08:30:00.021Z] [INFO] 🕒 CRON START: Trending Data Sync
[2026-04-16T08:30:04.767Z] [INFO] ✅ CRON SUCCESS: Trending Data Updated
[2026-04-16T08:31:59.658Z] [INFO] ✅ CRON SUCCESS: Daily Sync - Daily sync completed. Total new movies: 2
[2026-04-16T09:00:00.027Z] [INFO] 🕒 CRON START: Trending Data Sync
[2026-04-16T09:00:04.403Z] [INFO] ✅ CRON SUCCESS: Trending Data Updated
[2026-04-16T09:30:00.015Z] [INFO] 🕒 CRON START: Comprehensive Daily Sync (Movies & Content)
[2026-04-16T09:30:00.018Z] [INFO] 🕒 CRON START: Trending Data Sync
[2026-04-16T09:30:04.435Z] [INFO] ✅ CRON SUCCESS: Trending Data Updated
[2026-04-16T09:31:58.425Z] [INFO] ✅ CRON SUCCESS: Daily Sync - Daily sync completed. Total new movies: 2
[2026-04-16T10:00:00.016Z] [INFO] 🕒 CRON START: Trending Data Sync
[2026-04-16T10:00:04.635Z] [INFO] ✅ CRON SUCCESS: Trending Data Updated
[2026-04-16T10:30:00.026Z] [INFO] 🕒 CRON START: Trending Data Sync
[2026-04-16T10:30:00.027Z] [INFO] 🕒 CRON START: Comprehensive Daily Sync (Movies & Content)
[2026-04-16T10:30:04.351Z] [INFO] ✅ CRON SUCCESS: Trending Data Updated
[2026-04-16T10:31:58.898Z] [INFO] ✅ CRON SUCCESS: Daily Sync - Daily sync completed. Total new movies: 2
[2026-04-16T11:00:00.016Z] [INFO] 🕒 CRON START: Trending Data Sync
[2026-04-16T11:00:04.238Z] [INFO] ✅ CRON SUCCESS: Trending Data Updated
[2026-04-16T11:30:00.026Z] [INFO] 🕒 CRON START: Comprehensive Daily Sync (Movies & Content)
[2026-04-16T11:30:00.027Z] [INFO] 🕒 CRON START: Trending Data Sync
[2026-04-16T11:30:04.548Z] [INFO] ✅ CRON SUCCESS: Trending Data Updated
[2026-04-16T11:32:02.551Z] [INFO] ✅ CRON SUCCESS: Daily Sync - Daily sync completed. Total new movies: 2
[2026-04-16T12:00:00.025Z] [INFO] 🕒 CRON START: Trending Data Sync
[2026-04-16T12:00:05.243Z] [INFO] ✅ CRON SUCCESS: Trending Data Updated
[2026-04-16T13:14:38.462Z] [INFO] Cron job scheduler background service initiated (Target: http://localhost:3000).
[2026-04-16T13:14:38.463Z] [INFO] Log file location: C:\Users\pc\Downloads\project2\my-project\scheduler.log
[2026-04-16T13:14:38.486Z] [INFO] 🚀 Executing initial automation run...
[2026-04-16T13:14:38.487Z] [INFO] Waiting for Next.js server at http://localhost:3000 to be ready...
[2026-04-16T13:14:38.497Z] [INFO] All cron schedules active. Automation interval: 0 * * * *
[2026-04-16T13:14:38.502Z] [INFO] Next.js server not ready yet (attempt 1/20)...
[2026-04-16T13:14:43.581Z] [INFO] ✅ Next.js server is ready. Starting automation.
[2026-04-16T13:14:43.582Z] [INFO] 🕒 CRON START: Comprehensive Daily Sync (Movies & Content)
[2026-04-16T13:14:43.583Z] [INFO] 🕒 CRON START: Celebrity Scraper
[2026-04-16T13:15:33.788Z] [INFO] ✅ CRON SUCCESS: Bollywood Celebrity Scraper - Successfully synced 20 new celebrities for Bollywood
[2026-04-16T13:16:05.480Z] [INFO] ✅ CRON SUCCESS: Hollywood Celebrity Scraper - Successfully synced 20 new celebrities for Hollywood
[2026-04-16T13:17:01.881Z] [INFO] ✅ CRON SUCCESS: Daily Sync - Daily sync completed. Total new movies: 2
[2026-04-16T13:30:00.023Z] [INFO] 🕒 CRON START: Trending Data Sync
[2026-04-16T13:30:00.024Z] [INFO] 🕒 CRON START: Comprehensive Daily Sync (Movies & Content)
[2026-04-16T13:30:04.515Z] [INFO] ✅ CRON SUCCESS: Trending Data Updated
[2026-04-16T13:32:36.816Z] [INFO] ✅ CRON SUCCESS: Daily Sync - Daily sync completed. Total new movies: 2
[2026-04-15T08:27:00.106Z] [INFO] 🕒 CRON START: Celebrity Scraper
[2026-04-15T08:28:01.220Z] [INFO] ✅ CRON SUCCESS: Bollywood Celebrity Scraper - Successfully synced 20 new celebrities for Bollywood
[2026-04-15T08:28:44.242Z] [INFO] ✅ CRON SUCCESS: Hollywood Celebrity Scraper - Successfully synced 20 new celebrities for Hollywood
[2026-04-15T08:30:00.215Z] [INFO] 🕒 CRON START: Comprehensive Daily Sync (Movies & Content)
[2026-04-15T08:30:00.289Z] [INFO] 🕒 CRON START: Trending Data Sync
[2026-04-15T08:30:05.430Z] [INFO] ✅ CRON SUCCESS: Trending Data Updated
[2026-04-15T09:30:03.148Z] [ERROR] ❌ CRON FATAL (Daily Sync): network timeout at: http://localhost:3000/api/admin/automation/run-daily-sync
[2026-04-15T10:00:00.539Z] [INFO] 🕒 CRON START: Trending Data Sync
[2026-04-15T10:00:06.730Z] [INFO] ✅ CRON SUCCESS: Trending Data Updated
[2026-04-15T10:30:00.302Z] [INFO] 🕒 CRON START: Comprehensive Daily Sync (Movies & Content)
[2026-04-15T10:30:00.379Z] [INFO] 🕒 CRON START: Trending Data Sync
[2026-04-15T10:30:09.128Z] [INFO] ✅ CRON SUCCESS: Trending Data Updated
[2026-04-15T10:32:12.513Z] [INFO] ✅ CRON SUCCESS: Daily Sync - Daily sync completed. Total new movies: 2
[2026-04-15T11:00:00.196Z] [INFO] 🕒 CRON START: Trending Data Sync
[2026-04-15T11:00:04.927Z] [INFO] ✅ CRON SUCCESS: Trending Data Updated
[2026-04-15T11:30:00.396Z] [INFO] 🕒 CRON START: Trending Data Sync
[2026-04-15T11:30:00.502Z] [INFO] 🕒 CRON START: Comprehensive Daily Sync (Movies & Content)
[2026-04-15T11:30:09.312Z] [INFO] ✅ CRON SUCCESS: Trending Data Updated
[2026-04-15T11:32:07.576Z] [INFO] ✅ CRON SUCCESS: Daily Sync - Daily sync completed. Total new movies: 2
[2026-04-15T12:00:00.320Z] [INFO] 🕒 CRON START: Trending Data Sync
[2026-04-15T12:00:18.772Z] [INFO] ✅ CRON SUCCESS: Trending Data Updated
[2026-04-15T12:30:00.304Z] [INFO] 🕒 CRON START: Comprehensive Daily Sync (Movies & Content)
[2026-04-15T12:30:00.393Z] [INFO] 🕒 CRON START: Trending Data Sync
[2026-04-15T12:30:21.335Z] [INFO] ✅ CRON SUCCESS: Trending Data Updated
[2026-04-15T12:32:03.762Z] [INFO] ✅ CRON SUCCESS: Daily Sync - Daily sync completed. Total new movies: 2
[2026-04-15T12:40:14.939Z] [INFO] Received kill signal, shutting down gracefully...
[2026-04-15T12:40:23.072Z] [INFO] Cron job scheduler background service initiated (Target: http://localhost:3000).
[2026-04-15T12:40:23.074Z] [INFO] Log file location: C:\Users\jnj\Desktop\DigLip7\filmy\film\scheduler.log
[2026-04-15T12:40:23.294Z] [INFO] 🚀 Executing initial automation run...
[2026-04-15T12:40:23.296Z] [INFO] Waiting for Next.js server at http://localhost:3000 to be ready...
[2026-04-15T12:40:23.344Z] [INFO] All cron schedules active. Automation interval: 0 * * * *
[2026-04-15T12:40:23.366Z] [INFO] Next.js server not ready yet (attempt 1/20)...
[2026-04-15T12:40:29.556Z] [INFO] ✅ Next.js server is ready. Starting automation.
[2026-04-15T12:40:29.558Z] [INFO] 🕒 CRON START: Comprehensive Daily Sync (Movies & Content)
[2026-04-15T12:40:29.562Z] [INFO] 🕒 CRON START: Celebrity Scraper
[2026-04-15T12:41:25.361Z] [INFO] ✅ CRON SUCCESS: Bollywood Celebrity Scraper - Successfully synced 20 new celebrities for Bollywood
[2026-04-15T12:41:56.963Z] [INFO] ✅ CRON SUCCESS: Hollywood Celebrity Scraper - Successfully synced 20 new celebrities for Hollywood
[2026-04-15T12:42:33.980Z] [INFO] ✅ CRON SUCCESS: Daily Sync - Daily sync completed. Total new movies: 2
[2026-04-15T13:00:00.472Z] [INFO] 🕒 CRON START: Trending Data Sync
[2026-04-15T13:00:24.698Z] [INFO] ✅ CRON SUCCESS: Trending Data Updated
[2026-04-17T04:43:27.519Z] [INFO] Received kill signal, shutting down gracefully...
[2026-04-17T04:43:39.718Z] [INFO] Cron job scheduler background service initiated (Target: http://localhost:3000).
[2026-04-17T04:43:39.720Z] [INFO] Log file location: C:\Users\jnj\Desktop\DigLip7\filmy\film\scheduler.log
[2026-04-17T04:43:39.916Z] [INFO] 🚀 Executing initial automation run...
[2026-04-17T04:43:39.918Z] [INFO] Waiting for Next.js server at http://localhost:3000 to be ready...
[2026-04-17T04:43:39.963Z] [INFO] All cron schedules active. Automation interval: 0 * * * *
[2026-04-17T04:43:39.984Z] [INFO] Next.js server not ready yet (attempt 1/20)...
[2026-04-17T04:43:45.618Z] [INFO] ✅ Next.js server is ready. Starting automation.
[2026-04-17T04:43:45.620Z] [INFO] 🕒 CRON START: Comprehensive Daily Sync (Movies & Content)
[2026-04-17T04:43:45.625Z] [INFO] 🕒 CRON START: Celebrity Scraper
[2026-04-17T04:44:55.149Z] [INFO] ✅ CRON SUCCESS: Bollywood Celebrity Scraper - Successfully synced 20 new celebrities for Bollywood
[2026-04-17T04:45:15.732Z] [INFO] Received kill signal, shutting down gracefully...
[2026-04-17T04:45:25.522Z] [INFO] Cron job scheduler background service initiated (Target: http://localhost:3000).
[2026-04-17T04:45:25.526Z] [INFO] Log file location: C:\Users\jnj\Desktop\DigLip7\filmy\film\scheduler.log
[2026-04-17T04:45:25.740Z] [INFO] 🚀 Executing initial automation run...
[2026-04-17T04:45:25.741Z] [INFO] Waiting for Next.js server at http://localhost:3000 to be ready...
[2026-04-17T04:45:25.785Z] [INFO] All cron schedules active. Automation interval: 0 * * * *
[2026-04-17T04:45:25.808Z] [INFO] Next.js server not ready yet (attempt 1/20)...
[2026-04-17T04:45:32.319Z] [INFO] ✅ Next.js server is ready. Starting automation.
[2026-04-17T04:45:32.321Z] [INFO] 🕒 CRON START: Comprehensive Daily Sync (Movies & Content)
[2026-04-17T04:45:32.327Z] [INFO] 🕒 CRON START: Celebrity Scraper
[2026-04-17T04:47:01.198Z] [INFO] ✅ CRON SUCCESS: Bollywood Celebrity Scraper - Successfully synced 20 new celebrities for Bollywood
[2026-04-17T04:47:44.008Z] [INFO] ✅ CRON SUCCESS: Hollywood Celebrity Scraper - Successfully synced 20 new celebrities for Hollywood
[2026-04-17T04:48:10.755Z] [INFO] ✅ CRON SUCCESS: Daily Sync - Daily sync completed. Total new movies: 2
[2026-04-17T05:00:00.306Z] [INFO] 🕒 CRON START: Trending Data Sync
[2026-04-17T05:00:28.866Z] [INFO] ✅ CRON SUCCESS: Trending Data Updated
[2026-04-17T07:17:41.656Z] [INFO] Cron job scheduler background service initiated (Target: http://localhost:3000).
[2026-04-17T07:17:41.657Z] [INFO] Log file location: C:\Users\pc\Downloads\project2\my-project\scheduler.log
[2026-04-17T07:17:41.681Z] [INFO] 🚀 Executing initial automation run...
[2026-04-17T07:17:41.681Z] [INFO] Waiting for Next.js server at http://localhost:3000 to be ready...
[2026-04-17T07:17:41.692Z] [INFO] All cron schedules active. Automation interval: 0 * * * *
[2026-04-17T07:17:42.065Z] [INFO] ✅ Next.js server is ready. Starting automation.
[2026-04-17T07:17:42.065Z] [INFO] 🕒 CRON START: Comprehensive Daily Sync (Movies & Content)
[2026-04-17T07:17:42.066Z] [INFO] 🕒 CRON START: Celebrity Scraper
[2026-04-17T07:18:21.688Z] [INFO] ✅ CRON SUCCESS: Bollywood Celebrity Scraper - Successfully synced 10 new celebrities for Bollywood. Skipped 3 existing.
[2026-04-17T07:18:39.079Z] [INFO] ✅ CRON SUCCESS: Hollywood Celebrity Scraper - Successfully synced 10 new celebrities for Hollywood. Skipped 2 existing.
[2026-04-17T07:18:39.240Z] [INFO] Received kill signal, shutting down gracefully...
[2026-04-17T07:19:10.023Z] [INFO] Cron job scheduler background service initiated (Target: http://localhost:3000).
[2026-04-17T07:19:10.023Z] [INFO] Log file location: C:\Users\pc\Downloads\project2\my-project\scheduler.log
[2026-04-17T07:19:10.047Z] [INFO] 🚀 Executing initial automation run...
[2026-04-17T07:19:10.047Z] [INFO] Waiting for Next.js server at http://localhost:3000 to be ready...
[2026-04-17T07:19:10.057Z] [INFO] All cron schedules active. Automation interval: 0 * * * *
[2026-04-17T07:19:10.106Z] [INFO] ✅ Next.js server is ready. Starting automation.
[2026-04-17T07:19:10.107Z] [INFO] 🕒 CRON START: Comprehensive Daily Sync (Movies & Content)
[2026-04-17T07:19:10.107Z] [INFO] 🕒 CRON START: Celebrity Scraper
[2026-04-17T07:19:44.634Z] [INFO] ✅ CRON SUCCESS: Bollywood Celebrity Scraper - Successfully synced 10 new celebrities for Bollywood. Skipped 9 existing.
[2026-04-17T07:19:59.180Z] [INFO] ✅ CRON SUCCESS: Hollywood Celebrity Scraper - Successfully synced 10 new celebrities for Hollywood. Skipped 1 existing.
[2026-04-17T07:21:10.691Z] [INFO] ✅ CRON SUCCESS: Daily Sync - Daily sync completed. Total new movies: 2
[2026-04-17T07:30:00.022Z] [INFO] 🕒 CRON START: Comprehensive Daily Sync (Movies & Content)
[2026-04-17T07:30:00.023Z] [INFO] 🕒 CRON START: Trending Data Sync
[2026-04-17T07:30:53.549Z] [INFO] ✅ CRON SUCCESS: Trending Data Updated
[2026-04-17T07:31:18.385Z] [INFO] Received kill signal, shutting down gracefully...
[2026-04-17T06:30:00.218Z] [INFO] 🕒 CRON START: Trending Data Sync
[2026-04-17T06:30:00.291Z] [INFO] 🕒 CRON START: Comprehensive Daily Sync (Movies & Content)
[2026-04-17T06:30:22.526Z] [INFO] ✅ CRON SUCCESS: Trending Data Updated
[2026-04-17T06:32:11.050Z] [ERROR] ❌ CRON FATAL (Daily Sync): request to http://localhost:3000/api/admin/automation/run-daily-sync failed, reason: read ECONNRESET
[2026-04-17T07:00:00.536Z] [INFO] 🕒 CRON START: Trending Data Sync
[2026-04-17T07:00:27.386Z] [INFO] ✅ CRON SUCCESS: Trending Data Updated
[2026-04-17T07:30:00.273Z] [INFO] 🕒 CRON START: Comprehensive Daily Sync (Movies & Content)
[2026-04-17T07:30:00.350Z] [INFO] 🕒 CRON START: Trending Data Sync
[2026-04-17T07:30:26.661Z] [INFO] ✅ CRON SUCCESS: Trending Data Updated
[2026-04-17T07:32:04.395Z] [INFO] ✅ CRON SUCCESS: Daily Sync - Daily sync completed. Total new movies: 2
[2026-04-17T08:00:00.272Z] [INFO] 🕒 CRON START: Trending Data Sync
[2026-04-17T08:00:26.657Z] [INFO] ✅ CRON SUCCESS: Trending Data Updated
[2026-04-17T08:27:00.350Z] [INFO] 🕒 CRON START: Celebrity Scraper
[2026-04-17T08:27:44.629Z] [INFO] ✅ CRON SUCCESS: Bollywood Celebrity Scraper - Successfully synced 10 new celebrities for Bollywood. Skipped 14 existing.
[2026-04-17T08:28:04.530Z] [INFO] ✅ CRON SUCCESS: Hollywood Celebrity Scraper - Successfully synced 10 new celebrities for Hollywood. Skipped 5 existing.
[2026-04-17T08:30:00.079Z] [INFO] 🕒 CRON START: Comprehensive Daily Sync (Movies & Content)
[2026-04-17T08:30:00.090Z] [INFO] 🕒 CRON START: Trending Data Sync
[2026-04-17T08:30:25.076Z] [INFO] ✅ CRON SUCCESS: Trending Data Updated
[2026-04-17T09:30:39.364Z] [ERROR] ❌ CRON FATAL (Daily Sync): network timeout at: http://localhost:3000/api/admin/automation/run-daily-sync
[2026-04-17T10:00:00.973Z] [INFO] 🕒 CRON START: Trending Data Sync
[2026-04-17T10:00:32.504Z] [INFO] ✅ CRON SUCCESS: Trending Data Updated
[2026-04-17T10:30:00.390Z] [INFO] 🕒 CRON START: Comprehensive Daily Sync (Movies & Content)
[2026-04-17T10:30:00.510Z] [INFO] 🕒 CRON START: Trending Data Sync
[2026-04-17T10:30:23.341Z] [INFO] ✅ CRON SUCCESS: Trending Data Updated
[2026-04-17T10:32:06.473Z] [INFO] ✅ CRON SUCCESS: Daily Sync - Daily sync completed. Total new movies: 2
[2026-04-17T11:00:00.331Z] [INFO] 🕒 CRON START: Trending Data Sync
[2026-04-17T11:00:27.276Z] [INFO] ✅ CRON SUCCESS: Trending Data Updated
[2026-04-17T11:30:00.258Z] [INFO] 🕒 CRON START: Comprehensive Daily Sync (Movies & Content)
[2026-04-17T11:30:00.343Z] [INFO] 🕒 CRON START: Trending Data Sync
[2026-04-17T11:30:22.633Z] [INFO] ✅ CRON SUCCESS: Trending Data Updated
[2026-04-17T11:32:39.113Z] [INFO] ✅ CRON SUCCESS: Daily Sync - Daily sync completed. Total new movies: 2
[2026-04-17T12:00:00.236Z] [INFO] 🕒 CRON START: Trending Data Sync
[2026-04-17T12:00:23.622Z] [INFO] ✅ CRON SUCCESS: Trending Data Updated
[2026-04-17T12:30:00.254Z] [INFO] 🕒 CRON START: Comprehensive Daily Sync (Movies & Content)
[2026-04-17T12:30:00.328Z] [INFO] 🕒 CRON START: Trending Data Sync
[2026-04-17T12:30:24.200Z] [INFO] ✅ CRON SUCCESS: Trending Data Updated
[2026-04-17T12:32:00.900Z] [INFO] ✅ CRON SUCCESS: Daily Sync - Daily sync completed. Total new movies: 2
[2026-04-17T13:00:00.336Z] [INFO] 🕒 CRON START: Trending Data Sync
[2026-04-17T13:00:58.518Z] [INFO] ✅ CRON SUCCESS: Trending Data Updated
[2026-04-18T04:30:00.078Z] [INFO] 🕒 CRON START: Comprehensive Daily Sync (Movies & Content)
[2026-04-18T04:30:00.173Z] [INFO] 🕒 CRON START: Trending Data Sync
[2026-04-18T04:31:00.817Z] [INFO] ✅ CRON SUCCESS: Trending Data Updated
[2026-04-18T04:32:14.629Z] [INFO] ✅ CRON SUCCESS: Daily Sync - Daily sync completed. Total new movies: 3
[2026-04-18T05:00:00.217Z] [INFO] 🕒 CRON START: Trending Data Sync
[2026-04-18T05:00:55.823Z] [INFO] ✅ CRON SUCCESS: Trending Data Updated
[2026-04-18T05:30:00.525Z] [INFO] 🕒 CRON START: Comprehensive Daily Sync (Movies & Content)
[2026-04-18T05:30:01.164Z] [INFO] 🕒 CRON START: Trending Data Sync
[2026-04-18T05:30:01.271Z] [INFO] 💓 Scheduler Heartbeat: Service is active and monitoring.
[2026-04-18T05:31:07.174Z] [INFO] ✅ CRON SUCCESS: Trending Data Updated
[2026-04-18T05:32:21.952Z] [INFO] ✅ CRON SUCCESS: Daily Sync - Daily sync completed. Total new movies: 2
[2026-04-18T05:35:00.528Z] [INFO] 🕒 CRON START: Wikipedia Movie Scraper
[2026-04-18T05:39:08.182Z] [INFO] ✅ CRON SUCCESS: Movie Scraper - Successfully synced 10 movies for 2026
[2026-04-18T05:50:00.132Z] [INFO] 🕒 CRON START: Daily Box Office & OTT Refresh
[2026-04-18T05:50:11.431Z] [INFO] 📊 Refreshing data for 18 recent movies
[2026-04-18T05:50:12.192Z] [INFO] ✅ Refreshed data for blue-hill-avenue
[2026-04-18T05:50:12.785Z] [INFO] ✅ Refreshed data for the-night-of-the-shooting-stars
[2026-04-18T05:50:17.776Z] [INFO] ✅ Refreshed data for red-scorpion
[2026-04-18T05:50:21.366Z] [INFO] ✅ Refreshed data for queen-of-katwe
[2026-04-18T05:50:24.505Z] [INFO] ✅ Refreshed data for lenny
[2026-04-18T05:50:27.869Z] [INFO] ✅ Refreshed data for the-tin-drum
[2026-04-18T05:50:31.375Z] [INFO] ✅ Refreshed data for a-cat-in-paris
[2026-04-18T05:50:35.034Z] [INFO] ✅ Refreshed data for ek-din
[2026-04-18T05:50:38.571Z] [INFO] ✅ Refreshed data for bhooth-bangla
[2026-04-18T05:50:42.183Z] [INFO] ✅ Refreshed data for mallari
[2026-04-18T05:50:45.840Z] [INFO] ✅ Refreshed data for tu-yaa-main
[2026-04-18T05:50:46.603Z] [INFO] ✅ Refreshed data for bhabiji-ghar-par-hain-fun-on-the-run
[2026-04-18T05:50:49.749Z] [INFO] ✅ Refreshed data for azad-bharath
[2026-04-18T05:50:50.973Z] [INFO] ✅ Refreshed data for bharatiya-digital-party
[2026-04-18T05:50:54.628Z] [INFO] ✅ Refreshed data for bhanwar
[2026-04-18T05:50:58.325Z] [INFO] ✅ Refreshed data for back-benchers
[2026-04-18T05:51:02.054Z] [INFO] ✅ Refreshed data for anusandhan
[2026-04-18T05:51:03.160Z] [INFO] ✅ Refreshed data for andhar-maya
[2026-04-18T05:51:03.162Z] [INFO] ✅ CRON COMPLETE: Daily Data Refresh for 18 movies
[2026-04-18T06:00:00.975Z] [INFO] 🕒 CRON START: Trending Data Sync
[2026-04-18T06:00:53.577Z] [INFO] ✅ CRON SUCCESS: Trending Data Updated
[2026-04-18T06:30:00.445Z] [INFO] 🕒 CRON START: Comprehensive Daily Sync (Movies & Content)
[2026-04-18T06:30:00.515Z] [INFO] 🕒 CRON START: Trending Data Sync
[2026-04-18T06:30:54.033Z] [INFO] ✅ CRON SUCCESS: Trending Data Updated
[2026-04-18T06:32:05.161Z] [INFO] ✅ CRON SUCCESS: Daily Sync - Daily sync completed. Total new movies: 2
[2026-04-18T07:00:00.479Z] [INFO] 🕒 CRON START: Trending Data Sync
[2026-04-18T07:00:57.730Z] [INFO] ✅ CRON SUCCESS: Trending Data Updated
[2026-04-18T07:30:00.286Z] [INFO] 🕒 CRON START: Comprehensive Daily Sync (Movies & Content)
[2026-04-18T07:30:00.390Z] [INFO] 🕒 CRON START: Trending Data Sync
[2026-04-18T07:31:10.605Z] [INFO] ✅ CRON SUCCESS: Trending Data Updated
[2026-04-18T07:32:10.090Z] [INFO] ✅ CRON SUCCESS: Daily Sync - Daily sync completed. Total new movies: 3
[2026-04-18T07:49:38.256Z] [INFO] Received kill signal, shutting down gracefully...
[2026-04-18T07:49:50.813Z] [INFO] Cron job scheduler background service initiated (Target: http://localhost:3000).
[2026-04-18T07:49:50.819Z] [INFO] Log file location: C:\Users\jnj\Desktop\DigLip7\filmy\film\scheduler.log
[2026-04-18T07:49:51.164Z] [INFO] 🚀 Executing initial automation run...
[2026-04-18T07:49:51.167Z] [INFO] Waiting for Next.js server at http://localhost:3000 to be ready...
[2026-04-18T07:49:51.271Z] [INFO] All cron schedules active. Automation interval: 0 * * * *
[2026-04-18T07:49:51.304Z] [INFO] Next.js server not ready yet (attempt 1/20)...
[2026-04-18T07:49:58.386Z] [INFO] Next.js server not ready yet (attempt 2/20)...
[2026-04-18T07:50:04.424Z] [INFO] ✅ Next.js server is ready. Starting automation.
[2026-04-18T07:50:04.427Z] [INFO] 🕒 CRON START: Comprehensive Daily Sync (Movies & Content)
[2026-04-18T07:50:04.432Z] [INFO] 🕒 CRON START: Celebrity Scraper
[2026-04-18T07:51:05.624Z] [INFO] ✅ CRON SUCCESS: Bollywood Celebrity Scraper - Successfully synced 10 new celebrities for Bollywood. Skipped 4 existing.
[2026-04-18T07:51:31.264Z] [INFO] ✅ CRON SUCCESS: Hollywood Celebrity Scraper - Successfully synced 10 new celebrities for Hollywood. Skipped 5 existing.
[2026-04-18T07:52:31.192Z] [INFO] ✅ CRON SUCCESS: Daily Sync - Daily sync completed. Total new movies: 2
[2026-04-18T08:00:00.220Z] [INFO] 🕒 CRON START: Trending Data Sync
[2026-04-18T08:00:59.969Z] [INFO] ✅ CRON SUCCESS: Trending Data Updated
[2026-04-18T08:01:22.319Z] [INFO] Received kill signal, shutting down gracefully...
[2026-04-18T08:01:31.973Z] [INFO] Cron job scheduler background service initiated (Target: http://localhost:3000).
[2026-04-18T08:01:31.982Z] [INFO] Log file location: C:\Users\jnj\Desktop\DigLip7\filmy\film\scheduler.log
[2026-04-18T08:01:32.350Z] [INFO] 🚀 Executing initial automation run...
[2026-04-18T08:01:32.353Z] [INFO] Waiting for Next.js server at http://localhost:3000 to be ready...
[2026-04-18T08:01:32.435Z] [INFO] All cron schedules active. Automation interval: 0 * * * *
[2026-04-18T08:01:32.467Z] [INFO] Next.js server not ready yet (attempt 1/20)...
[2026-04-18T08:01:39.509Z] [INFO] Next.js server not ready yet (attempt 2/20)...
[2026-04-18T08:01:44.795Z] [INFO] ✅ Next.js server is ready. Starting automation.
[2026-04-18T08:01:44.798Z] [INFO] 🕒 CRON START: Comprehensive Daily Sync (Movies & Content)
[2026-04-18T08:01:44.805Z] [INFO] 🕒 CRON START: Celebrity Scraper
[2026-04-18T08:02:37.527Z] [INFO] ✅ CRON SUCCESS: Bollywood Celebrity Scraper - Successfully synced 10 new celebrities for Bollywood. Skipped 10 existing.
[2026-04-18T08:02:57.197Z] [INFO] ✅ CRON SUCCESS: Hollywood Celebrity Scraper - Successfully synced 10 new celebrities for Hollywood. Skipped 14 existing.
[2026-04-18T08:03:57.310Z] [INFO] ✅ CRON SUCCESS: Daily Sync - Daily sync completed. Total new movies: 2
[2026-04-18T08:05:01.644Z] [INFO] Received kill signal, shutting down gracefully...
[2026-04-18T08:05:10.380Z] [INFO] Cron job scheduler background service initiated (Target: http://localhost:3000).
[2026-04-18T08:05:10.386Z] [INFO] Log file location: C:\Users\jnj\Desktop\DigLip7\filmy\film\scheduler.log
[2026-04-18T08:05:10.699Z] [INFO] 🚀 Executing initial automation run...
[2026-04-18T08:05:10.701Z] [INFO] Waiting for Next.js server at http://localhost:3000 to be ready...
[2026-04-18T08:05:10.793Z] [INFO] All cron schedules active. Automation interval: 0 * * * *
[2026-04-18T08:05:10.822Z] [INFO] Next.js server not ready yet (attempt 1/20)...
[2026-04-18T08:05:17.844Z] [INFO] Next.js server not ready yet (attempt 2/20)...
[2026-04-18T08:05:23.903Z] [INFO] ✅ Next.js server is ready. Starting automation.
[2026-04-18T08:05:23.907Z] [INFO] 🕒 CRON START: Comprehensive Daily Sync (Movies & Content)
[2026-04-18T08:05:23.914Z] [INFO] 🕒 CRON START: Celebrity Scraper
[2026-04-18T08:06:11.661Z] [INFO] ✅ CRON SUCCESS: Bollywood Celebrity Scraper - Successfully synced 10 new celebrities for Bollywood. Skipped 8 existing.
[2026-04-18T08:06:30.329Z] [INFO] ✅ CRON SUCCESS: Hollywood Celebrity Scraper - Successfully synced 10 new celebrities for Hollywood. Skipped 4 existing.
[2026-04-18T08:07:43.056Z] [INFO] ✅ CRON SUCCESS: Daily Sync - Daily sync completed. Total new movies: 2
[2026-04-18T08:13:22.773Z] [INFO] Received kill signal, shutting down gracefully...
[2026-04-18T08:13:31.529Z] [INFO] Cron job scheduler background service initiated (Target: http://localhost:3000).
[2026-04-18T08:13:31.534Z] [INFO] Log file location: C:\Users\jnj\Desktop\DigLip7\filmy\film\scheduler.log
[2026-04-18T08:13:31.770Z] [INFO] 🚀 Executing initial automation run...
[2026-04-18T08:13:31.772Z] [INFO] Waiting for Next.js server at http://localhost:3000 to be ready...
[2026-04-18T08:13:31.847Z] [INFO] All cron schedules active. Automation interval: 0 * * * *
[2026-04-18T08:13:31.872Z] [INFO] Next.js server not ready yet (attempt 1/20)...
[2026-04-18T08:13:38.906Z] [INFO] Next.js server not ready yet (attempt 2/20)...
[2026-04-18T08:13:44.642Z] [INFO] ✅ Next.js server is ready. Starting automation.
[2026-04-18T08:13:44.645Z] [INFO] 🕒 CRON START: Comprehensive Daily Sync (Movies & Content)
[2026-04-18T08:13:44.652Z] [INFO] 🕒 CRON START: Celebrity Scraper
[2026-04-18T08:14:27.881Z] [INFO] ✅ CRON SUCCESS: Bollywood Celebrity Scraper - Successfully synced 10 new celebrities for Bollywood. Skipped 5 existing.
[2026-04-18T08:14:44.134Z] [INFO] ✅ CRON SUCCESS: Hollywood Celebrity Scraper - Successfully synced 10 new celebrities for Hollywood. Skipped 7 existing.
[2026-04-18T08:15:53.417Z] [INFO] ✅ CRON SUCCESS: Daily Sync - Daily sync completed. Total new movies: 2
[2026-04-18T08:27:00.171Z] [INFO] 🕒 CRON START: Celebrity Scraper
[2026-04-18T08:27:37.136Z] [INFO] ✅ CRON SUCCESS: Bollywood Celebrity Scraper - Successfully synced 10 new celebrities for Bollywood. Skipped 9 existing.
[2026-04-18T08:27:56.077Z] [INFO] ✅ CRON SUCCESS: Hollywood Celebrity Scraper - Successfully synced 10 new celebrities for Hollywood. Skipped 0 existing.
[2026-04-18T08:30:00.058Z] [INFO] 🕒 CRON START: Comprehensive Daily Sync (Movies & Content)
[2026-04-18T08:30:00.066Z] [INFO] 🕒 CRON START: Trending Data Sync
[2026-04-18T08:31:10.006Z] [INFO] ✅ CRON SUCCESS: Trending Data Updated
[2026-04-18T08:32:06.332Z] [INFO] ✅ CRON SUCCESS: Daily Sync - Daily sync completed. Total new movies: 2
[2026-04-18T09:00:00.043Z] [INFO] 🕒 CRON START: Trending Data Sync
[2026-04-18T09:01:06.716Z] [INFO] ✅ CRON SUCCESS: Trending Data Updated
[2026-04-18T09:30:00.096Z] [INFO] 🕒 CRON START: Comprehensive Daily Sync (Movies & Content)
[2026-04-18T09:30:00.111Z] [INFO] 🕒 CRON START: Trending Data Sync
[2026-04-18T09:30:57.314Z] [INFO] ✅ CRON SUCCESS: Trending Data Updated
[2026-04-18T09:32:09.783Z] [INFO] ✅ CRON SUCCESS: Daily Sync - Daily sync completed. Total new movies: 2
[2026-04-18T10:00:00.144Z] [INFO] 🕒 CRON START: Trending Data Sync
[2026-04-18T10:00:54.678Z] [INFO] ✅ CRON SUCCESS: Trending Data Updated
[2026-04-18T10:30:00.233Z] [INFO] 🕒 CRON START: Comprehensive Daily Sync (Movies & Content)
[2026-04-18T10:30:00.273Z] [INFO] 🕒 CRON START: Trending Data Sync
[2026-04-18T10:31:00.936Z] [INFO] ✅ CRON SUCCESS: Trending Data Updated
[2026-04-18T10:32:04.184Z] [INFO] ✅ CRON SUCCESS: Daily Sync - Daily sync completed. Total new movies: 2
[2026-04-18T10:35:19.185Z] [INFO] Received kill signal, shutting down gracefully...
[2026-04-18T10:35:31.294Z] [INFO] Cron job scheduler background service initiated (Target: http://localhost:3000).
[2026-04-18T10:35:31.298Z] [INFO] Log file location: C:\Users\jnj\Desktop\DigLip7\filmy\film\scheduler.log
[2026-04-18T10:35:31.758Z] [INFO] 🚀 Executing initial automation run...
[2026-04-18T10:35:31.761Z] [INFO] Waiting for Next.js server at http://localhost:3000 to be ready...
[2026-04-18T10:35:31.874Z] [INFO] All cron schedules active. Automation interval: 0 * * * *
[2026-04-18T10:35:31.939Z] [INFO] Next.js server not ready yet (attempt 1/20)...
[2026-04-18T10:35:38.979Z] [INFO] Next.js server not ready yet (attempt 2/20)...
[2026-04-18T10:35:45.148Z] [INFO] ✅ Next.js server is ready. Starting automation.
[2026-04-18T10:35:45.151Z] [INFO] 🕒 CRON START: Comprehensive Daily Sync (Movies & Content)
[2026-04-18T10:35:45.157Z] [INFO] 🕒 CRON START: Celebrity Scraper
[2026-04-18T10:36:41.377Z] [INFO] ✅ CRON SUCCESS: Bollywood Celebrity Scraper - Successfully synced 10 new celebrities for Bollywood. Skipped 8 existing.
[2026-04-18T10:36:58.037Z] [INFO] ✅ CRON SUCCESS: Hollywood Celebrity Scraper - Successfully synced 10 new celebrities for Hollywood. Skipped 3 existing.
[2026-04-18T10:38:07.219Z] [INFO] ✅ CRON SUCCESS: Daily Sync - Daily sync completed. Total new movies: 2
[2026-04-18T11:00:00.131Z] [INFO] 🕒 CRON START: Trending Data Sync
[2026-04-18T11:01:00.014Z] [INFO] ✅ CRON SUCCESS: Trending Data Updated
[2026-04-18T11:30:00.124Z] [INFO] 🕒 CRON START: Comprehensive Daily Sync (Movies & Content)
[2026-04-18T11:30:00.150Z] [INFO] 🕒 CRON START: Trending Data Sync
[2026-04-18T11:30:57.498Z] [INFO] ✅ CRON SUCCESS: Trending Data Updated
[2026-04-18T11:32:00.616Z] [INFO] ✅ CRON SUCCESS: Daily Sync - Daily sync completed. Total new movies: 2
[2026-04-18T11:42:06.567Z] [INFO] Received kill signal, shutting down gracefully...
[2026-04-18T11:43:11.421Z] [INFO] Cron job scheduler background service initiated (Target: http://localhost:3000).
[2026-04-18T11:43:11.423Z] [INFO] Log file location: C:\Users\jnj\Desktop\DigLip7\filmy\film\scheduler.log
[2026-04-18T11:43:11.598Z] [INFO] 🚀 Executing initial automation run...
[2026-04-18T11:43:11.599Z] [INFO] Waiting for Next.js server at http://localhost:3000 to be ready...
[2026-04-18T11:43:11.644Z] [INFO] All cron schedules active. Automation interval: 0 * * * *
[2026-04-18T11:43:11.666Z] [INFO] Next.js server not ready yet (attempt 1/20)...
[2026-04-18T11:43:17.901Z] [INFO] ✅ Next.js server is ready. Starting automation.
[2026-04-18T11:43:17.915Z] [INFO] 🕒 CRON START: Comprehensive Daily Sync (Movies & Content)
[2026-04-18T11:43:17.930Z] [INFO] 🕒 CRON START: Celebrity Scraper
[2026-04-18T11:44:03.125Z] [INFO] ✅ CRON SUCCESS: Bollywood Celebrity Scraper - Successfully synced 10 new celebrities for Bollywood. Skipped 13 existing.
[2026-04-18T11:44:19.597Z] [INFO] ✅ CRON SUCCESS: Hollywood Celebrity Scraper - Successfully synced 10 new celebrities for Hollywood. Skipped 6 existing.
[2026-04-18T11:45:26.235Z] [INFO] ✅ CRON SUCCESS: Daily Sync - Daily sync completed. Total new movies: 2
[2026-04-18T12:00:00.123Z] [INFO] 🕒 CRON START: Trending Data Sync
[2026-04-18T12:01:02.733Z] [INFO] ✅ CRON SUCCESS: Trending Data Updated
[2026-04-18T12:30:00.129Z] [INFO] 🕒 CRON START: Comprehensive Daily Sync (Movies & Content)
[2026-04-18T12:30:00.155Z] [INFO] 🕒 CRON START: Trending Data Sync
[2026-04-18T12:30:56.582Z] [INFO] ✅ CRON SUCCESS: Trending Data Updated
[2026-04-18T12:32:06.455Z] [INFO] ✅ CRON SUCCESS: Daily Sync - Daily sync completed. Total new movies: 3
[2026-04-18T13:00:00.055Z] [INFO] 🕒 CRON START: Trending Data Sync
[2026-04-18T13:00:54.473Z] [INFO] ✅ CRON SUCCESS: Trending Data Updated
[2026-04-18T13:30:00.081Z] [INFO] 🕒 CRON START: Trending Data Sync
[2026-04-18T13:30:00.113Z] [INFO] 🕒 CRON START: Comprehensive Daily Sync (Movies & Content)
[2026-04-20T04:35:17.308Z] [ERROR] ❌ CRON FATAL (Daily Sync): network timeout at: http://localhost:3000/api/admin/automation/run-daily-sync
[2026-04-20T04:35:19.994Z] [ERROR] ❌ CRON FATAL (Trending Sync): network timeout at: http://localhost:3000/api/trending/sync
[2026-04-20T04:49:38.473Z] [INFO] Received kill signal, shutting down gracefully...
[2026-04-20T05:03:13.120Z] [INFO] Cron job scheduler background service initiated (Target: http://localhost:3000).
[2026-04-20T05:03:13.123Z] [INFO] Log file location: C:\Users\jnj\Desktop\DigLip7\filmy\film\scheduler.log
[2026-04-20T05:03:13.353Z] [INFO] 🚀 Executing initial automation run...
[2026-04-20T05:03:13.355Z] [INFO] Waiting for Next.js server at http://localhost:3000 to be ready...
[2026-04-20T05:03:13.400Z] [INFO] All cron schedules active. Automation interval: 0 * * * *
[2026-04-20T05:03:13.429Z] [INFO] Next.js server not ready yet (attempt 1/20)...
[2026-04-20T05:03:20.455Z] [INFO] Next.js server not ready yet (attempt 2/20)...
[2026-04-20T05:03:27.210Z] [INFO] ✅ Next.js server is ready. Starting automation.
[2026-04-20T05:03:27.215Z] [INFO] 🕒 CRON START: Comprehensive Daily Sync (Movies & Content)
[2026-04-20T05:03:27.224Z] [INFO] 🕒 CRON START: Celebrity Scraper
[2026-04-20T05:04:20.214Z] [INFO] ✅ CRON SUCCESS: Bollywood Celebrity Scraper - Successfully synced 10 new celebrities for Bollywood. Skipped 12 existing.
[2026-04-20T05:04:47.325Z] [INFO] ✅ CRON SUCCESS: Hollywood Celebrity Scraper - Successfully synced 10 new celebrities for Hollywood. Skipped 7 existing.
[2026-04-20T05:05:39.356Z] [INFO] ✅ CRON SUCCESS: Daily Sync - Daily sync completed. Total new movies: 2
[2026-04-20T05:30:00.260Z] [INFO] 🕒 CRON START: Comprehensive Daily Sync (Movies & Content)
[2026-04-20T05:30:00.300Z] [INFO] 🕒 CRON START: Trending Data Sync
[2026-04-20T05:30:00.306Z] [INFO] 💓 Scheduler Heartbeat: Service is active and monitoring.
[2026-04-20T05:31:02.228Z] [INFO] ✅ CRON SUCCESS: Trending Data Updated
[2026-04-20T05:32:04.356Z] [INFO] ✅ CRON SUCCESS: Daily Sync - Daily sync completed. Total new movies: 2
[2026-04-20T05:35:00.084Z] [INFO] 🕒 CRON START: Wikipedia Movie Scraper
[2026-04-20T05:37:52.100Z] [INFO] ✅ CRON SUCCESS: Movie Scraper - Successfully synced 10 movies for 2026
[2026-04-20T05:50:00.249Z] [INFO] 🕒 CRON START: Daily Box Office & OTT Refresh
[2026-04-20T05:50:14.051Z] [INFO] 📊 Refreshing data for 26 recent movies
[2026-04-20T05:50:18.785Z] [INFO] ✅ Refreshed data for les-amies-de-ma-femme
[2026-04-20T05:50:22.229Z] [INFO] ✅ Refreshed data for princess-jasnenka-and-the-flying-shoemaker
[2026-04-20T05:50:26.282Z] [INFO] ✅ Refreshed data for get-carter
[2026-04-20T05:50:29.558Z] [INFO] ✅ Refreshed data for barbers-tales
[2026-04-20T05:50:33.295Z] [INFO] ✅ Refreshed data for cool-hand-luke
[2026-04-20T05:50:37.671Z] [INFO] ✅ Refreshed data for blue-hill-avenue
[2026-04-20T05:50:41.876Z] [INFO] ✅ Refreshed data for the-night-of-the-shooting-stars
[2026-04-20T05:50:45.379Z] [INFO] ✅ Refreshed data for red-scorpion
[2026-04-20T05:50:49.001Z] [INFO] ✅ Refreshed data for queen-of-katwe
[2026-04-20T05:50:52.580Z] [INFO] ✅ Refreshed data for lenny
[2026-04-20T05:50:55.766Z] [INFO] ✅ Refreshed data for la-liceale
[2026-04-20T05:51:02.291Z] [INFO] ✅ Refreshed data for case-of-the-naves-brothers
[2026-04-20T05:51:08.150Z] [INFO] ✅ Refreshed data for stealing-heaven
[2026-04-20T05:51:08.844Z] [INFO] ✅ Refreshed data for the-tin-drum
[2026-04-20T05:51:13.224Z] [INFO] ✅ Refreshed data for a-cat-in-paris
[2026-04-20T05:51:17.251Z] [INFO] ✅ Refreshed data for mirzapur
[2026-04-20T05:51:20.963Z] [INFO] ✅ Refreshed data for ek-din
[2026-04-20T05:51:24.589Z] [INFO] ✅ Refreshed data for mallari
[2026-04-20T05:51:28.386Z] [INFO] ✅ Refreshed data for tu-yaa-main
[2026-04-20T05:51:29.474Z] [INFO] ✅ Refreshed data for bhabiji-ghar-par-hain-fun-on-the-run
[2026-04-20T05:51:32.855Z] [INFO] ✅ Refreshed data for azad-bharath
[2026-04-20T05:51:34.117Z] [INFO] ✅ Refreshed data for bharatiya-digital-party
[2026-04-20T05:51:37.767Z] [INFO] ✅ Refreshed data for bhanwar
[2026-04-20T05:51:41.559Z] [INFO] ✅ Refreshed data for back-benchers
[2026-04-20T05:51:45.408Z] [INFO] ✅ Refreshed data for anusandhan
[2026-04-20T05:51:46.723Z] [INFO] ✅ Refreshed data for andhar-maya
[2026-04-20T05:51:46.749Z] [INFO] ✅ CRON COMPLETE: Daily Data Refresh for 26 movies
[2026-04-20T06:00:00.227Z] [INFO] 🕒 CRON START: Trending Data Sync
[2026-04-20T06:00:56.415Z] [INFO] ✅ CRON SUCCESS: Trending Data Updated
[2026-04-20T06:30:00.200Z] [INFO] 🕒 CRON START: Trending Data Sync
[2026-04-20T06:30:00.248Z] [INFO] 🕒 CRON START: Comprehensive Daily Sync (Movies & Content)
[2026-04-20T06:31:00.163Z] [INFO] ✅ CRON SUCCESS: Trending Data Updated
[2026-04-20T06:32:06.148Z] [INFO] ✅ CRON SUCCESS: Daily Sync - Daily sync completed. Total new movies: 2
[2026-04-20T07:00:00.182Z] [INFO] 🕒 CRON START: Trending Data Sync
[2026-04-20T07:00:54.802Z] [INFO] ✅ CRON SUCCESS: Trending Data Updated
[2026-04-20T07:30:00.314Z] [INFO] 🕒 CRON START: Comprehensive Daily Sync (Movies & Content)
[2026-04-20T07:30:00.404Z] [INFO] 🕒 CRON START: Trending Data Sync
[2026-04-20T07:30:58.244Z] [INFO] ✅ CRON SUCCESS: Trending Data Updated
[2026-04-20T07:32:15.480Z] [INFO] ✅ CRON SUCCESS: Daily Sync - Daily sync completed. Total new movies: 2
[2026-04-20T08:00:00.193Z] [INFO] 🕒 CRON START: Trending Data Sync
[2026-04-20T08:00:58.950Z] [INFO] ✅ CRON SUCCESS: Trending Data Updated
[2026-04-20T08:27:02.090Z] [INFO] 🕒 CRON START: Celebrity Scraper
[2026-04-20T08:28:06.362Z] [INFO] ✅ CRON SUCCESS: Bollywood Celebrity Scraper - Successfully synced 10 new celebrities for Bollywood. Skipped 12 existing.
[2026-04-20T08:28:31.398Z] [INFO] ✅ CRON SUCCESS: Hollywood Celebrity Scraper - Successfully synced 10 new celebrities for Hollywood. Skipped 4 existing.
[2026-04-20T08:30:00.282Z] [INFO] 🕒 CRON START: Comprehensive Daily Sync (Movies & Content)
[2026-04-20T08:30:00.380Z] [INFO] 🕒 CRON START: Trending Data Sync
[2026-04-20T08:30:56.441Z] [INFO] ✅ CRON SUCCESS: Trending Data Updated
[2026-04-20T09:34:17.259Z] [ERROR] ❌ CRON FATAL (Daily Sync): network timeout at: http://localhost:3000/api/admin/automation/run-daily-sync
[2026-04-20T10:00:00.298Z] [INFO] 🕒 CRON START: Trending Data Sync
[2026-04-20T10:00:54.868Z] [INFO] ✅ CRON SUCCESS: Trending Data Updated
[2026-04-20T10:30:00.304Z] [INFO] 🕒 CRON START: Trending Data Sync
[2026-04-20T10:30:00.399Z] [INFO] 🕒 CRON START: Comprehensive Daily Sync (Movies & Content)
[2026-04-20T10:30:54.115Z] [INFO] ✅ CRON SUCCESS: Trending Data Updated
[2026-04-20T10:32:18.956Z] [INFO] ✅ CRON SUCCESS: Daily Sync - Daily sync completed. Total new movies: 2
[2026-04-20T10:41:37.998Z] [INFO] Received kill signal, shutting down gracefully...
[2026-04-20T10:41:59.010Z] [INFO] Cron job scheduler background service initiated (Target: http://localhost:3000).
[2026-04-20T10:41:59.023Z] [INFO] Log file location: C:\Users\jnj\Desktop\DigLip7\filmy\film\scheduler.log
[2026-04-20T10:41:59.595Z] [INFO] 🚀 Executing initial automation run...
[2026-04-20T10:41:59.597Z] [INFO] Waiting for Next.js server at http://localhost:3000 to be ready...
[2026-04-20T10:41:59.796Z] [INFO] All cron schedules active. Automation interval: 0 * * * *
[2026-04-20T10:41:59.872Z] [INFO] Next.js server not ready yet (attempt 1/20)...
[2026-04-20T10:42:06.903Z] [INFO] Next.js server not ready yet (attempt 2/20)...
[2026-04-20T10:42:13.928Z] [INFO] Next.js server not ready yet (attempt 3/20)...
[2026-04-20T10:42:19.266Z] [INFO] ✅ Next.js server is ready. Starting automation.
[2026-04-20T10:42:19.301Z] [INFO] 🕒 CRON START: Comprehensive Daily Sync (Movies & Content)
[2026-04-20T10:42:19.403Z] [INFO] 🕒 CRON START: Celebrity Scraper
[2026-04-20T10:43:21.730Z] [INFO] ✅ CRON SUCCESS: Bollywood Celebrity Scraper - Successfully synced 10 new celebrities for Bollywood. Skipped 14 existing.
[2026-04-20T10:43:46.158Z] [INFO] ✅ CRON SUCCESS: Hollywood Celebrity Scraper - Successfully synced 10 new celebrities for Hollywood. Skipped 1 existing.
[2026-04-20T10:45:02.550Z] [INFO] ✅ CRON SUCCESS: Daily Sync - Daily sync completed. Total new movies: 2
[2026-04-20T11:00:00.388Z] [INFO] 🕒 CRON START: Trending Data Sync
[2026-04-20T11:00:55.861Z] [INFO] ✅ CRON SUCCESS: Trending Data Updated
[2026-04-20T11:30:00.719Z] [INFO] 🕒 CRON START: Comprehensive Daily Sync (Movies & Content)
[2026-04-20T11:30:00.840Z] [INFO] 🕒 CRON START: Trending Data Sync
[2026-04-20T11:31:02.633Z] [INFO] ✅ CRON SUCCESS: Trending Data Updated
[2026-04-20T11:32:22.813Z] [INFO] ✅ CRON SUCCESS: Daily Sync - Daily sync completed. Total new movies: 2
[2026-04-20T12:00:00.489Z] [INFO] 🕒 CRON START: Trending Data Sync
[2026-04-20T12:00:59.142Z] [INFO] ✅ CRON SUCCESS: Trending Data Updated
[2026-04-20T12:30:00.330Z] [INFO] 🕒 CRON START: Comprehensive Daily Sync (Movies & Content)
[2026-04-20T12:30:00.411Z] [INFO] 🕒 CRON START: Trending Data Sync
[2026-04-20T12:30:54.740Z] [INFO] ✅ CRON SUCCESS: Trending Data Updated
[2026-04-20T12:32:05.534Z] [INFO] ✅ CRON SUCCESS: Daily Sync - Daily sync completed. Total new movies: 2
[2026-04-20T13:00:00.982Z] [INFO] 🕒 CRON START: Trending Data Sync
[2026-04-20T13:01:09.430Z] [INFO] ✅ CRON SUCCESS: Trending Data Updated
[2026-04-21T05:00:00.084Z] [INFO] 🕒 CRON START: Trending Data Sync
[2026-04-21T05:00:52.170Z] [INFO] ✅ CRON SUCCESS: Trending Data Updated
[2026-04-21T05:30:00.151Z] [INFO] 🕒 CRON START: Trending Data Sync
[2026-04-21T05:30:00.225Z] [INFO] 🕒 CRON START: Comprehensive Daily Sync (Movies & Content)
[2026-04-21T05:30:00.244Z] [INFO] 💓 Scheduler Heartbeat: Service is active and monitoring.
[2026-04-21T05:30:14.628Z] [INFO] ✅ CRON SUCCESS: Daily Sync - Daily sync completed. Total new movies: 4
[2026-04-21T05:30:51.029Z] [INFO] ✅ CRON SUCCESS: Trending Data Updated
[2026-04-21T05:35:00.111Z] [INFO] 🕒 CRON START: Wikipedia Movie Scraper
[2026-04-21T05:36:54.581Z] [INFO] ✅ CRON SUCCESS: Movie Scraper - Successfully synced 10 movies for 2026
[2026-04-21T05:50:00.138Z] [INFO] 🕒 CRON START: Daily Box Office & OTT Refresh
[2026-04-21T05:50:04.638Z] [INFO] 📊 Refreshing data for 26 recent movies
[2026-04-21T05:50:09.744Z] [INFO] ✅ Refreshed data for les-amies-de-ma-femme
[2026-04-21T05:50:13.640Z] [INFO] ✅ Refreshed data for princess-jasnenka-and-the-flying-shoemaker
[2026-04-21T05:50:18.872Z] [INFO] ✅ Refreshed data for get-carter
[2026-04-21T05:50:21.873Z] [INFO] ✅ Refreshed data for barbers-tales
[2026-04-21T05:50:25.141Z] [INFO] ✅ Refreshed data for cool-hand-luke
[2026-04-21T05:50:28.709Z] [INFO] ✅ Refreshed data for blue-hill-avenue
[2026-04-21T05:50:32.188Z] [INFO] ✅ Refreshed data for the-night-of-the-shooting-stars
[2026-04-21T05:50:35.567Z] [INFO] ✅ Refreshed data for red-scorpion
[2026-04-21T05:50:39.371Z] [INFO] ✅ Refreshed data for queen-of-katwe
[2026-04-21T05:50:42.746Z] [INFO] ✅ Refreshed data for lenny
[2026-04-21T05:50:46.325Z] [INFO] ✅ Refreshed data for la-liceale
[2026-04-21T05:50:49.630Z] [INFO] ✅ Refreshed data for case-of-the-naves-brothers
[2026-04-21T05:50:52.850Z] [INFO] ✅ Refreshed data for stealing-heaven
[2026-04-21T05:50:55.924Z] [INFO] ✅ Refreshed data for the-tin-drum
[2026-04-21T05:50:59.182Z] [INFO] ✅ Refreshed data for a-cat-in-paris
[2026-04-21T05:51:02.485Z] [INFO] ✅ Refreshed data for mirzapur
[2026-04-21T05:51:05.761Z] [INFO] ✅ Refreshed data for ek-din
[2026-04-21T05:51:09.535Z] [INFO] ✅ Refreshed data for mallari
[2026-04-21T05:51:13.588Z] [INFO] ✅ Refreshed data for tu-yaa-main
[2026-04-21T05:51:14.420Z] [INFO] ✅ Refreshed data for bhabiji-ghar-par-hain-fun-on-the-run
[2026-04-21T05:51:17.403Z] [INFO] ✅ Refreshed data for azad-bharath
[2026-04-21T05:51:18.180Z] [INFO] ✅ Refreshed data for bharatiya-digital-party
[2026-04-21T05:51:22.017Z] [INFO] ✅ Refreshed data for bhanwar
[2026-04-21T05:51:25.336Z] [INFO] ✅ Refreshed data for back-benchers
[2026-04-21T05:51:29.492Z] [INFO] ✅ Refreshed data for anusandhan
[2026-04-21T05:51:30.231Z] [INFO] ✅ Refreshed data for andhar-maya
[2026-04-21T05:51:30.233Z] [INFO] ✅ CRON COMPLETE: Daily Data Refresh for 26 movies
[2026-04-21T05:59:16.108Z] [INFO] Received kill signal, shutting down gracefully...
[2026-04-21T05:59:26.952Z] [INFO] Cron job scheduler background service initiated (Target: http://localhost:3000).
[2026-04-21T05:59:26.955Z] [INFO] Log file location: C:\Users\jnj\Desktop\DigLip7\filmy\film\scheduler.log
[2026-04-21T05:59:27.328Z] [INFO] 🚀 Executing initial automation run...
[2026-04-21T05:59:27.330Z] [INFO] Waiting for Next.js server at http://localhost:3000 to be ready...
[2026-04-21T05:59:27.400Z] [INFO] All cron schedules active. Automation interval: 0 * * * *
[2026-04-21T05:59:27.437Z] [INFO] Next.js server not ready yet (attempt 1/20)...
[2026-04-21T05:59:34.472Z] [INFO] Next.js server not ready yet (attempt 2/20)...
[2026-04-21T05:59:41.555Z] [INFO] Next.js server not ready yet (attempt 3/20)...
[2026-04-21T05:59:46.686Z] [INFO] ✅ Next.js server is ready. Starting automation.
[2026-04-21T05:59:46.691Z] [INFO] 🕒 CRON START: Comprehensive Daily Sync (Movies & Content)
[2026-04-21T05:59:46.696Z] [INFO] 🕒 CRON START: Celebrity Scraper
[2026-04-21T06:00:00.132Z] [INFO] 🕒 CRON START: Trending Data Sync
[2026-04-21T06:00:20.651Z] [INFO] ✅ CRON SUCCESS: Daily Sync - Daily sync completed. Total new movies: 2
[2026-04-21T06:00:45.029Z] [INFO] ✅ CRON SUCCESS: Bollywood Celebrity Scraper - Successfully synced 10 new celebrities for Bollywood. Skipped 15 existing.
[2026-04-21T06:00:59.670Z] [INFO] ✅ CRON SUCCESS: Trending Data Updated
[2026-04-21T06:01:09.468Z] [INFO] ✅ CRON SUCCESS: Hollywood Celebrity Scraper - Successfully synced 10 new celebrities for Hollywood. Skipped 2 existing.
[2026-04-21T06:26:06.662Z] [INFO] Received kill signal, shutting down gracefully...
[2026-04-21T06:26:19.491Z] [INFO] Cron job scheduler background service initiated (Target: http://localhost:3000).
[2026-04-21T06:26:19.497Z] [INFO] Log file location: C:\Users\jnj\Desktop\DigLip7\filmy\film\scheduler.log
[2026-04-21T06:26:19.868Z] [INFO] 🚀 Executing initial automation run...
[2026-04-21T06:26:19.870Z] [INFO] Waiting for Next.js server at http://localhost:3000 to be ready...
[2026-04-21T06:26:27.372Z] [INFO] Cron job scheduler background service initiated (Target: http://localhost:3000).
[2026-04-21T06:26:27.377Z] [INFO] Log file location: C:\Users\jnj\Desktop\DigLip7\filmy\film\scheduler.log
[2026-04-21T06:26:27.661Z] [INFO] 🚀 Executing initial automation run...
[2026-04-21T06:26:27.664Z] [INFO] Waiting for Next.js server at http://localhost:3000 to be ready...
[2026-04-21T06:26:27.787Z] [INFO] All cron schedules active. Automation interval: 0 * * * *
[2026-04-21T06:26:27.856Z] [INFO] Next.js server not ready yet (attempt 1/20)...
[2026-04-21T06:26:34.951Z] [INFO] Next.js server not ready yet (attempt 2/20)...
[2026-04-21T06:26:41.337Z] [INFO] ✅ Next.js server is ready. Starting automation.
[2026-04-21T06:26:41.341Z] [INFO] 🕒 CRON START: Comprehensive Daily Sync (Movies & Content)
[2026-04-21T06:26:41.346Z] [INFO] 🕒 CRON START: Celebrity Scraper
[2026-04-21T06:27:12.309Z] [INFO] ✅ CRON SUCCESS: Daily Sync - Daily sync completed. Total new movies: 2
[2026-04-21T06:27:53.700Z] [INFO] ✅ CRON SUCCESS: Bollywood Celebrity Scraper - Successfully synced 10 new celebrities for Bollywood. Skipped 10 existing.
[2026-04-21T06:28:09.094Z] [INFO] ✅ CRON SUCCESS: Hollywood Celebrity Scraper - Successfully synced 10 new celebrities for Hollywood. Skipped 5 existing.
[2026-04-21T06:30:00.254Z] [INFO] 🕒 CRON START: Comprehensive Daily Sync (Movies & Content)
[2026-04-21T06:30:00.305Z] [INFO] 🕒 CRON START: Trending Data Sync
[2026-04-21T06:30:13.751Z] [INFO] ✅ CRON SUCCESS: Daily Sync - Daily sync completed. Total new movies: 2
[2026-04-21T06:30:52.227Z] [INFO] ✅ CRON SUCCESS: Trending Data Updated
[2026-04-21T06:32:56.596Z] [INFO] Received kill signal, shutting down gracefully...
[2026-04-21T06:33:06.847Z] [INFO] Cron job scheduler background service initiated (Target: http://localhost:3000).
[2026-04-21T06:33:06.858Z] [INFO] Log file location: C:\Users\jnj\Desktop\DigLip7\filmy\film\scheduler.log
[2026-04-21T06:33:07.513Z] [INFO] 🚀 Executing initial automation run...
[2026-04-21T06:33:07.536Z] [INFO] Waiting for Next.js server at http://localhost:3000 to be ready...
[2026-04-21T06:33:07.889Z] [INFO] All cron schedules active. Automation interval: 0 * * * *
[2026-04-21T06:33:07.969Z] [INFO] Next.js server not ready yet (attempt 1/20)...
[2026-04-21T06:33:15.022Z] [INFO] Next.js server not ready yet (attempt 2/20)...
[2026-04-21T06:33:22.066Z] [INFO] Next.js server not ready yet (attempt 3/20)...
[2026-04-21T06:33:27.197Z] [INFO] ✅ Next.js server is ready. Starting automation.
[2026-04-21T06:33:27.200Z] [INFO] 🕒 CRON START: Comprehensive Daily Sync (Movies & Content)
[2026-04-21T06:33:27.205Z] [INFO] 🕒 CRON START: Celebrity Scraper
[2026-04-21T06:34:11.847Z] [INFO] ✅ CRON SUCCESS: Daily Sync - Daily sync completed. Total new movies: 2
[2026-04-21T06:34:28.815Z] [INFO] ✅ CRON SUCCESS: Bollywood Celebrity Scraper - Successfully synced 10 new celebrities for Bollywood. Skipped 9 existing.
[2026-04-21T06:34:53.299Z] [INFO] ✅ CRON SUCCESS: Hollywood Celebrity Scraper - Successfully synced 10 new celebrities for Hollywood. Skipped 1 existing.
[2026-04-21T07:00:00.277Z] [INFO] 🕒 CRON START: Trending Data Sync
[2026-04-21T07:00:53.268Z] [INFO] ✅ CRON SUCCESS: Trending Data Updated
[2026-04-21T07:30:00.237Z] [INFO] 🕒 CRON START: Comprehensive Daily Sync (Movies & Content)
[2026-04-21T07:30:00.302Z] [INFO] 🕒 CRON START: Trending Data Sync
[2026-04-21T07:30:13.752Z] [INFO] ✅ CRON SUCCESS: Daily Sync - Daily sync completed. Total new movies: 2
[2026-04-21T07:30:56.578Z] [INFO] ✅ CRON SUCCESS: Trending Data Updated
[2026-04-21T08:00:00.218Z] [INFO] 🕒 CRON START: Trending Data Sync
[2026-04-21T08:00:15.872Z] [INFO] ✅ CRON SUCCESS: Trending Data Updated
[2026-04-21T08:27:00.215Z] [INFO] 🕒 CRON START: Celebrity Scraper
[2026-04-21T08:27:37.681Z] [INFO] ✅ CRON SUCCESS: Bollywood Celebrity Scraper - Successfully synced 10 new celebrities for Bollywood. Skipped 5 existing.
[2026-04-21T08:27:55.404Z] [INFO] ✅ CRON SUCCESS: Hollywood Celebrity Scraper - Successfully synced 10 new celebrities for Hollywood. Skipped 10 existing.
[2026-04-21T08:30:00.111Z] [INFO] 🕒 CRON START: Comprehensive Daily Sync (Movies & Content)
[2026-04-21T08:30:00.123Z] [INFO] 🕒 CRON START: Trending Data Sync
[2026-04-21T08:30:11.910Z] [INFO] ✅ CRON SUCCESS: Daily Sync - Daily sync completed. Total new movies: 2
[2026-04-21T08:30:17.301Z] [INFO] ✅ CRON SUCCESS: Trending Data Updated
[2026-04-21T09:00:00.137Z] [INFO] 🕒 CRON START: Trending Data Sync
[2026-04-21T09:00:17.194Z] [INFO] ✅ CRON SUCCESS: Trending Data Updated
[2026-04-21T09:30:00.067Z] [INFO] 🕒 CRON START: Comprehensive Daily Sync (Movies & Content)
[2026-04-21T09:30:00.072Z] [INFO] 🕒 CRON START: Trending Data Sync
[2026-04-21T09:30:10.887Z] [INFO] ✅ CRON SUCCESS: Daily Sync - Daily sync completed. Total new movies: 2
[2026-04-21T09:30:23.407Z] [INFO] ✅ CRON SUCCESS: Trending Data Updated
[2026-04-21T10:00:00.155Z] [INFO] 🕒 CRON START: Trending Data Sync
[2026-04-21T10:00:19.801Z] [INFO] ✅ CRON SUCCESS: Trending Data Updated
[2026-04-21T10:01:13.213Z] [INFO] Received kill signal, shutting down gracefully...
[2026-04-21T10:01:21.309Z] [INFO] Cron job scheduler background service initiated (Target: http://localhost:3000).
[2026-04-21T10:01:21.311Z] [INFO] Log file location: C:\Users\jnj\Desktop\DigLip7\filmy\film\scheduler.log
[2026-04-21T10:01:21.519Z] [INFO] 🚀 Executing initial automation run...
[2026-04-21T10:01:21.520Z] [INFO] Waiting for Next.js server at http://localhost:3000 to be ready...
[2026-04-21T10:01:21.578Z] [INFO] All cron schedules active. Automation interval: 0 * * * *
[2026-04-21T10:01:21.597Z] [INFO] Next.js server not ready yet (attempt 1/20)...
[2026-04-21T10:01:27.658Z] [INFO] ✅ Next.js server is ready. Starting automation.
[2026-04-21T10:01:27.660Z] [INFO] 🕒 CRON START: Comprehensive Daily Sync (Movies & Content)
[2026-04-21T10:01:27.665Z] [INFO] 🕒 CRON START: Celebrity Scraper
[2026-04-21T10:01:45.746Z] [INFO] ✅ CRON SUCCESS: Daily Sync - Daily sync completed. Total new movies: 2
[2026-04-21T10:02:12.899Z] [INFO] ✅ CRON SUCCESS: Bollywood Celebrity Scraper - Successfully synced 10 new celebrities for Bollywood. Skipped 16 existing.
[2026-04-21T10:02:31.192Z] [INFO] ✅ CRON SUCCESS: Hollywood Celebrity Scraper - Successfully synced 10 new celebrities for Hollywood. Skipped 3 existing.
[2026-04-21T10:30:00.285Z] [INFO] 🕒 CRON START: Comprehensive Daily Sync (Movies & Content)
[2026-04-21T10:30:00.333Z] [INFO] 🕒 CRON START: Trending Data Sync
[2026-04-21T10:30:14.776Z] [INFO] ✅ CRON SUCCESS: Daily Sync - Daily sync completed. Total new movies: 2
[2026-04-21T10:30:20.998Z] [INFO] ✅ CRON SUCCESS: Trending Data Updated
[2026-04-21T11:00:00.226Z] [INFO] 🕒 CRON START: Trending Data Sync
[2026-04-21T11:00:00.427Z] [INFO] ✅ CRON SUCCESS: Trending Data Updated
[2026-04-21T11:30:00.306Z] [INFO] 🕒 CRON START: Comprehensive Daily Sync (Movies & Content)
[2026-04-21T11:30:00.375Z] [INFO] 🕒 CRON START: Trending Data Sync
[2026-04-21T11:30:00.977Z] [INFO] ✅ CRON SUCCESS: Trending Data Updated
[2026-04-21T11:30:07.040Z] [INFO] ✅ CRON SUCCESS: Daily Sync - Daily sync completed. Total new movies: 0
[2026-04-21T12:00:00.311Z] [INFO] 🕒 CRON START: Trending Data Sync
[2026-04-21T12:00:00.913Z] [INFO] ✅ CRON SUCCESS: Trending Data Updated
[2026-04-23T05:02:42.883Z] [INFO] Cron job scheduler background service initiated (Target: http://localhost:3000).
[2026-04-23T05:02:42.884Z] [INFO] Log file location: C:\Users\pc\Downloads\project2\my-project\scheduler.log
[2026-04-23T05:02:42.953Z] [INFO] 🚀 Executing initial automation run...
[2026-04-23T05:02:42.953Z] [INFO] Waiting for Next.js server at http://localhost:3000 to be ready...
[2026-04-23T05:02:42.964Z] [INFO] All cron schedules active. Automation interval: 0 * * * *
[2026-04-23T05:02:42.968Z] [INFO] Next.js server not ready yet (attempt 1/20)...
[2026-04-23T05:02:49.989Z] [INFO] Next.js server not ready yet (attempt 2/20)...
[2026-04-23T05:02:57.003Z] [INFO] Next.js server not ready yet (attempt 3/20)...
[2026-04-23T05:03:04.034Z] [INFO] Next.js server not ready yet (attempt 4/20)...
[2026-04-23T05:03:11.049Z] [INFO] Next.js server not ready yet (attempt 5/20)...
[2026-04-23T05:03:18.071Z] [INFO] Next.js server not ready yet (attempt 6/20)...
[2026-04-23T05:03:25.086Z] [INFO] Next.js server not ready yet (attempt 7/20)...
[2026-04-23T05:03:32.112Z] [INFO] Next.js server not ready yet (attempt 8/20)...
[2026-04-23T05:03:39.136Z] [INFO] Next.js server not ready yet (attempt 9/20)...
[2026-04-23T05:03:46.148Z] [INFO] Next.js server not ready yet (attempt 10/20)...
[2026-04-23T05:03:53.179Z] [INFO] Next.js server not ready yet (attempt 11/20)...
[2026-04-23T05:04:00.201Z] [INFO] Next.js server not ready yet (attempt 12/20)...
[2026-04-23T05:04:07.213Z] [INFO] Next.js server not ready yet (attempt 13/20)...
[2026-04-23T05:04:14.231Z] [INFO] Next.js server not ready yet (attempt 14/20)...
[2026-04-23T05:04:21.257Z] [INFO] Next.js server not ready yet (attempt 15/20)...
[2026-04-23T05:04:28.286Z] [INFO] Next.js server not ready yet (attempt 16/20)...
[2026-04-23T05:04:35.304Z] [INFO] Next.js server not ready yet (attempt 17/20)...
[2026-04-23T05:04:42.330Z] [INFO] Next.js server not ready yet (attempt 18/20)...
[2026-04-23T05:04:49.354Z] [INFO] Next.js server not ready yet (attempt 19/20)...
[2026-04-23T05:04:56.376Z] [INFO] Next.js server not ready yet (attempt 20/20)...
[2026-04-23T05:05:01.389Z] [WARN] ⚠️ Server wait timed out. Starting scheduler anyway, initial run may fail.
[2026-04-23T05:30:00.024Z] [INFO] 🕒 CRON START: Trending Data Sync
[2026-04-23T05:30:00.025Z] [INFO] 💓 Scheduler Heartbeat: Service is active and monitoring.
[2026-04-23T05:30:00.026Z] [INFO] 🕒 CRON START: Comprehensive Daily Sync (Movies & Content)
[2026-04-23T05:30:13.376Z] [INFO] ✅ CRON SUCCESS: Daily Sync - Daily sync completed. Total new movies: 6
[2026-04-23T05:30:15.378Z] [INFO] ✅ CRON SUCCESS: Trending Data Updated
[2026-04-23T05:35:00.014Z] [INFO] 🕒 CRON START: Wikipedia Movie Scraper
[2026-04-23T05:36:49.275Z] [INFO] ✅ CRON SUCCESS: Movie Scraper - Successfully synced 10 movies for 2026
[2026-04-23T05:50:00.030Z] [INFO] 🕒 CRON START: Daily Box Office & OTT Refresh
[2026-04-23T05:50:00.353Z] [INFO] 📊 Refreshing data for 26 recent movies
[2026-04-23T05:50:04.560Z] [INFO] ✅ Refreshed data for les-amies-de-ma-femme
[2026-04-23T05:50:08.073Z] [INFO] ✅ Refreshed data for princess-jasnenka-and-the-flying-shoemaker
[2026-04-23T05:50:11.641Z] [INFO] ✅ Refreshed data for get-carter
[2026-04-23T05:50:15.092Z] [INFO] ✅ Refreshed data for barbers-tales
[2026-04-23T05:50:17.945Z] [INFO] ✅ Refreshed data for cool-hand-luke
[2026-04-23T05:50:21.401Z] [INFO] ✅ Refreshed data for blue-hill-avenue
[2026-04-23T05:50:24.427Z] [INFO] ✅ Refreshed data for the-night-of-the-shooting-stars
[2026-04-23T05:50:27.193Z] [INFO] ✅ Refreshed data for red-scorpion
[2026-04-23T05:50:30.094Z] [INFO] ✅ Refreshed data for queen-of-katwe
[2026-04-23T05:50:33.280Z] [INFO] ✅ Refreshed data for lenny
[2026-04-23T05:50:36.309Z] [INFO] ✅ Refreshed data for la-liceale
[2026-04-23T05:50:39.073Z] [INFO] ✅ Refreshed data for case-of-the-naves-brothers
[2026-04-23T05:50:41.790Z] [INFO] ✅ Refreshed data for stealing-heaven
[2026-04-23T05:50:44.678Z] [INFO] ✅ Refreshed data for the-tin-drum
[2026-04-23T05:50:47.610Z] [INFO] ✅ Refreshed data for a-cat-in-paris
[2026-04-23T05:50:50.821Z] [INFO] ✅ Refreshed data for mirzapur
[2026-04-23T05:50:54.261Z] [INFO] ✅ Refreshed data for ek-din
[2026-04-23T05:50:57.346Z] [INFO] ✅ Refreshed data for mallari
[2026-04-23T05:51:00.290Z] [INFO] ✅ Refreshed data for tu-yaa-main
[2026-04-23T05:51:00.930Z] [INFO] ✅ Refreshed data for bhabiji-ghar-par-hain-fun-on-the-run
[2026-04-23T05:51:04.101Z] [INFO] ✅ Refreshed data for azad-bharath
[2026-04-23T05:51:04.838Z] [INFO] ✅ Refreshed data for bharatiya-digital-party
[2026-04-23T05:51:08.096Z] [INFO] ✅ Refreshed data for bhanwar
[2026-04-23T05:51:08.687Z] [INFO] ✅ Refreshed data for back-benchers
[2026-04-23T05:51:11.788Z] [INFO] ✅ Refreshed data for anusandhan
[2026-04-23T05:51:12.299Z] [INFO] ✅ Refreshed data for andhar-maya
[2026-04-23T05:51:12.300Z] [INFO] ✅ CRON COMPLETE: Daily Data Refresh for 26 movies
[2026-04-23T06:00:00.029Z] [INFO] 🕒 CRON START: Trending Data Sync
[2026-04-23T06:00:14.840Z] [INFO] ✅ CRON SUCCESS: Trending Data Updated
[2026-04-23T06:30:00.027Z] [INFO] 🕒 CRON START: Comprehensive Daily Sync (Movies & Content)
[2026-04-23T06:30:00.029Z] [INFO] 🕒 CRON START: Trending Data Sync
[2026-04-23T06:30:10.873Z] [INFO] ✅ CRON SUCCESS: Daily Sync - Daily sync completed. Total new movies: 2
[2026-04-23T06:30:15.010Z] [INFO] ✅ CRON SUCCESS: Trending Data Updated
[2026-04-23T07:00:00.022Z] [INFO] 🕒 CRON START: Trending Data Sync
[2026-04-23T07:00:14.357Z] [INFO] ✅ CRON SUCCESS: Trending Data Updated
[2026-04-23T07:30:00.012Z] [INFO] 🕒 CRON START: Comprehensive Daily Sync (Movies & Content)
[2026-04-23T07:30:00.014Z] [INFO] 🕒 CRON START: Trending Data Sync
[2026-04-23T07:30:09.100Z] [INFO] ✅ CRON SUCCESS: Daily Sync - Daily sync completed. Total new movies: 2
[2026-04-23T07:30:14.255Z] [INFO] ✅ CRON SUCCESS: Trending Data Updated
[2026-04-23T08:00:00.024Z] [INFO] 🕒 CRON START: Trending Data Sync
[2026-04-23T08:00:13.586Z] [INFO] ✅ CRON SUCCESS: Trending Data Updated
[2026-04-23T08:27:00.033Z] [INFO] 🕒 CRON START: Celebrity Scraper
[2026-04-23T08:27:47.423Z] [INFO] ✅ CRON SUCCESS: Bollywood Celebrity Scraper - Successfully synced 10 new celebrities for Bollywood. Skipped 8 existing.
[2026-04-23T08:28:12.852Z] [INFO] ✅ CRON SUCCESS: Hollywood Celebrity Scraper - Successfully synced 10 new celebrities for Hollywood. Skipped 8 existing.
[2026-04-23T08:30:00.015Z] [INFO] 🕒 CRON START: Comprehensive Daily Sync (Movies & Content)
[2026-04-23T08:30:00.016Z] [INFO] 🕒 CRON START: Trending Data Sync
[2026-04-23T08:30:09.225Z] [INFO] ✅ CRON SUCCESS: Daily Sync - Daily sync completed. Total new movies: 2
[2026-04-23T08:30:14.099Z] [INFO] ✅ CRON SUCCESS: Trending Data Updated
[2026-04-23T09:00:00.029Z] [INFO] 🕒 CRON START: Trending Data Sync
[2026-04-23T09:00:14.135Z] [INFO] ✅ CRON SUCCESS: Trending Data Updated
[2026-04-23T09:30:00.027Z] [INFO] 🕒 CRON START: Comprehensive Daily Sync (Movies & Content)
[2026-04-23T09:30:00.028Z] [INFO] 🕒 CRON START: Trending Data Sync
[2026-04-23T09:30:09.429Z] [INFO] ✅ CRON SUCCESS: Daily Sync - Daily sync completed. Total new movies: 2
[2026-04-23T09:30:14.128Z] [INFO] ✅ CRON SUCCESS: Trending Data Updated
[2026-04-23T10:00:03.583Z] [INFO] Cron job scheduler background service initiated (Target: http://localhost:3000).
[2026-04-23T10:00:03.584Z] [INFO] Log file location: C:\Users\pc\Downloads\project2\my-project\scheduler.log
[2026-04-23T10:00:03.650Z] [INFO] 🚀 Executing initial automation run...
[2026-04-23T10:00:03.650Z] [INFO] Waiting for Next.js server at http://localhost:3000 to be ready...
[2026-04-23T10:00:03.660Z] [INFO] All cron schedules active. Automation interval: 0 * * * *
[2026-04-23T10:00:03.662Z] [INFO] Next.js server not ready yet (attempt 1/20)...
[2026-04-23T10:00:10.680Z] [INFO] Next.js server not ready yet (attempt 2/20)...
[2026-04-23T10:00:17.694Z] [INFO] Next.js server not ready yet (attempt 3/20)...
[2026-04-23T10:00:24.713Z] [INFO] Next.js server not ready yet (attempt 4/20)...
[2026-04-23T10:00:31.735Z] [INFO] Next.js server not ready yet (attempt 5/20)...
[2026-04-23T10:00:38.759Z] [INFO] Next.js server not ready yet (attempt 6/20)...
[2026-04-23T10:00:45.770Z] [INFO] Next.js server not ready yet (attempt 7/20)...
[2026-04-23T10:00:52.802Z] [INFO] Next.js server not ready yet (attempt 8/20)...
[2026-04-23T10:00:59.809Z] [INFO] Next.js server not ready yet (attempt 9/20)...
[2026-04-23T10:01:06.827Z] [INFO] Next.js server not ready yet (attempt 10/20)...
[2026-04-23T10:01:13.836Z] [INFO] Next.js server not ready yet (attempt 11/20)...
[2026-04-23T10:01:20.865Z] [INFO] Next.js server not ready yet (attempt 12/20)...
[2026-04-23T10:01:27.892Z] [INFO] Next.js server not ready yet (attempt 13/20)...
[2026-04-23T10:01:34.907Z] [INFO] Next.js server not ready yet (attempt 14/20)...
[2026-04-23T10:01:41.927Z] [INFO] Next.js server not ready yet (attempt 15/20)...
[2026-04-23T10:01:48.946Z] [INFO] Next.js server not ready yet (attempt 16/20)...
[2026-04-23T10:01:55.966Z] [INFO] Next.js server not ready yet (attempt 17/20)...
[2026-04-23T10:02:02.988Z] [INFO] Next.js server not ready yet (attempt 18/20)...
[2026-04-23T10:02:10.015Z] [INFO] Next.js server not ready yet (attempt 19/20)...
[2026-04-23T10:02:17.036Z] [INFO] Next.js server not ready yet (attempt 20/20)...
[2026-04-23T10:02:22.049Z] [WARN] ⚠️ Server wait timed out. Starting scheduler anyway, initial run may fail.
[2026-04-23T10:30:00.027Z] [INFO] 🕒 CRON START: Trending Data Sync
[2026-04-23T10:30:00.028Z] [INFO] 🕒 CRON START: Comprehensive Daily Sync (Movies & Content)
[2026-04-23T10:30:08.440Z] [INFO] ✅ CRON SUCCESS: Daily Sync - Daily sync completed. Total new movies: 2
[2026-04-23T10:30:15.017Z] [INFO] ✅ CRON SUCCESS: Trending Data Updated
[2026-04-23T11:00:00.018Z] [INFO] 🕒 CRON START: Trending Data Sync
[2026-04-23T11:00:13.529Z] [INFO] ✅ CRON SUCCESS: Trending Data Updated
[2026-04-23T11:30:00.026Z] [INFO] 🕒 CRON START: Comprehensive Daily Sync (Movies & Content)
[2026-04-23T11:30:00.028Z] [INFO] 🕒 CRON START: Trending Data Sync
[2026-04-23T11:30:11.391Z] [INFO] ✅ CRON SUCCESS: Daily Sync - Daily sync completed. Total new movies: 2
[2026-04-23T11:30:13.589Z] [INFO] ✅ CRON SUCCESS: Trending Data Updated
[2026-04-23T12:00:00.018Z] [INFO] 🕒 CRON START: Trending Data Sync
[2026-04-23T12:00:14.619Z] [INFO] ✅ CRON SUCCESS: Trending Data Updated
[2026-04-23T12:30:00.026Z] [INFO] 🕒 CRON START: Comprehensive Daily Sync (Movies & Content)
[2026-04-23T12:30:00.026Z] [INFO] 🕒 CRON START: Trending Data Sync
[2026-04-23T12:30:10.219Z] [INFO] ✅ CRON SUCCESS: Daily Sync - Daily sync completed. Total new movies: 2
[2026-04-23T12:30:28.735Z] [INFO] ✅ CRON SUCCESS: Trending Data Updated
[2026-04-23T13:00:00.023Z] [INFO] 🕒 CRON START: Trending Data Sync
[2026-04-23T13:00:14.081Z] [INFO] ✅ CRON SUCCESS: Trending Data Updated
[2026-04-24T04:44:15.342Z] [INFO] Cron job scheduler background service initiated (Target: http://localhost:3000).
[2026-04-24T04:44:15.343Z] [INFO] Log file location: C:\Users\pc\Downloads\project2\my-project\scheduler.log
[2026-04-24T04:44:15.410Z] [INFO] 🚀 Executing initial automation run...
[2026-04-24T04:44:15.410Z] [INFO] Waiting for Next.js server at http://localhost:3000 to be ready...
[2026-04-24T04:44:15.423Z] [INFO] All cron schedules active. Automation interval: 0 * * * *
[2026-04-24T04:44:15.428Z] [INFO] Next.js server not ready yet (attempt 1/20)...
[2026-04-24T04:44:22.444Z] [INFO] Next.js server not ready yet (attempt 2/20)...
[2026-04-24T04:44:29.463Z] [INFO] Next.js server not ready yet (attempt 3/20)...
[2026-04-24T04:44:36.480Z] [INFO] Next.js server not ready yet (attempt 4/20)...
[2026-04-24T04:44:43.497Z] [INFO] Next.js server not ready yet (attempt 5/20)...
[2026-04-24T04:44:50.522Z] [INFO] Next.js server not ready yet (attempt 6/20)...
[2026-04-24T04:44:57.530Z] [INFO] Next.js server not ready yet (attempt 7/20)...
[2026-04-24T04:45:04.559Z] [INFO] Next.js server not ready yet (attempt 8/20)...
[2026-04-24T04:45:11.583Z] [INFO] Next.js server not ready yet (attempt 9/20)...
[2026-04-24T04:45:18.617Z] [INFO] Next.js server not ready yet (attempt 10/20)...
[2026-04-24T04:45:25.638Z] [INFO] Next.js server not ready yet (attempt 11/20)...
[2026-04-24T04:45:32.656Z] [INFO] Next.js server not ready yet (attempt 12/20)...
[2026-04-24T04:45:39.674Z] [INFO] Next.js server not ready yet (attempt 13/20)...
[2026-04-24T04:45:46.692Z] [INFO] Next.js server not ready yet (attempt 14/20)...
[2026-04-24T04:45:53.697Z] [INFO] Next.js server not ready yet (attempt 15/20)...
[2026-04-24T04:46:00.706Z] [INFO] Next.js server not ready yet (attempt 16/20)...
[2026-04-24T04:46:07.735Z] [INFO] Next.js server not ready yet (attempt 17/20)...
[2026-04-24T04:46:14.739Z] [INFO] Next.js server not ready yet (attempt 18/20)...
[2026-04-24T04:46:21.764Z] [INFO] Next.js server not ready yet (attempt 19/20)...
[2026-04-24T04:46:28.780Z] [INFO] Next.js server not ready yet (attempt 20/20)...
[2026-04-24T04:46:33.784Z] [WARN] ⚠️ Server wait timed out. Starting scheduler anyway, initial run may fail.
[2026-04-24T05:00:00.019Z] [INFO] 🕒 CRON START: Trending Data Sync
[2026-04-24T05:00:16.743Z] [INFO] ✅ CRON SUCCESS: Trending Data Updated
[2026-04-24T05:30:00.024Z] [INFO] 🕒 CRON START: Comprehensive Daily Sync (Movies & Content)
[2026-04-24T05:30:00.025Z] [INFO] 🕒 CRON START: Trending Data Sync
[2026-04-24T05:30:00.026Z] [INFO] 💓 Scheduler Heartbeat: Service is active and monitoring.
[2026-04-24T05:30:11.432Z] [INFO] ✅ CRON SUCCESS: Daily Sync - Daily sync completed. Total new movies: 3
[2026-04-24T05:30:13.614Z] [INFO] ✅ CRON SUCCESS: Trending Data Updated
[2026-04-24T05:35:00.019Z] [INFO] 🕒 CRON START: Wikipedia Movie Scraper
[2026-04-24T05:36:51.355Z] [INFO] ✅ CRON SUCCESS: Movie Scraper - Successfully synced 10 movies for 2026
[2026-04-24T05:50:00.022Z] [INFO] 🕒 CRON START: Daily Box Office & OTT Refresh
[2026-04-24T05:50:02.526Z] [INFO] 📊 Refreshing data for 26 recent movies
[2026-04-24T05:50:06.552Z] [INFO] ✅ Refreshed data for les-amies-de-ma-femme
[2026-04-24T05:50:10.040Z] [INFO] ✅ Refreshed data for princess-jasnenka-and-the-flying-shoemaker
[2026-04-24T05:50:13.490Z] [INFO] ✅ Refreshed data for get-carter
[2026-04-24T05:50:16.234Z] [INFO] ✅ Refreshed data for barbers-tales
[2026-04-24T05:50:19.736Z] [INFO] ✅ Refreshed data for cool-hand-luke
[2026-04-24T05:50:22.528Z] [INFO] ✅ Refreshed data for blue-hill-avenue
[2026-04-24T05:50:25.501Z] [INFO] ✅ Refreshed data for the-night-of-the-shooting-stars
[2026-04-24T05:50:28.606Z] [INFO] ✅ Refreshed data for red-scorpion
[2026-04-24T05:50:31.497Z] [INFO] ✅ Refreshed data for queen-of-katwe
[2026-04-24T05:50:34.339Z] [INFO] ✅ Refreshed data for lenny
[2026-04-24T05:50:39.623Z] [INFO] ✅ Refreshed data for la-liceale
[2026-04-24T05:50:42.751Z] [INFO] ✅ Refreshed data for case-of-the-naves-brothers
[2026-04-24T05:50:46.445Z] [INFO] ✅ Refreshed data for stealing-heaven
[2026-04-24T05:50:49.534Z] [INFO] ✅ Refreshed data for the-tin-drum
[2026-04-24T05:50:52.815Z] [INFO] ✅ Refreshed data for a-cat-in-paris
[2026-04-24T05:50:56.175Z] [INFO] ✅ Refreshed data for mirzapur
[2026-04-24T05:50:59.226Z] [INFO] ✅ Refreshed data for ek-din
[2026-04-24T05:51:02.475Z] [INFO] ✅ Refreshed data for mallari
[2026-04-24T05:51:05.758Z] [INFO] ✅ Refreshed data for tu-yaa-main
[2026-04-24T05:51:06.658Z] [INFO] ✅ Refreshed data for bhabiji-ghar-par-hain-fun-on-the-run
[2026-04-24T05:51:09.832Z] [INFO] ✅ Refreshed data for azad-bharath
[2026-04-24T05:51:10.613Z] [INFO] ✅ Refreshed data for bharatiya-digital-party
[2026-04-24T05:51:13.839Z] [INFO] ✅ Refreshed data for bhanwar
[2026-04-24T05:51:14.581Z] [INFO] ✅ Refreshed data for back-benchers
[2026-04-24T05:51:17.770Z] [INFO] ✅ Refreshed data for anusandhan
[2026-04-24T05:51:18.550Z] [INFO] ✅ Refreshed data for andhar-maya
[2026-04-24T05:51:18.551Z] [INFO] ✅ CRON COMPLETE: Daily Data Refresh for 26 movies
[2026-04-24T05:55:35.826Z] [INFO] Cron job scheduler background service initiated (Target: http://localhost:3000).
[2026-04-24T05:55:35.827Z] [INFO] Log file location: C:\Users\pc\Downloads\project2\my-project\scheduler.log
[2026-04-24T05:55:35.850Z] [INFO] 🚀 Executing initial automation run...
[2026-04-24T05:55:35.851Z] [INFO] Waiting for Next.js server at http://localhost:3000 to be ready...
[2026-04-24T05:55:35.862Z] [INFO] All cron schedules active. Automation interval: 0 * * * *
[2026-04-24T05:55:35.937Z] [INFO] Next.js server not ready yet (attempt 1/20)...
[2026-04-24T05:55:41.014Z] [INFO] Next.js server not ready yet (attempt 2/20)...
[2026-04-24T05:55:46.071Z] [INFO] Next.js server not ready yet (attempt 3/20)...
[2026-04-24T05:55:51.140Z] [INFO] Next.js server not ready yet (attempt 4/20)...
[2026-04-24T05:55:56.203Z] [INFO] Next.js server not ready yet (attempt 5/20)...
[2026-04-24T05:55:58.397Z] [INFO] Received kill signal, shutting down gracefully...
[2026-04-24T05:56:01.223Z] [INFO] Next.js server not ready yet (attempt 6/20)...
[2026-04-24T05:56:06.239Z] [INFO] Next.js server not ready yet (attempt 7/20)...
[2026-04-24T05:56:11.252Z] [INFO] Next.js server not ready yet (attempt 8/20)...
[2026-04-24T05:56:12.562Z] [INFO] Cron job scheduler background service initiated (Target: http://localhost:3000).
[2026-04-24T05:56:12.563Z] [INFO] Log file location: C:\Users\pc\Downloads\project2\my-project\scheduler.log
[2026-04-24T05:56:12.585Z] [INFO] 🚀 Executing initial automation run...
[2026-04-24T05:56:12.586Z] [INFO] Waiting for Next.js server at http://localhost:3000 to be ready...
[2026-04-24T05:56:12.596Z] [INFO] All cron schedules active. Automation interval: 0 * * * *
[2026-04-24T05:56:12.601Z] [INFO] Next.js server not ready yet (attempt 1/20)...
[2026-04-24T05:56:16.260Z] [INFO] Next.js server not ready yet (attempt 9/20)...
[2026-04-24T05:56:17.616Z] [INFO] Next.js server not ready yet (attempt 2/20)...
[2026-04-24T05:56:21.267Z] [INFO] Next.js server not ready yet (attempt 10/20)...
[2026-04-24T05:56:22.623Z] [INFO] Next.js server not ready yet (attempt 3/20)...
[2026-04-24T05:56:26.276Z] [INFO] Next.js server not ready yet (attempt 11/20)...
[2026-04-24T05:56:27.629Z] [INFO] Next.js server not ready yet (attempt 4/20)...
[2026-04-24T05:56:31.282Z] [INFO] Next.js server not ready yet (attempt 12/20)...
[2026-04-24T05:56:32.647Z] [INFO] Next.js server not ready yet (attempt 5/20)...
[2026-04-24T05:56:36.294Z] [INFO] Next.js server not ready yet (attempt 13/20)...
[2026-04-24T05:56:37.657Z] [INFO] Next.js server not ready yet (attempt 6/20)...
[2026-04-24T05:56:41.296Z] [INFO] Next.js server not ready yet (attempt 14/20)...
[2026-04-24T05:56:42.675Z] [INFO] Next.js server not ready yet (attempt 7/20)...
[2026-04-24T05:56:46.309Z] [INFO] Next.js server not ready yet (attempt 15/20)...
[2026-04-24T05:56:47.687Z] [INFO] Next.js server not ready yet (attempt 8/20)...
[2026-04-24T05:56:51.320Z] [INFO] Next.js server not ready yet (attempt 16/20)...
[2026-04-24T05:56:52.701Z] [INFO] Next.js server not ready yet (attempt 9/20)...
[2026-04-24T05:56:56.335Z] [INFO] Next.js server not ready yet (attempt 17/20)...
[2026-04-24T05:56:57.720Z] [INFO] Next.js server not ready yet (attempt 10/20)...
[2026-04-24T05:57:01.341Z] [INFO] Next.js server not ready yet (attempt 18/20)...
[2026-04-24T05:57:02.728Z] [INFO] Next.js server not ready yet (attempt 11/20)...
[2026-04-24T05:57:06.356Z] [INFO] Next.js server not ready yet (attempt 19/20)...
[2026-04-24T05:57:07.736Z] [INFO] Next.js server not ready yet (attempt 12/20)...
[2026-04-24T05:57:11.358Z] [INFO] Next.js server not ready yet (attempt 20/20)...
[2026-04-24T05:57:12.747Z] [INFO] Next.js server not ready yet (attempt 13/20)...
[2026-04-24T05:57:16.375Z] [WARN] ⚠️ Server wait timed out. Starting scheduler anyway, initial run may fail.
[2026-04-24T05:57:17.753Z] [INFO] Next.js server not ready yet (attempt 14/20)...
[2026-04-24T05:57:22.767Z] [INFO] Next.js server not ready yet (attempt 15/20)...
[2026-04-24T05:57:27.778Z] [INFO] Next.js server not ready yet (attempt 16/20)...
[2026-04-24T05:57:32.787Z] [INFO] Next.js server not ready yet (attempt 17/20)...
[2026-04-24T05:57:37.807Z] [INFO] Next.js server not ready yet (attempt 18/20)...
[2026-04-24T05:57:42.826Z] [INFO] Next.js server not ready yet (attempt 19/20)...
[2026-04-24T05:57:47.843Z] [INFO] Next.js server not ready yet (attempt 20/20)...
[2026-04-24T05:57:52.857Z] [WARN] ⚠️ Server wait timed out. Starting scheduler anyway, initial run may fail.
[2026-04-24T06:00:00.019Z] [INFO] 🕒 CRON START: Trending Data Sync
[2026-04-24T06:00:00.019Z] [INFO] 🕒 CRON START: Trending Data Sync
[2026-04-24T06:00:00.021Z] [ERROR] ❌ CRON FATAL (Trending Sync): request to http://localhost:3000/api/trending/sync failed, reason: 
[2026-04-24T06:00:00.021Z] [ERROR] ❌ CRON FATAL (Trending Sync): request to http://localhost:3000/api/trending/sync failed, reason: 
[2026-04-24T06:30:00.024Z] [INFO] 🕒 CRON START: Comprehensive Daily Sync (Movies & Content)
[2026-04-24T06:30:00.024Z] [INFO] 🕒 CRON START: Comprehensive Daily Sync (Movies & Content)
[2026-04-24T06:30:00.026Z] [INFO] 🕒 CRON START: Trending Data Sync
[2026-04-24T06:30:00.026Z] [INFO] 🕒 CRON START: Trending Data Sync
[2026-04-24T06:30:00.027Z] [WARN] ⚠️ CRON SKIP: Next.js server not reachable (ECONNREFUSED).
[2026-04-24T06:30:00.028Z] [ERROR] ❌ CRON FATAL (Trending Sync): request to http://localhost:3000/api/trending/sync failed, reason: 
[2026-04-24T06:30:00.029Z] [WARN] ⚠️ CRON SKIP: Next.js server not reachable (ECONNREFUSED).
[2026-04-24T06:30:00.030Z] [ERROR] ❌ CRON FATAL (Trending Sync): request to http://localhost:3000/api/trending/sync failed, reason: 
[2026-04-24T07:00:00.021Z] [INFO] 🕒 CRON START: Trending Data Sync
[2026-04-24T07:00:00.024Z] [ERROR] ❌ CRON FATAL (Trending Sync): request to http://localhost:3000/api/trending/sync failed, reason: 
[2026-04-24T07:00:00.025Z] [INFO] 🕒 CRON START: Trending Data Sync
[2026-04-24T07:00:00.027Z] [ERROR] ❌ CRON FATAL (Trending Sync): request to http://localhost:3000/api/trending/sync failed, reason: 
[2026-04-24T07:30:00.026Z] [INFO] 🕒 CRON START: Comprehensive Daily Sync (Movies & Content)
[2026-04-24T07:30:00.025Z] [INFO] 🕒 CRON START: Comprehensive Daily Sync (Movies & Content)
[2026-04-24T07:30:00.028Z] [INFO] 🕒 CRON START: Trending Data Sync
[2026-04-24T07:30:00.027Z] [INFO] 🕒 CRON START: Trending Data Sync
[2026-04-24T07:30:00.028Z] [WARN] ⚠️ CRON SKIP: Next.js server not reachable (ECONNREFUSED).
[2026-04-24T07:30:00.028Z] [WARN] ⚠️ CRON SKIP: Next.js server not reachable (ECONNREFUSED).
[2026-04-24T07:30:00.029Z] [ERROR] ❌ CRON FATAL (Trending Sync): request to http://localhost:3000/api/trending/sync failed, reason: 
[2026-04-24T07:30:00.029Z] [ERROR] ❌ CRON FATAL (Trending Sync): request to http://localhost:3000/api/trending/sync failed, reason: 
[2026-04-24T07:49:35.527Z] [INFO] Received kill signal, shutting down gracefully...
[2026-04-24T07:49:41.206Z] [INFO] Cron job scheduler background service initiated (Target: http://localhost:3000).
[2026-04-24T07:49:41.207Z] [INFO] Log file location: C:\Users\pc\Downloads\project2\my-project\scheduler.log
[2026-04-24T07:49:41.230Z] [INFO] 🚀 Executing initial automation run...
[2026-04-24T07:49:41.230Z] [INFO] Waiting for Next.js server at http://localhost:3000 to be ready...
[2026-04-24T07:49:41.241Z] [INFO] All cron schedules active. Automation interval: 0 * * * *
[2026-04-24T07:49:41.246Z] [INFO] Next.js server not ready yet (attempt 1/20)...
[2026-04-24T07:49:46.258Z] [INFO] Next.js server not ready yet (attempt 2/20)...
[2026-04-24T07:49:51.278Z] [INFO] Next.js server not ready yet (attempt 3/20)...
[2026-04-24T07:49:56.297Z] [INFO] Next.js server not ready yet (attempt 4/20)...
[2026-04-24T07:50:01.302Z] [INFO] Next.js server not ready yet (attempt 5/20)...
[2026-04-24T07:50:06.318Z] [INFO] Next.js server not ready yet (attempt 6/20)...
[2026-04-24T07:50:11.335Z] [INFO] Next.js server not ready yet (attempt 7/20)...
[2026-04-24T07:50:16.344Z] [INFO] Next.js server not ready yet (attempt 8/20)...
[2026-04-24T07:50:21.359Z] [INFO] Next.js server not ready yet (attempt 9/20)...
[2026-04-24T07:50:24.777Z] [INFO] Received kill signal, shutting down gracefully...
[2026-04-24T07:50:26.363Z] [INFO] Next.js server not ready yet (attempt 10/20)...
[2026-04-24T07:50:31.370Z] [INFO] Next.js server not ready yet (attempt 11/20)...
[2026-04-24T07:50:32.418Z] [INFO] Cron job scheduler background service initiated (Target: http://localhost:3000).
[2026-04-24T07:50:32.419Z] [INFO] Log file location: C:\Users\pc\Downloads\project2\my-project\scheduler.log
[2026-04-24T07:50:32.442Z] [INFO] 🚀 Executing initial automation run...
[2026-04-24T07:50:32.442Z] [INFO] Waiting for Next.js server at http://localhost:3000 to be ready...
[2026-04-24T07:50:32.453Z] [INFO] All cron schedules active. Automation interval: 0 * * * *
[2026-04-24T07:50:32.457Z] [INFO] Next.js server not ready yet (attempt 1/20)...
[2026-04-24T07:50:38.392Z] [INFO] Next.js server not ready yet (attempt 12/20)...
[2026-04-24T07:50:39.484Z] [INFO] Next.js server not ready yet (attempt 2/20)...
[2026-04-24T07:50:45.411Z] [INFO] Next.js server not ready yet (attempt 13/20)...
[2026-04-24T07:50:46.501Z] [INFO] Next.js server not ready yet (attempt 3/20)...
[2026-04-24T07:50:52.422Z] [INFO] Next.js server not ready yet (attempt 14/20)...
[2026-04-24T07:50:53.512Z] [INFO] Next.js server not ready yet (attempt 4/20)...
[2026-04-24T07:50:59.453Z] [INFO] Next.js server not ready yet (attempt 15/20)...
[2026-04-24T07:51:00.541Z] [INFO] Next.js server not ready yet (attempt 5/20)...
[2026-04-24T07:51:06.472Z] [INFO] Next.js server not ready yet (attempt 16/20)...
[2026-04-24T07:51:07.563Z] [INFO] Next.js server not ready yet (attempt 6/20)...
[2026-04-24T07:51:13.494Z] [INFO] Next.js server not ready yet (attempt 17/20)...
[2026-04-24T07:51:14.582Z] [INFO] Next.js server not ready yet (attempt 7/20)...
[2026-04-24T07:51:20.512Z] [INFO] Next.js server not ready yet (attempt 18/20)...
[2026-04-24T07:51:21.601Z] [INFO] Next.js server not ready yet (attempt 8/20)...
[2026-04-24T07:51:27.527Z] [INFO] Next.js server not ready yet (attempt 19/20)...
[2026-04-24T07:51:28.605Z] [INFO] Next.js server not ready yet (attempt 9/20)...
[2026-04-24T07:51:34.549Z] [INFO] Next.js server not ready yet (attempt 20/20)...
[2026-04-24T07:51:35.630Z] [INFO] Next.js server not ready yet (attempt 10/20)...
[2026-04-24T07:51:39.560Z] [WARN] ⚠️ Server wait timed out. Starting scheduler anyway, initial run may fail.
[2026-04-24T07:51:42.639Z] [INFO] Next.js server not ready yet (attempt 11/20)...
[2026-04-24T07:51:49.662Z] [INFO] Next.js server not ready yet (attempt 12/20)...
[2026-04-24T07:51:56.684Z] [INFO] Next.js server not ready yet (attempt 13/20)...
[2026-04-24T07:52:03.710Z] [INFO] Next.js server not ready yet (attempt 14/20)...
[2026-04-24T07:52:10.717Z] [INFO] Next.js server not ready yet (attempt 15/20)...
[2026-04-24T07:52:17.732Z] [INFO] Next.js server not ready yet (attempt 16/20)...
[2026-04-24T07:52:24.761Z] [INFO] Next.js server not ready yet (attempt 17/20)...
[2026-04-24T07:52:31.784Z] [INFO] Next.js server not ready yet (attempt 18/20)...
[2026-04-24T07:52:38.809Z] [INFO] Next.js server not ready yet (attempt 19/20)...
[2026-04-24T07:52:45.817Z] [INFO] Next.js server not ready yet (attempt 20/20)...
[2026-04-24T07:52:50.820Z] [WARN] ⚠️ Server wait timed out. Starting scheduler anyway, initial run may fail.
[2026-04-24T08:00:00.023Z] [INFO] 🕒 CRON START: Trending Data Sync
[2026-04-24T08:00:00.023Z] [INFO] 🕒 CRON START: Trending Data Sync
[2026-04-24T08:00:14.907Z] [INFO] ✅ CRON SUCCESS: Trending Data Updated
[2026-04-24T08:00:14.915Z] [INFO] ✅ CRON SUCCESS: Trending Data Updated
[2026-04-24T08:27:00.027Z] [INFO] 🕒 CRON START: Celebrity Scraper
[2026-04-24T08:27:00.027Z] [INFO] 🕒 CRON START: Celebrity Scraper
[2026-04-24T08:27:43.907Z] [INFO] ✅ CRON SUCCESS: Bollywood Celebrity Scraper - Successfully synced 10 new celebrities for Bollywood. Skipped 20 existing.
[2026-04-24T08:27:43.984Z] [INFO] ✅ CRON SUCCESS: Bollywood Celebrity Scraper - Successfully synced 10 new celebrities for Bollywood. Skipped 13 existing.
[2026-04-24T08:28:03.893Z] [INFO] ✅ CRON SUCCESS: Hollywood Celebrity Scraper - Successfully synced 10 new celebrities for Hollywood. Skipped 9 existing.
[2026-04-24T08:28:04.176Z] [INFO] ✅ CRON SUCCESS: Hollywood Celebrity Scraper - Successfully synced 10 new celebrities for Hollywood. Skipped 7 existing.
[2026-04-24T08:30:00.022Z] [INFO] 🕒 CRON START: Trending Data Sync
[2026-04-24T08:30:00.023Z] [INFO] 🕒 CRON START: Comprehensive Daily Sync (Movies & Content)
[2026-04-24T08:30:00.027Z] [INFO] 🕒 CRON START: Comprehensive Daily Sync (Movies & Content)
[2026-04-24T08:30:00.028Z] [INFO] 🕒 CRON START: Trending Data Sync
[2026-04-24T08:30:12.596Z] [INFO] ✅ CRON SUCCESS: Daily Sync - Daily sync completed. Total new movies: 2
[2026-04-24T08:30:13.246Z] [INFO] ✅ CRON SUCCESS: Daily Sync - Daily sync completed. Total new movies: 2
[2026-04-24T08:30:13.550Z] [INFO] ✅ CRON SUCCESS: Trending Data Updated
[2026-04-24T08:30:36.390Z] [INFO] ✅ CRON SUCCESS: Trending Data Updated
[2026-04-24T09:00:00.020Z] [INFO] 🕒 CRON START: Trending Data Sync
[2026-04-24T09:00:00.020Z] [INFO] 🕒 CRON START: Trending Data Sync
[2026-04-24T09:00:13.438Z] [INFO] ✅ CRON SUCCESS: Trending Data Updated
[2026-04-24T09:00:13.603Z] [INFO] ✅ CRON SUCCESS: Trending Data Updated
[2026-04-24T09:30:00.023Z] [INFO] 🕒 CRON START: Comprehensive Daily Sync (Movies & Content)
[2026-04-24T09:30:00.023Z] [INFO] 🕒 CRON START: Comprehensive Daily Sync (Movies & Content)
[2026-04-24T09:30:00.024Z] [INFO] 🕒 CRON START: Trending Data Sync
[2026-04-24T09:30:00.025Z] [INFO] 🕒 CRON START: Trending Data Sync
[2026-04-24T09:30:09.900Z] [INFO] ✅ CRON SUCCESS: Daily Sync - Daily sync completed. Total new movies: 2
[2026-04-24T09:30:12.517Z] [INFO] ✅ CRON SUCCESS: Daily Sync - Daily sync completed. Total new movies: 2
[2026-04-24T09:30:13.474Z] [INFO] ✅ CRON SUCCESS: Trending Data Updated
[2026-04-24T09:30:14.061Z] [INFO] ✅ CRON SUCCESS: Trending Data Updated
[2026-04-24T10:00:00.019Z] [INFO] 🕒 CRON START: Trending Data Sync
[2026-04-24T10:00:00.019Z] [INFO] 🕒 CRON START: Trending Data Sync
[2026-04-24T10:00:13.224Z] [INFO] ✅ CRON SUCCESS: Trending Data Updated
[2026-04-24T10:00:13.225Z] [INFO] ✅ CRON SUCCESS: Trending Data Updated
[2026-04-24T10:30:00.018Z] [INFO] 🕒 CRON START: Comprehensive Daily Sync (Movies & Content)
[2026-04-24T10:30:00.018Z] [INFO] 🕒 CRON START: Comprehensive Daily Sync (Movies & Content)
[2026-04-24T10:30:00.019Z] [INFO] 🕒 CRON START: Trending Data Sync
[2026-04-24T10:30:00.020Z] [INFO] 🕒 CRON START: Trending Data Sync
[2026-04-24T10:30:11.267Z] [INFO] ✅ CRON SUCCESS: Daily Sync - Daily sync completed. Total new movies: 2
[2026-04-24T10:30:11.474Z] [INFO] ✅ CRON SUCCESS: Daily Sync - Daily sync completed. Total new movies: 2
[2026-04-24T10:30:13.815Z] [INFO] ✅ CRON SUCCESS: Trending Data Updated
[2026-04-24T10:30:15.772Z] [INFO] ✅ CRON SUCCESS: Trending Data Updated
[2026-04-24T11:00:00.020Z] [INFO] 🕒 CRON START: Trending Data Sync
[2026-04-24T11:00:00.020Z] [INFO] 🕒 CRON START: Trending Data Sync
[2026-04-24T11:00:13.837Z] [INFO] ✅ CRON SUCCESS: Trending Data Updated
[2026-04-24T11:00:14.126Z] [INFO] ✅ CRON SUCCESS: Trending Data Updated
[2026-04-24T11:30:00.018Z] [INFO] 🕒 CRON START: Comprehensive Daily Sync (Movies & Content)
[2026-04-24T11:30:00.018Z] [INFO] 🕒 CRON START: Trending Data Sync
[2026-04-24T11:30:00.019Z] [INFO] 🕒 CRON START: Comprehensive Daily Sync (Movies & Content)
[2026-04-24T11:30:00.019Z] [INFO] 🕒 CRON START: Trending Data Sync
[2026-04-24T11:30:09.854Z] [INFO] ✅ CRON SUCCESS: Daily Sync - Daily sync completed. Total new movies: 2
[2026-04-24T11:30:11.182Z] [INFO] ✅ CRON SUCCESS: Daily Sync - Daily sync completed. Total new movies: 2
[2026-04-24T11:30:12.967Z] [INFO] ✅ CRON SUCCESS: Trending Data Updated
[2026-04-24T11:30:13.033Z] [INFO] ✅ CRON SUCCESS: Trending Data Updated
[2026-04-24T12:00:00.025Z] [INFO] 🕒 CRON START: Trending Data Sync
[2026-04-24T12:00:00.025Z] [INFO] 🕒 CRON START: Trending Data Sync
[2026-04-24T12:00:14.459Z] [INFO] ✅ CRON SUCCESS: Trending Data Updated
[2026-04-24T12:00:14.532Z] [INFO] ✅ CRON SUCCESS: Trending Data Updated
[2026-04-24T12:30:00.006Z] [INFO] 🕒 CRON START: Comprehensive Daily Sync (Movies & Content)
[2026-04-24T12:30:00.008Z] [INFO] 🕒 CRON START: Trending Data Sync
[2026-04-24T12:30:00.021Z] [INFO] 🕒 CRON START: Comprehensive Daily Sync (Movies & Content)
[2026-04-24T12:30:00.022Z] [INFO] 🕒 CRON START: Trending Data Sync
[2026-04-24T12:30:10.389Z] [INFO] ✅ CRON SUCCESS: Daily Sync - Daily sync completed. Total new movies: 2
[2026-04-24T12:30:11.077Z] [INFO] ✅ CRON SUCCESS: Daily Sync - Daily sync completed. Total new movies: 2
[2026-04-24T12:30:13.530Z] [INFO] ✅ CRON SUCCESS: Trending Data Updated
[2026-04-24T12:30:13.701Z] [INFO] ✅ CRON SUCCESS: Trending Data Updated
[2026-04-24T13:00:00.040Z] [INFO] 🕒 CRON START: Trending Data Sync
[2026-04-24T13:00:00.040Z] [INFO] 🕒 CRON START: Trending Data Sync
[2026-04-24T13:00:13.230Z] [INFO] ✅ CRON SUCCESS: Trending Data Updated
[2026-04-24T13:00:13.363Z] [INFO] ✅ CRON SUCCESS: Trending Data Updated
[2026-04-24T13:30:00.023Z] [INFO] 🕒 CRON START: Comprehensive Daily Sync (Movies & Content)
[2026-04-24T13:30:00.023Z] [INFO] 🕒 CRON START: Comprehensive Daily Sync (Movies & Content)
[2026-04-24T13:30:00.024Z] [INFO] 🕒 CRON START: Trending Data Sync
[2026-04-24T13:30:00.024Z] [INFO] 🕒 CRON START: Trending Data Sync
[2026-04-28T04:49:15.245Z] [INFO] Cron job scheduler background service initiated (Target: http://localhost:3000).
[2026-04-28T04:49:15.245Z] [INFO] Log file location: C:\Users\pc\Downloads\project2\my-project\scheduler.log
[2026-04-28T04:49:15.269Z] [INFO] 🚀 Executing initial automation run...
[2026-04-28T04:49:15.270Z] [INFO] Waiting for Next.js server at http://localhost:3000 to be ready...
[2026-04-28T04:49:15.280Z] [INFO] All cron schedules active. Automation interval: 0 * * * *
[2026-04-28T04:49:15.285Z] [INFO] Next.js server not ready yet (attempt 1/20)...
[2026-04-28T04:49:22.297Z] [INFO] Next.js server not ready yet (attempt 2/20)...
[2026-04-28T04:49:29.320Z] [INFO] Next.js server not ready yet (attempt 3/20)...
[2026-04-28T04:49:36.330Z] [INFO] Next.js server not ready yet (attempt 4/20)...
[2026-04-28T04:49:43.338Z] [INFO] Next.js server not ready yet (attempt 5/20)...
[2026-04-28T04:49:50.353Z] [INFO] Next.js server not ready yet (attempt 6/20)...
[2026-04-28T04:49:57.366Z] [INFO] Next.js server not ready yet (attempt 7/20)...
[2026-04-28T04:50:04.389Z] [INFO] Next.js server not ready yet (attempt 8/20)...
[2026-04-28T04:50:11.394Z] [INFO] Next.js server not ready yet (attempt 9/20)...
[2026-04-28T04:50:18.417Z] [INFO] Next.js server not ready yet (attempt 10/20)...
[2026-04-28T04:50:25.433Z] [INFO] Next.js server not ready yet (attempt 11/20)...
[2026-04-28T04:50:32.450Z] [INFO] Next.js server not ready yet (attempt 12/20)...
[2026-04-28T04:50:39.470Z] [INFO] Next.js server not ready yet (attempt 13/20)...
[2026-04-28T04:50:46.501Z] [INFO] Next.js server not ready yet (attempt 14/20)...
[2026-04-28T04:50:53.523Z] [INFO] Next.js server not ready yet (attempt 15/20)...
[2026-04-28T04:51:00.546Z] [INFO] Next.js server not ready yet (attempt 16/20)...
[2026-04-28T04:51:07.568Z] [INFO] Next.js server not ready yet (attempt 17/20)...
[2026-04-28T04:51:14.583Z] [INFO] Next.js server not ready yet (attempt 18/20)...
[2026-04-28T04:51:21.605Z] [INFO] Next.js server not ready yet (attempt 19/20)...
[2026-04-28T04:51:28.635Z] [INFO] Next.js server not ready yet (attempt 20/20)...
[2026-04-28T04:51:33.643Z] [WARN] ⚠️ Server wait timed out. Starting scheduler anyway, initial run may fail.
[2026-04-28T05:00:00.020Z] [INFO] 🕒 CRON START: Trending Data Sync
[2026-04-28T05:00:13.564Z] [INFO] ✅ CRON SUCCESS: Trending Data Updated
[2026-04-28T05:30:00.032Z] [INFO] 🕒 CRON START: Trending Data Sync
[2026-04-28T05:30:00.034Z] [INFO] 🕒 CRON START: Comprehensive Daily Sync (Movies & Content)
[2026-04-28T05:30:00.035Z] [INFO] 💓 Scheduler Heartbeat: Service is active and monitoring.
[2026-04-28T05:30:09.802Z] [INFO] ✅ CRON SUCCESS: Daily Sync - Daily sync completed. Total new movies: 2
[2026-04-28T05:30:14.902Z] [INFO] ✅ CRON SUCCESS: Trending Data Updated
[2026-04-28T05:30:33.741Z] [INFO] Received kill signal, shutting down gracefully...
[2026-04-28T05:50:00.274Z] [INFO] 🕒 CRON START: Daily Box Office & OTT Refresh
[2026-04-28T05:50:01.231Z] [INFO] 📊 Refreshing data for 30 recent movies
[2026-04-28T05:50:02.662Z] [INFO] ✅ Refreshed data for hai-jawani-toh-ishq-hona-hai
[2026-04-28T05:50:02.922Z] [INFO] ✅ Refreshed data for main-actor-nahin-hoon
[2026-04-28T05:50:03.170Z] [INFO] ✅ Refreshed data for les-amies-de-ma-femme
[2026-04-28T05:50:03.430Z] [INFO] ✅ Refreshed data for princess-jasnenka-and-the-flying-shoemaker
[2026-04-28T05:50:03.760Z] [INFO] ✅ Refreshed data for get-carter
[2026-04-28T05:50:07.902Z] [INFO] ✅ Refreshed data for barbers-tales
[2026-04-28T05:50:11.684Z] [INFO] ✅ Refreshed data for cool-hand-luke
[2026-04-28T05:50:14.678Z] [INFO] ✅ Refreshed data for blue-hill-avenue
[2026-04-28T05:50:18.174Z] [INFO] ✅ Refreshed data for the-night-of-the-shooting-stars
[2026-04-28T05:50:21.507Z] [INFO] ✅ Refreshed data for red-scorpion
[2026-04-28T05:50:24.352Z] [INFO] ✅ Refreshed data for queen-of-katwe
[2026-04-28T05:50:27.157Z] [INFO] ✅ Refreshed data for lenny
[2026-04-28T05:50:29.825Z] [INFO] ✅ Refreshed data for la-liceale
[2026-04-28T05:50:32.785Z] [INFO] ✅ Refreshed data for case-of-the-naves-brothers
[2026-04-28T05:50:35.626Z] [INFO] ✅ Refreshed data for stealing-heaven
[2026-04-28T05:50:38.584Z] [INFO] ✅ Refreshed data for the-tin-drum
[2026-04-28T05:50:41.760Z] [INFO] ✅ Refreshed data for a-cat-in-paris
[2026-04-28T05:50:44.821Z] [INFO] ✅ Refreshed data for mirzapur
[2026-04-28T05:50:47.730Z] [INFO] ✅ Refreshed data for ek-din
[2026-04-28T05:50:52.797Z] [INFO] ✅ Refreshed data for mallari
[2026-04-28T05:50:55.761Z] [INFO] ✅ Refreshed data for tu-yaa-main
[2026-04-28T05:50:56.354Z] [INFO] ✅ Refreshed data for bhabiji-ghar-par-hain-fun-on-the-run
[2026-04-28T05:50:59.175Z] [INFO] ✅ Refreshed data for azad-bharath
[2026-04-28T05:50:59.912Z] [INFO] ✅ Refreshed data for bharatiya-digital-party
[2026-04-28T05:51:03.377Z] [INFO] ✅ Refreshed data for bhanwar
[2026-04-28T05:51:04.103Z] [INFO] ✅ Refreshed data for back-benchers
[2026-04-28T05:51:07.535Z] [INFO] ✅ Refreshed data for anusandhan
[2026-04-28T05:51:08.051Z] [INFO] ✅ Refreshed data for andhar-maya
[2026-04-28T05:51:08.552Z] [INFO] ✅ Refreshed data for alma-matters-inside-the-iit-dream
[2026-04-28T05:51:11.989Z] [INFO] ✅ Refreshed data for all-india-bakchod
[2026-04-28T05:51:11.995Z] [INFO] ✅ CRON COMPLETE: Daily Data Refresh for 30 movies
[2026-04-28T07:20:39.800Z] [INFO] Cron job scheduler background service initiated (Target: http://localhost:3000).
[2026-04-28T07:20:39.800Z] [INFO] Log file location: C:\Users\pc\Downloads\project2\my-project\scheduler.log
[2026-04-28T07:20:39.824Z] [INFO] 🚀 Executing initial automation run...
[2026-04-28T07:20:39.824Z] [INFO] Waiting for Next.js server at http://localhost:3000 to be ready...
[2026-04-28T07:20:39.836Z] [INFO] All cron schedules active. Automation interval: 0 * * * *
[2026-04-28T07:20:39.841Z] [INFO] Next.js server not ready yet (attempt 1/20)...
[2026-04-28T07:20:46.860Z] [INFO] Next.js server not ready yet (attempt 2/20)...
[2026-04-28T07:20:53.884Z] [INFO] Next.js server not ready yet (attempt 3/20)...
[2026-04-28T07:21:00.897Z] [INFO] Next.js server not ready yet (attempt 4/20)...
[2026-04-28T07:21:07.930Z] [INFO] Next.js server not ready yet (attempt 5/20)...
[2026-04-28T07:21:14.936Z] [INFO] Next.js server not ready yet (attempt 6/20)...
[2026-04-28T07:21:21.953Z] [INFO] Next.js server not ready yet (attempt 7/20)...
[2026-04-28T07:21:28.973Z] [INFO] Next.js server not ready yet (attempt 8/20)...
[2026-04-28T07:21:35.984Z] [INFO] Next.js server not ready yet (attempt 9/20)...
[2026-04-28T07:21:43.014Z] [INFO] Next.js server not ready yet (attempt 10/20)...
[2026-04-28T07:21:50.023Z] [INFO] Next.js server not ready yet (attempt 11/20)...
[2026-04-28T07:21:57.041Z] [INFO] Next.js server not ready yet (attempt 12/20)...
[2026-04-28T07:22:04.058Z] [INFO] Next.js server not ready yet (attempt 13/20)...
[2026-04-28T07:22:11.076Z] [INFO] Next.js server not ready yet (attempt 14/20)...
[2026-04-28T07:22:18.099Z] [INFO] Next.js server not ready yet (attempt 15/20)...
[2026-04-28T07:22:25.115Z] [INFO] Next.js server not ready yet (attempt 16/20)...
[2026-04-28T07:22:32.124Z] [INFO] Next.js server not ready yet (attempt 17/20)...
[2026-04-28T07:22:39.148Z] [INFO] Next.js server not ready yet (attempt 18/20)...
[2026-04-28T07:22:46.165Z] [INFO] Next.js server not ready yet (attempt 19/20)...
[2026-04-28T07:22:53.185Z] [INFO] Next.js server not ready yet (attempt 20/20)...
[2026-04-28T07:22:58.191Z] [WARN] ⚠️ Server wait timed out. Starting scheduler anyway, initial run may fail.
[2026-04-28T07:30:00.019Z] [INFO] 🕒 CRON START: Comprehensive Daily Sync (Movies & Content)
[2026-04-28T07:30:00.021Z] [INFO] 🕒 CRON START: Trending Data Sync
[2026-04-28T07:30:10.807Z] [INFO] ✅ CRON SUCCESS: Daily Sync - Daily sync completed. Total new movies: 2
[2026-04-28T07:30:12.988Z] [INFO] ✅ CRON SUCCESS: Trending Data Updated
[2026-04-28T08:00:00.016Z] [INFO] 🕒 CRON START: Trending Data Sync
[2026-04-28T08:00:13.645Z] [INFO] ✅ CRON SUCCESS: Trending Data Updated
[2026-04-28T08:27:00.017Z] [INFO] 🕒 CRON START: Celebrity Scraper
[2026-04-28T08:27:35.016Z] [INFO] ✅ CRON SUCCESS: Bollywood Celebrity Scraper - Successfully synced 10 new celebrities for Bollywood. Skipped 12 existing.
[2026-04-28T08:27:49.306Z] [INFO] ✅ CRON SUCCESS: Hollywood Celebrity Scraper - Successfully synced 10 new celebrities for Hollywood. Skipped 8 existing.
[2026-04-28T08:30:00.024Z] [INFO] 🕒 CRON START: Trending Data Sync
[2026-04-28T08:30:00.025Z] [INFO] 🕒 CRON START: Comprehensive Daily Sync (Movies & Content)
[2026-04-28T08:30:09.695Z] [INFO] ✅ CRON SUCCESS: Daily Sync - Daily sync completed. Total new movies: 2
[2026-04-28T08:30:12.804Z] [INFO] ✅ CRON SUCCESS: Trending Data Updated
[2026-04-28T09:00:00.017Z] [INFO] 🕒 CRON START: Trending Data Sync
[2026-04-28T09:00:15.584Z] [INFO] ✅ CRON SUCCESS: Trending Data Updated
[2026-04-28T09:30:00.022Z] [INFO] 🕒 CRON START: Comprehensive Daily Sync (Movies & Content)
[2026-04-28T09:30:00.023Z] [INFO] 🕒 CRON START: Trending Data Sync
[2026-04-28T09:30:12.314Z] [INFO] ✅ CRON SUCCESS: Daily Sync - Daily sync completed. Total new movies: 2
[2026-04-28T09:30:13.438Z] [INFO] ✅ CRON SUCCESS: Trending Data Updated
[2026-04-28T10:00:00.031Z] [INFO] 🕒 CRON START: Trending Data Sync
[2026-04-28T10:00:15.791Z] [INFO] ✅ CRON SUCCESS: Trending Data Updated
[2026-04-28T10:30:00.014Z] [INFO] 🕒 CRON START: Comprehensive Daily Sync (Movies & Content)
[2026-04-28T10:30:00.015Z] [INFO] 🕒 CRON START: Trending Data Sync
[2026-04-28T10:30:10.881Z] [INFO] ✅ CRON SUCCESS: Daily Sync - Daily sync completed. Total new movies: 2
[2026-04-28T10:30:15.218Z] [INFO] ✅ CRON SUCCESS: Trending Data Updated
[2026-04-28T11:00:00.019Z] [INFO] 🕒 CRON START: Trending Data Sync
[2026-04-28T11:00:14.231Z] [INFO] ✅ CRON SUCCESS: Trending Data Updated
[2026-04-28T11:30:00.028Z] [INFO] 🕒 CRON START: Comprehensive Daily Sync (Movies & Content)
[2026-04-28T11:30:00.029Z] [INFO] 🕒 CRON START: Trending Data Sync
[2026-04-28T11:30:11.160Z] [INFO] ✅ CRON SUCCESS: Daily Sync - Daily sync completed. Total new movies: 2
[2026-04-28T11:30:14.063Z] [INFO] ✅ CRON SUCCESS: Trending Data Updated
[2026-04-28T12:00:00.011Z] [INFO] 🕒 CRON START: Trending Data Sync
[2026-04-28T12:00:17.540Z] [INFO] ✅ CRON SUCCESS: Trending Data Updated
[2026-04-28T12:30:00.020Z] [INFO] 🕒 CRON START: Comprehensive Daily Sync (Movies & Content)
[2026-04-28T12:30:00.021Z] [INFO] 🕒 CRON START: Trending Data Sync
[2026-04-28T12:30:09.162Z] [INFO] ✅ CRON SUCCESS: Daily Sync - Daily sync completed. Total new movies: 2
[2026-04-28T12:30:17.845Z] [INFO] ✅ CRON SUCCESS: Trending Data Updated
[2026-04-28T13:00:00.023Z] [INFO] 🕒 CRON START: Trending Data Sync
[2026-04-28T13:00:21.831Z] [INFO] ✅ CRON SUCCESS: Trending Data Updated
[2026-04-28T13:02:42.433Z] [INFO] Received kill signal, shutting down gracefully...
[2026-04-28T13:02:47.271Z] [INFO] Cron job scheduler background service initiated (Target: http://localhost:3000).
[2026-04-28T13:02:47.272Z] [INFO] Log file location: C:\Users\pc\Downloads\project2\my-project\scheduler.log
[2026-04-28T13:02:47.296Z] [INFO] 🚀 Executing initial automation run...
[2026-04-28T13:02:47.296Z] [INFO] Waiting for Next.js server at http://localhost:3000 to be ready...
[2026-04-28T13:02:47.307Z] [INFO] All cron schedules active. Automation interval: 0 * * * *
[2026-04-28T13:02:47.313Z] [INFO] Next.js server not ready yet (attempt 1/20)...
[2026-04-28T13:02:54.319Z] [INFO] Next.js server not ready yet (attempt 2/20)...
[2026-04-28T13:03:01.342Z] [INFO] Next.js server not ready yet (attempt 3/20)...
[2026-04-28T13:03:08.354Z] [INFO] Next.js server not ready yet (attempt 4/20)...
[2026-04-28T13:03:15.375Z] [INFO] Next.js server not ready yet (attempt 5/20)...
[2026-04-28T13:03:22.398Z] [INFO] Next.js server not ready yet (attempt 6/20)...
[2026-04-28T13:03:29.416Z] [INFO] Next.js server not ready yet (attempt 7/20)...
[2026-04-28T13:03:36.430Z] [INFO] Next.js server not ready yet (attempt 8/20)...
[2026-04-28T13:03:43.458Z] [INFO] Next.js server not ready yet (attempt 9/20)...
[2026-04-28T13:03:50.485Z] [INFO] Next.js server not ready yet (attempt 10/20)...
[2026-04-28T13:03:57.499Z] [INFO] Next.js server not ready yet (attempt 11/20)...
[2026-04-28T13:04:04.518Z] [INFO] Next.js server not ready yet (attempt 12/20)...
[2026-04-28T13:04:11.527Z] [INFO] Next.js server not ready yet (attempt 13/20)...
[2026-04-28T13:04:18.551Z] [INFO] Next.js server not ready yet (attempt 14/20)...
[2026-04-28T13:04:25.569Z] [INFO] Next.js server not ready yet (attempt 15/20)...
[2026-04-28T13:04:32.576Z] [INFO] Next.js server not ready yet (attempt 16/20)...
[2026-04-28T13:04:39.589Z] [INFO] Next.js server not ready yet (attempt 17/20)...
[2026-04-28T13:04:46.596Z] [INFO] Next.js server not ready yet (attempt 18/20)...
[2026-04-28T13:04:53.602Z] [INFO] Next.js server not ready yet (attempt 19/20)...
[2026-04-28T13:05:00.621Z] [INFO] Next.js server not ready yet (attempt 20/20)...
[2026-04-28T13:05:05.627Z] [WARN] ⚠️ Server wait timed out. Starting scheduler anyway, initial run may fail.
[2026-04-28T13:11:01.294Z] [INFO] Received kill signal, shutting down gracefully...
[2026-04-28T13:11:16.908Z] [INFO] Cron job scheduler background service initiated (Target: http://localhost:3000).
[2026-04-28T13:11:16.909Z] [INFO] Log file location: C:\Users\pc\Downloads\project2\my-project\scheduler.log
[2026-04-28T13:11:16.933Z] [INFO] 🚀 Executing initial automation run...
[2026-04-28T13:11:16.934Z] [INFO] Waiting for Next.js server at http://localhost:3000 to be ready...
[2026-04-28T13:11:16.945Z] [INFO] All cron schedules active. Automation interval: 0 * * * *
[2026-04-28T13:11:16.950Z] [INFO] Next.js server not ready yet (attempt 1/20)...
[2026-04-28T13:11:23.972Z] [INFO] Next.js server not ready yet (attempt 2/20)...
[2026-04-28T13:11:30.984Z] [INFO] Next.js server not ready yet (attempt 3/20)...
[2026-04-28T13:11:37.995Z] [INFO] Next.js server not ready yet (attempt 4/20)...
[2026-04-28T13:11:45.007Z] [INFO] Next.js server not ready yet (attempt 5/20)...
[2026-04-28T13:11:52.036Z] [INFO] Next.js server not ready yet (attempt 6/20)...
[2026-04-28T13:11:59.056Z] [INFO] Next.js server not ready yet (attempt 7/20)...
[2026-04-28T13:12:06.075Z] [INFO] Next.js server not ready yet (attempt 8/20)...
[2026-04-28T13:12:13.099Z] [INFO] Next.js server not ready yet (attempt 9/20)...
[2026-04-28T13:12:20.104Z] [INFO] Next.js server not ready yet (attempt 10/20)...
[2026-04-28T13:12:27.116Z] [INFO] Next.js server not ready yet (attempt 11/20)...
[2026-04-28T13:12:34.146Z] [INFO] Next.js server not ready yet (attempt 12/20)...
[2026-04-28T13:12:41.162Z] [INFO] Next.js server not ready yet (attempt 13/20)...
[2026-04-28T13:12:48.175Z] [INFO] Next.js server not ready yet (attempt 14/20)...
[2026-04-28T13:12:55.198Z] [INFO] Next.js server not ready yet (attempt 15/20)...
[2026-04-28T13:13:02.205Z] [INFO] Next.js server not ready yet (attempt 16/20)...
[2026-04-28T13:13:09.229Z] [INFO] Next.js server not ready yet (attempt 17/20)...
[2026-04-28T13:13:16.233Z] [INFO] Next.js server not ready yet (attempt 18/20)...
[2026-04-28T13:13:23.251Z] [INFO] Next.js server not ready yet (attempt 19/20)...
[2026-04-28T13:13:30.259Z] [INFO] Next.js server not ready yet (attempt 20/20)...
[2026-04-28T13:13:35.264Z] [WARN] ⚠️ Server wait timed out. Starting scheduler anyway, initial run may fail.
[2026-04-29T04:39:15.777Z] [INFO] Cron job scheduler background service initiated (Target: http://localhost:3000).
[2026-04-29T04:39:15.778Z] [INFO] Log file location: C:\Users\pc\Downloads\project2\my-project\scheduler.log
[2026-04-29T04:39:15.860Z] [INFO] 🚀 Executing initial automation run...
[2026-04-29T04:39:15.861Z] [INFO] Waiting for Next.js server at http://localhost:3000 to be ready...
[2026-04-29T04:39:15.874Z] [INFO] All cron schedules active. Automation interval: 0 * * * *
[2026-04-29T04:39:15.876Z] [INFO] Next.js server not ready yet (attempt 1/20)...
[2026-04-29T04:39:22.886Z] [INFO] Next.js server not ready yet (attempt 2/20)...
[2026-04-29T04:39:29.903Z] [INFO] Next.js server not ready yet (attempt 3/20)...
[2026-04-29T04:39:36.933Z] [INFO] Next.js server not ready yet (attempt 4/20)...
[2026-04-29T04:39:43.960Z] [INFO] Next.js server not ready yet (attempt 5/20)...
[2026-04-29T04:39:50.973Z] [INFO] Next.js server not ready yet (attempt 6/20)...
[2026-04-29T04:39:57.990Z] [INFO] Next.js server not ready yet (attempt 7/20)...
[2026-04-29T04:40:05.020Z] [INFO] Next.js server not ready yet (attempt 8/20)...
[2026-04-29T04:40:12.050Z] [INFO] Next.js server not ready yet (attempt 9/20)...
[2026-04-29T04:40:19.069Z] [INFO] Next.js server not ready yet (attempt 10/20)...
[2026-04-29T04:40:26.084Z] [INFO] Next.js server not ready yet (attempt 11/20)...
[2026-04-29T04:40:33.100Z] [INFO] Next.js server not ready yet (attempt 12/20)...
[2026-04-29T04:40:40.119Z] [INFO] Next.js server not ready yet (attempt 13/20)...
[2026-04-29T04:40:47.141Z] [INFO] Next.js server not ready yet (attempt 14/20)...
[2026-04-29T04:40:54.168Z] [INFO] Next.js server not ready yet (attempt 15/20)...
[2026-04-29T04:41:01.185Z] [INFO] Next.js server not ready yet (attempt 16/20)...
[2026-04-29T04:41:08.204Z] [INFO] Next.js server not ready yet (attempt 17/20)...
[2026-04-29T04:41:15.216Z] [INFO] Next.js server not ready yet (attempt 18/20)...
[2026-04-29T04:41:22.236Z] [INFO] Next.js server not ready yet (attempt 19/20)...
[2026-04-29T04:41:29.239Z] [INFO] Next.js server not ready yet (attempt 20/20)...
[2026-04-29T04:41:34.250Z] [WARN] ⚠️ Server wait timed out. Starting scheduler anyway, initial run may fail.
[2026-04-29T04:47:31.327Z] [INFO] Received kill signal, shutting down gracefully...
[2026-04-29T04:49:12.811Z] [INFO] Cron job scheduler background service initiated (Target: http://localhost:3000).
[2026-04-29T04:49:12.811Z] [INFO] Log file location: C:\Users\pc\Downloads\project2\my-project\scheduler.log
[2026-04-29T04:49:12.834Z] [INFO] 🚀 Executing initial automation run...
[2026-04-29T04:49:12.835Z] [INFO] Waiting for Next.js server at http://localhost:3000 to be ready...
[2026-04-29T04:49:12.845Z] [INFO] All cron schedules active. Automation interval: 0 * * * *
[2026-04-29T04:49:12.847Z] [INFO] Next.js server not ready yet (attempt 1/20)...
[2026-04-29T04:49:19.873Z] [INFO] Next.js server not ready yet (attempt 2/20)...
[2026-04-29T04:49:26.900Z] [INFO] Next.js server not ready yet (attempt 3/20)...
[2026-04-29T04:49:33.930Z] [INFO] Next.js server not ready yet (attempt 4/20)...
[2026-04-29T04:49:40.943Z] [INFO] Next.js server not ready yet (attempt 5/20)...
[2026-04-29T04:49:47.952Z] [INFO] Next.js server not ready yet (attempt 6/20)...
[2026-04-29T04:49:54.964Z] [INFO] Next.js server not ready yet (attempt 7/20)...
[2026-04-29T04:50:01.971Z] [INFO] Next.js server not ready yet (attempt 8/20)...
[2026-04-29T04:50:08.982Z] [INFO] Next.js server not ready yet (attempt 9/20)...
[2026-04-29T04:50:16.008Z] [INFO] Next.js server not ready yet (attempt 10/20)...
[2026-04-29T04:50:23.032Z] [INFO] Next.js server not ready yet (attempt 11/20)...
[2026-04-29T04:50:30.046Z] [INFO] Next.js server not ready yet (attempt 12/20)...
[2026-04-29T04:50:37.056Z] [INFO] Next.js server not ready yet (attempt 13/20)...
[2026-04-29T04:50:44.067Z] [INFO] Next.js server not ready yet (attempt 14/20)...
[2026-04-29T04:50:51.080Z] [INFO] Next.js server not ready yet (attempt 15/20)...
[2026-04-29T04:50:58.107Z] [INFO] Next.js server not ready yet (attempt 16/20)...
[2026-04-29T04:51:05.122Z] [INFO] Next.js server not ready yet (attempt 17/20)...
[2026-04-29T04:51:12.141Z] [INFO] Next.js server not ready yet (attempt 18/20)...
[2026-04-29T04:51:19.172Z] [INFO] Next.js server not ready yet (attempt 19/20)...
[2026-04-29T04:51:26.196Z] [INFO] Next.js server not ready yet (attempt 20/20)...
[2026-04-29T04:51:31.206Z] [WARN] ⚠️ Server wait timed out. Starting scheduler anyway, initial run may fail.
[2026-04-29T05:00:00.029Z] [INFO] 🕒 CRON START: Trending Data Sync
[2026-04-29T05:00:16.428Z] [INFO] ✅ CRON SUCCESS: Trending Data Updated
[2026-04-29T05:30:00.030Z] [INFO] 🕒 CRON START: Comprehensive Daily Sync (Movies & Content)
[2026-04-29T05:30:00.032Z] [INFO] 💓 Scheduler Heartbeat: Service is active and monitoring.
[2026-04-29T05:30:00.032Z] [INFO] 🕒 CRON START: Trending Data Sync
[2026-04-29T05:30:09.495Z] [INFO] ✅ CRON SUCCESS: Daily Sync - Daily sync completed. Total new movies: 2
[2026-04-29T05:30:13.517Z] [INFO] ✅ CRON SUCCESS: Trending Data Updated
[2026-04-29T05:35:00.017Z] [INFO] 🕒 CRON START: Wikipedia Movie Scraper
[2026-04-29T05:36:04.533Z] [INFO] ✅ CRON SUCCESS: Movie Scraper - Successfully synced 10 movies for 2026
[2026-04-29T05:36:21.046Z] [INFO] Received kill signal, shutting down gracefully...
[2026-04-29T05:36:25.967Z] [INFO] Cron job scheduler background service initiated (Target: http://localhost:3000).
[2026-04-29T05:36:25.968Z] [INFO] Log file location: C:\Users\pc\Downloads\project2\my-project\scheduler.log
[2026-04-29T05:36:25.992Z] [INFO] 🚀 Executing initial automation run...
[2026-04-29T05:36:25.993Z] [INFO] Waiting for Next.js server at http://localhost:3000 to be ready...
[2026-04-29T05:36:26.003Z] [INFO] All cron schedules active. Automation interval: 0 * * * *
[2026-04-29T05:36:26.008Z] [INFO] Next.js server not ready yet (attempt 1/20)...
[2026-04-29T05:36:33.017Z] [INFO] Next.js server not ready yet (attempt 2/20)...
[2026-04-29T05:36:40.043Z] [INFO] Next.js server not ready yet (attempt 3/20)...
[2026-04-29T05:36:47.061Z] [INFO] Next.js server not ready yet (attempt 4/20)...
[2026-04-29T05:36:54.087Z] [INFO] Next.js server not ready yet (attempt 5/20)...
[2026-04-29T05:37:01.099Z] [INFO] Next.js server not ready yet (attempt 6/20)...
[2026-04-29T05:37:08.112Z] [INFO] Next.js server not ready yet (attempt 7/20)...
[2026-04-29T05:37:15.135Z] [INFO] Next.js server not ready yet (attempt 8/20)...
[2026-04-29T05:37:22.151Z] [INFO] Next.js server not ready yet (attempt 9/20)...
[2026-04-29T05:37:29.160Z] [INFO] Next.js server not ready yet (attempt 10/20)...
[2026-04-29T05:37:36.180Z] [INFO] Next.js server not ready yet (attempt 11/20)...
[2026-04-29T05:37:43.194Z] [INFO] Next.js server not ready yet (attempt 12/20)...
[2026-04-29T05:37:50.211Z] [INFO] Next.js server not ready yet (attempt 13/20)...
[2026-04-29T05:37:57.222Z] [INFO] Next.js server not ready yet (attempt 14/20)...
[2026-04-29T05:38:04.247Z] [INFO] Next.js server not ready yet (attempt 15/20)...
[2026-04-29T05:38:11.272Z] [INFO] Next.js server not ready yet (attempt 16/20)...
[2026-04-29T05:38:18.295Z] [INFO] Next.js server not ready yet (attempt 17/20)...
[2026-04-29T05:38:25.302Z] [INFO] Next.js server not ready yet (attempt 18/20)...
[2026-04-29T05:38:32.322Z] [INFO] Next.js server not ready yet (attempt 19/20)...
[2026-04-29T05:38:39.342Z] [INFO] Next.js server not ready yet (attempt 20/20)...
[2026-04-29T05:38:44.356Z] [WARN] ⚠️ Server wait timed out. Starting scheduler anyway, initial run may fail.
[2026-04-29T05:50:00.027Z] [INFO] 🕒 CRON START: Daily Box Office & OTT Refresh
[2026-04-29T05:50:00.515Z] [INFO] 📊 Refreshing data for 31 recent movies
[2026-04-29T05:50:04.337Z] [INFO] ✅ Refreshed data for hai-jawani-toh-ishq-hona-hai
[2026-04-29T05:50:07.715Z] [INFO] ✅ Refreshed data for aakhri-sawal
[2026-04-29T05:50:11.428Z] [INFO] ✅ Refreshed data for main-actor-nahin-hoon
[2026-04-29T05:50:14.725Z] [INFO] ✅ Refreshed data for les-amies-de-ma-femme
[2026-04-29T05:50:18.078Z] [INFO] ✅ Refreshed data for princess-jasnenka-and-the-flying-shoemaker
[2026-04-29T05:50:20.745Z] [INFO] ✅ Refreshed data for get-carter
[2026-04-29T05:50:24.021Z] [INFO] ✅ Refreshed data for barbers-tales
[2026-04-29T05:50:26.838Z] [INFO] ✅ Refreshed data for cool-hand-luke
[2026-04-29T05:50:29.652Z] [INFO] ✅ Refreshed data for blue-hill-avenue
[2026-04-29T05:50:32.685Z] [INFO] ✅ Refreshed data for the-night-of-the-shooting-stars
[2026-04-29T05:50:36.287Z] [INFO] ✅ Refreshed data for red-scorpion
[2026-04-29T05:50:40.526Z] [INFO] ✅ Refreshed data for queen-of-katwe
[2026-04-29T05:50:44.233Z] [INFO] ✅ Refreshed data for lenny
[2026-04-29T05:50:46.915Z] [INFO] ✅ Refreshed data for la-liceale
[2026-04-29T05:50:51.049Z] [INFO] ✅ Refreshed data for case-of-the-naves-brothers
[2026-04-29T05:50:54.308Z] [INFO] ✅ Refreshed data for stealing-heaven
[2026-04-29T05:50:58.329Z] [INFO] ✅ Refreshed data for the-tin-drum
[2026-04-29T05:51:02.498Z] [INFO] ✅ Refreshed data for a-cat-in-paris
[2026-04-29T05:51:05.514Z] [INFO] ✅ Refreshed data for mirzapur
[2026-04-29T05:51:09.192Z] [INFO] ✅ Refreshed data for ek-din
[2026-04-29T05:51:12.674Z] [INFO] ✅ Refreshed data for mallari
[2026-04-29T05:51:16.572Z] [INFO] ✅ Refreshed data for tu-yaa-main
[2026-04-29T05:51:17.184Z] [INFO] ✅ Refreshed data for bhabiji-ghar-par-hain-fun-on-the-run
[2026-04-29T05:51:20.156Z] [INFO] ✅ Refreshed data for azad-bharath
[2026-04-29T05:51:21.109Z] [INFO] ✅ Refreshed data for bharatiya-digital-party
[2026-04-29T05:51:24.602Z] [INFO] ✅ Refreshed data for bhanwar
[2026-04-29T05:51:25.216Z] [INFO] ✅ Refreshed data for back-benchers
[2026-04-29T05:51:27.876Z] [INFO] ✅ Refreshed data for anusandhan
[2026-04-29T05:51:28.266Z] [INFO] ✅ Refreshed data for andhar-maya
[2026-04-29T05:51:28.632Z] [INFO] ✅ Refreshed data for alma-matters-inside-the-iit-dream
[2026-04-29T05:51:31.320Z] [INFO] ✅ Refreshed data for all-india-bakchod
[2026-04-29T05:51:31.321Z] [INFO] ✅ CRON COMPLETE: Daily Data Refresh for 31 movies
[2026-04-29T06:00:00.032Z] [INFO] 🕒 CRON START: Trending Data Sync
[2026-04-29T06:00:15.218Z] [INFO] ✅ CRON SUCCESS: Trending Data Updated
[2026-04-29T06:15:44.776Z] [INFO] Received kill signal, shutting down gracefully...
[2026-04-29T06:16:37.497Z] [INFO] Cron job scheduler background service initiated (Target: http://localhost:3000).
[2026-04-29T06:16:37.498Z] [INFO] Log file location: C:\Users\pc\Downloads\project2\my-project\scheduler.log
[2026-04-29T06:16:37.521Z] [INFO] 🚀 Executing initial automation run...
[2026-04-29T06:16:37.522Z] [INFO] Waiting for Next.js server at http://localhost:3000 to be ready...
[2026-04-29T06:16:37.533Z] [INFO] All cron schedules active. Automation interval: 0 * * * *
[2026-04-29T06:16:37.535Z] [INFO] Next.js server not ready yet (attempt 1/20)...
[2026-04-29T06:16:44.548Z] [INFO] Next.js server not ready yet (attempt 2/20)...
[2026-04-29T06:16:51.566Z] [INFO] Next.js server not ready yet (attempt 3/20)...
[2026-04-29T06:16:58.578Z] [INFO] Next.js server not ready yet (attempt 4/20)...
[2026-04-29T06:17:05.605Z] [INFO] Next.js server not ready yet (attempt 5/20)...
[2026-04-29T06:17:12.628Z] [INFO] Next.js server not ready yet (attempt 6/20)...
[2026-04-29T06:17:19.645Z] [INFO] Next.js server not ready yet (attempt 7/20)...
[2026-04-29T06:17:26.674Z] [INFO] Next.js server not ready yet (attempt 8/20)...
[2026-04-29T06:17:33.685Z] [INFO] Next.js server not ready yet (attempt 9/20)...
[2026-04-29T06:17:40.707Z] [INFO] Next.js server not ready yet (attempt 10/20)...
[2026-04-29T06:17:47.729Z] [INFO] Next.js server not ready yet (attempt 11/20)...
[2026-04-29T06:17:54.757Z] [INFO] Next.js server not ready yet (attempt 12/20)...
[2026-04-29T06:18:01.779Z] [INFO] Next.js server not ready yet (attempt 13/20)...
[2026-04-29T06:18:08.808Z] [INFO] Next.js server not ready yet (attempt 14/20)...
[2026-04-29T06:18:15.829Z] [INFO] Next.js server not ready yet (attempt 15/20)...
[2026-04-29T06:18:22.837Z] [INFO] Next.js server not ready yet (attempt 16/20)...
[2026-04-29T06:18:29.854Z] [INFO] Next.js server not ready yet (attempt 17/20)...
[2026-04-29T06:18:36.885Z] [INFO] Next.js server not ready yet (attempt 18/20)...
[2026-04-29T06:18:43.901Z] [INFO] Next.js server not ready yet (attempt 19/20)...
[2026-04-29T06:18:50.929Z] [INFO] Next.js server not ready yet (attempt 20/20)...
[2026-04-29T06:18:55.940Z] [WARN] ⚠️ Server wait timed out. Starting scheduler anyway, initial run may fail.
[2026-04-29T06:20:21.469Z] [INFO] Received kill signal, shutting down gracefully...
[2026-04-29T06:20:25.862Z] [INFO] Cron job scheduler background service initiated (Target: http://localhost:3000).
[2026-04-29T06:20:25.863Z] [INFO] Log file location: C:\Users\pc\Downloads\project2\my-project\scheduler.log
[2026-04-29T06:20:25.887Z] [INFO] 🚀 Executing initial automation run...
[2026-04-29T06:20:25.887Z] [INFO] Waiting for Next.js server at http://localhost:3000 to be ready...
[2026-04-29T06:20:25.898Z] [INFO] All cron schedules active. Automation interval: 0 * * * *
[2026-04-29T06:20:25.904Z] [INFO] Next.js server not ready yet (attempt 1/20)...
[2026-04-29T06:20:32.919Z] [INFO] Next.js server not ready yet (attempt 2/20)...
[2026-04-29T06:20:39.944Z] [INFO] Next.js server not ready yet (attempt 3/20)...
[2026-04-29T06:20:46.958Z] [INFO] Next.js server not ready yet (attempt 4/20)...
[2026-04-29T06:20:53.987Z] [INFO] Next.js server not ready yet (attempt 5/20)...
[2026-04-29T06:21:00.999Z] [INFO] Next.js server not ready yet (attempt 6/20)...
[2026-04-29T06:21:08.019Z] [INFO] Next.js server not ready yet (attempt 7/20)...
[2026-04-29T06:21:15.036Z] [INFO] Next.js server not ready yet (attempt 8/20)...
[2026-04-29T06:21:22.045Z] [INFO] Next.js server not ready yet (attempt 9/20)...
[2026-04-29T06:21:29.060Z] [INFO] Next.js server not ready yet (attempt 10/20)...
[2026-04-29T06:21:36.073Z] [INFO] Next.js server not ready yet (attempt 11/20)...
[2026-04-29T06:21:43.075Z] [INFO] Next.js server not ready yet (attempt 12/20)...
[2026-04-29T06:21:50.090Z] [INFO] Next.js server not ready yet (attempt 13/20)...
[2026-04-29T06:21:57.111Z] [INFO] Next.js server not ready yet (attempt 14/20)...
[2026-04-29T06:22:04.124Z] [INFO] Next.js server not ready yet (attempt 15/20)...
[2026-04-29T06:22:11.135Z] [INFO] Next.js server not ready yet (attempt 16/20)...
[2026-04-29T06:22:18.141Z] [INFO] Next.js server not ready yet (attempt 17/20)...
[2026-04-29T06:22:25.168Z] [INFO] Next.js server not ready yet (attempt 18/20)...
[2026-04-29T06:22:32.183Z] [INFO] Next.js server not ready yet (attempt 19/20)...
[2026-04-29T06:22:37.318Z] [INFO] Next.js server not ready yet (attempt 20/20)...
[2026-04-29T06:22:42.326Z] [WARN] ⚠️ Server wait timed out. Starting scheduler anyway, initial run may fail.
[2026-04-29T06:22:52.903Z] [INFO] Received kill signal, shutting down gracefully...
[2026-04-29T06:23:03.637Z] [INFO] Cron job scheduler background service initiated (Target: http://localhost:3000).
[2026-04-29T06:23:03.638Z] [INFO] Log file location: C:\Users\pc\Downloads\project2\my-project\scheduler.log
[2026-04-29T06:23:03.663Z] [INFO] 🚀 Executing initial automation run...
[2026-04-29T06:23:03.663Z] [INFO] Waiting for Next.js server at http://localhost:3000 to be ready...
[2026-04-29T06:23:03.674Z] [INFO] All cron schedules active. Automation interval: 0 * * * *
[2026-04-29T06:23:03.677Z] [INFO] Next.js server not ready yet (attempt 1/20)...
[2026-04-29T06:23:10.693Z] [INFO] Next.js server not ready yet (attempt 2/20)...
[2026-04-29T06:23:17.706Z] [INFO] Next.js server not ready yet (attempt 3/20)...
[2026-04-29T06:23:24.731Z] [INFO] Next.js server not ready yet (attempt 4/20)...
[2026-04-29T06:23:31.744Z] [INFO] Next.js server not ready yet (attempt 5/20)...
[2026-04-29T06:23:38.769Z] [INFO] Next.js server not ready yet (attempt 6/20)...
[2026-04-29T06:23:45.796Z] [INFO] Next.js server not ready yet (attempt 7/20)...
[2026-04-29T06:23:52.824Z] [INFO] Next.js server not ready yet (attempt 8/20)...
[2026-04-29T06:23:59.854Z] [INFO] Next.js server not ready yet (attempt 9/20)...
[2026-04-29T06:24:06.881Z] [INFO] Next.js server not ready yet (attempt 10/20)...
[2026-04-29T06:24:13.897Z] [INFO] Next.js server not ready yet (attempt 11/20)...
[2026-04-29T06:24:20.920Z] [INFO] Next.js server not ready yet (attempt 12/20)...
[2026-04-29T06:24:27.943Z] [INFO] Next.js server not ready yet (attempt 13/20)...
[2026-04-29T06:24:34.956Z] [INFO] Next.js server not ready yet (attempt 14/20)...
[2026-04-29T06:24:41.973Z] [INFO] Next.js server not ready yet (attempt 15/20)...
[2026-04-29T06:24:48.989Z] [INFO] Next.js server not ready yet (attempt 16/20)...
[2026-04-29T06:24:56.009Z] [INFO] Next.js server not ready yet (attempt 17/20)...
[2026-04-29T06:25:03.036Z] [INFO] Next.js server not ready yet (attempt 18/20)...
[2026-04-29T06:25:10.063Z] [INFO] Next.js server not ready yet (attempt 19/20)...
[2026-04-29T06:25:17.082Z] [INFO] Next.js server not ready yet (attempt 20/20)...
[2026-04-29T06:25:22.089Z] [WARN] ⚠️ Server wait timed out. Starting scheduler anyway, initial run may fail.
[2026-04-29T06:30:00.016Z] [INFO] 🕒 CRON START: Comprehensive Daily Sync (Movies & Content)
[2026-04-29T06:30:00.018Z] [INFO] 🕒 CRON START: Trending Data Sync
[2026-04-29T06:30:11.681Z] [INFO] ✅ CRON SUCCESS: Daily Sync - Daily sync completed. Total new movies: 2
[2026-04-29T06:30:39.174Z] [INFO] ✅ CRON SUCCESS: Trending Data Updated
[2026-04-29T07:00:00.030Z] [INFO] 🕒 CRON START: Trending Data Sync
[2026-04-29T07:00:17.463Z] [INFO] ✅ CRON SUCCESS: Trending Data Updated
[2026-04-29T07:30:00.023Z] [INFO] 🕒 CRON START: Comprehensive Daily Sync (Movies & Content)
[2026-04-29T07:30:00.024Z] [INFO] 🕒 CRON START: Trending Data Sync
[2026-04-29T07:30:11.427Z] [INFO] ✅ CRON SUCCESS: Daily Sync - Daily sync completed. Total new movies: 2
[2026-04-29T07:30:20.805Z] [INFO] ✅ CRON SUCCESS: Trending Data Updated
[2026-04-29T07:31:44.590Z] [INFO] Received kill signal, shutting down gracefully...
[2026-04-29T07:31:52.714Z] [INFO] Cron job scheduler background service initiated (Target: http://localhost:3000).
[2026-04-29T07:31:52.714Z] [INFO] Log file location: C:\Users\pc\Downloads\project2\my-project\scheduler.log
[2026-04-29T07:31:52.739Z] [INFO] 🚀 Executing initial automation run...
[2026-04-29T07:31:52.739Z] [INFO] Waiting for Next.js server at http://localhost:3000 to be ready...
[2026-04-29T07:31:52.751Z] [INFO] All cron schedules active. Automation interval: 0 * * * *
[2026-04-29T07:31:52.757Z] [INFO] Next.js server not ready yet (attempt 1/20)...
[2026-04-29T07:31:59.782Z] [INFO] Next.js server not ready yet (attempt 2/20)...
[2026-04-29T07:32:06.805Z] [INFO] Next.js server not ready yet (attempt 3/20)...
[2026-04-29T07:32:13.815Z] [INFO] Next.js server not ready yet (attempt 4/20)...
[2026-04-29T07:32:20.828Z] [INFO] Next.js server not ready yet (attempt 5/20)...
[2026-04-29T07:32:27.843Z] [INFO] Next.js server not ready yet (attempt 6/20)...
[2026-04-29T07:32:34.864Z] [INFO] Next.js server not ready yet (attempt 7/20)...
[2026-04-29T07:32:41.882Z] [INFO] Next.js server not ready yet (attempt 8/20)...
[2026-04-29T07:32:59.355Z] [INFO] Cron job scheduler background service initiated (Target: http://localhost:3000).
[2026-04-29T07:32:59.355Z] [INFO] Log file location: C:\Users\pc\Downloads\project2\my-project\scheduler.log
[2026-04-29T07:32:59.380Z] [INFO] 🚀 Executing initial automation run...
[2026-04-29T07:32:59.380Z] [INFO] Waiting for Next.js server at http://localhost:3000 to be ready...
[2026-04-29T07:32:59.391Z] [INFO] All cron schedules active. Automation interval: 0 * * * *
[2026-04-29T07:32:59.396Z] [INFO] Next.js server not ready yet (attempt 1/20)...
[2026-04-29T07:33:06.415Z] [INFO] Next.js server not ready yet (attempt 2/20)...
[2026-04-29T07:33:13.441Z] [INFO] Next.js server not ready yet (attempt 3/20)...
[2026-04-29T07:33:20.466Z] [INFO] Next.js server not ready yet (attempt 4/20)...
[2026-04-29T07:33:27.480Z] [INFO] Next.js server not ready yet (attempt 5/20)...
[2026-04-29T07:33:34.501Z] [INFO] Next.js server not ready yet (attempt 6/20)...
[2026-04-29T07:33:41.521Z] [INFO] Next.js server not ready yet (attempt 7/20)...
[2026-04-29T07:33:48.535Z] [INFO] Next.js server not ready yet (attempt 8/20)...
[2026-04-29T07:33:55.555Z] [INFO] Next.js server not ready yet (attempt 9/20)...
[2026-04-29T07:34:02.572Z] [INFO] Next.js server not ready yet (attempt 10/20)...
[2026-04-29T07:34:09.594Z] [INFO] Next.js server not ready yet (attempt 11/20)...
[2026-04-29T07:34:16.613Z] [INFO] Next.js server not ready yet (attempt 12/20)...
[2026-04-29T07:34:23.640Z] [INFO] Next.js server not ready yet (attempt 13/20)...
[2026-04-29T07:34:30.649Z] [INFO] Next.js server not ready yet (attempt 14/20)...
[2026-04-29T07:34:37.673Z] [INFO] Next.js server not ready yet (attempt 15/20)...
[2026-04-29T07:34:44.686Z] [INFO] Next.js server not ready yet (attempt 16/20)...
[2026-04-29T07:34:51.700Z] [INFO] Next.js server not ready yet (attempt 17/20)...
[2026-04-29T07:34:58.728Z] [INFO] Next.js server not ready yet (attempt 18/20)...
[2026-04-29T07:35:05.734Z] [INFO] Next.js server not ready yet (attempt 19/20)...
[2026-04-29T07:35:12.746Z] [INFO] Next.js server not ready yet (attempt 20/20)...
[2026-04-29T07:35:17.754Z] [WARN] ⚠️ Server wait timed out. Starting scheduler anyway, initial run may fail.
[2026-04-29T08:00:00.023Z] [INFO] 🕒 CRON START: Trending Data Sync
[2026-04-29T08:00:14.188Z] [INFO] ✅ CRON SUCCESS: Trending Data Updated
[2026-04-29T08:27:00.020Z] [INFO] 🕒 CRON START: Celebrity Scraper
[2026-04-29T08:27:33.212Z] [INFO] ✅ CRON SUCCESS: Bollywood Celebrity Scraper - Successfully synced 10 new celebrities for Bollywood. Skipped 5 existing.
[2026-04-29T08:27:43.816Z] [INFO] ✅ CRON SUCCESS: Hollywood Celebrity Scraper - Successfully synced 10 new celebrities for Hollywood. Skipped 3 existing.
[2026-04-29T08:30:00.017Z] [INFO] 🕒 CRON START: Comprehensive Daily Sync (Movies & Content)
[2026-04-29T08:30:00.018Z] [INFO] 🕒 CRON START: Trending Data Sync
[2026-04-29T08:30:09.223Z] [INFO] ✅ CRON SUCCESS: Daily Sync - Daily sync completed. Total new movies: 2
[2026-04-29T08:30:13.331Z] [INFO] ✅ CRON SUCCESS: Trending Data Updated
[2026-04-29T09:00:00.031Z] [INFO] 🕒 CRON START: Trending Data Sync
[2026-04-29T09:00:18.690Z] [INFO] ✅ CRON SUCCESS: Trending Data Updated
[2026-04-29T09:30:00.027Z] [INFO] 🕒 CRON START: Comprehensive Daily Sync (Movies & Content)
[2026-04-29T09:30:00.029Z] [INFO] 🕒 CRON START: Trending Data Sync
[2026-04-29T09:30:08.998Z] [INFO] ✅ CRON SUCCESS: Daily Sync - Daily sync completed. Total new movies: 2
[2026-04-29T09:30:15.347Z] [INFO] ✅ CRON SUCCESS: Trending Data Updated
[2026-04-29T10:00:00.024Z] [INFO] 🕒 CRON START: Trending Data Sync
[2026-04-29T10:00:13.628Z] [INFO] ✅ CRON SUCCESS: Trending Data Updated
[2026-04-29T10:30:00.021Z] [INFO] 🕒 CRON START: Comprehensive Daily Sync (Movies & Content)
[2026-04-29T10:30:00.022Z] [INFO] 🕒 CRON START: Trending Data Sync
[2026-04-29T10:30:10.098Z] [INFO] ✅ CRON SUCCESS: Daily Sync - Daily sync completed. Total new movies: 2
[2026-04-29T10:30:14.618Z] [INFO] ✅ CRON SUCCESS: Trending Data Updated
[2026-04-29T11:00:00.031Z] [INFO] 🕒 CRON START: Trending Data Sync
[2026-04-29T11:00:14.185Z] [INFO] ✅ CRON SUCCESS: Trending Data Updated
[2026-04-29T11:24:24.705Z] [INFO] Received kill signal, shutting down gracefully...
[2026-04-29T11:30:00.590Z] [INFO] 🕒 CRON START: Comprehensive Daily Sync (Movies & Content)
[2026-04-29T11:30:00.638Z] [INFO] 🕒 CRON START: Trending Data Sync
[2026-04-29T11:30:08.571Z] [INFO] ✅ CRON SUCCESS: Trending Data Updated
[2026-04-29T11:32:14.047Z] [INFO] ✅ CRON SUCCESS: Daily Sync - Daily sync completed. Total new movies: 2
[2026-04-29T11:33:21.768Z] [INFO] Received kill signal, shutting down gracefully...
[2026-04-29T11:33:32.234Z] [INFO] Cron job scheduler background service initiated (Target: http://localhost:3000).
[2026-04-29T11:33:32.238Z] [INFO] Log file location: C:\Users\jnj\Desktop\DigLip7\filmy\film\scheduler.log
[2026-04-29T11:33:32.519Z] [INFO] 🚀 Executing initial automation run...
[2026-04-29T11:33:32.522Z] [INFO] Waiting for Next.js server at http://localhost:3000 to be ready...
[2026-04-29T11:33:32.584Z] [INFO] All cron schedules active. Automation interval: 0 * * * *
[2026-04-29T11:33:32.619Z] [INFO] Next.js server not ready yet (attempt 1/20)...
[2026-04-29T11:33:39.644Z] [INFO] Next.js server not ready yet (attempt 2/20)...
[2026-04-29T11:33:45.848Z] [INFO] ✅ Next.js server is ready. Starting automation.
[2026-04-29T11:33:45.851Z] [INFO] 🕒 CRON START: Comprehensive Daily Sync (Movies & Content)
[2026-04-29T11:33:45.864Z] [INFO] 🕒 CRON START: Celebrity Scraper
[2026-04-29T11:34:59.597Z] [INFO] ✅ CRON SUCCESS: Bollywood Celebrity Scraper - Successfully synced 10 new celebrities for Bollywood. Skipped 13 existing.
[2026-04-29T11:35:15.877Z] [INFO] ✅ CRON SUCCESS: Hollywood Celebrity Scraper - Successfully synced 10 new celebrities for Hollywood. Skipped 11 existing.
[2026-04-29T11:36:24.325Z] [INFO] ✅ CRON SUCCESS: Daily Sync - Daily sync completed. Total new movies: 2
[2026-04-30T10:30:54.981Z] [INFO] Cron job scheduler background service initiated (Target: http://localhost:3000).
[2026-04-30T10:30:54.982Z] [INFO] Log file location: C:\Users\pc\Downloads\project2\my-project\scheduler.log
[2026-04-30T10:30:55.008Z] [INFO] 🚀 Executing initial automation run...
[2026-04-30T10:30:55.008Z] [INFO] Waiting for Next.js server at http://localhost:3000 to be ready...
[2026-04-30T10:30:55.019Z] [INFO] All cron schedules active. Automation interval: 0 * * * *
[2026-04-30T10:30:55.024Z] [INFO] Next.js server not ready yet (attempt 1/20)...
[2026-04-30T10:31:02.036Z] [INFO] Next.js server not ready yet (attempt 2/20)...
[2026-04-30T10:31:09.062Z] [INFO] Next.js server not ready yet (attempt 3/20)...
[2026-04-30T10:31:16.077Z] [INFO] Next.js server not ready yet (attempt 4/20)...
[2026-04-30T10:31:23.084Z] [INFO] Next.js server not ready yet (attempt 5/20)...
[2026-04-30T10:31:30.111Z] [INFO] Next.js server not ready yet (attempt 6/20)...
[2026-04-30T10:31:37.122Z] [INFO] Next.js server not ready yet (attempt 7/20)...
[2026-04-30T10:31:44.139Z] [INFO] Next.js server not ready yet (attempt 8/20)...
[2026-04-30T10:31:51.162Z] [INFO] Next.js server not ready yet (attempt 9/20)...
[2026-04-30T10:31:58.172Z] [INFO] Next.js server not ready yet (attempt 10/20)...
[2026-04-30T10:32:05.184Z] [INFO] Next.js server not ready yet (attempt 11/20)...
[2026-04-30T10:32:12.199Z] [INFO] Next.js server not ready yet (attempt 12/20)...
[2026-04-30T10:32:19.216Z] [INFO] Next.js server not ready yet (attempt 13/20)...
[2026-04-30T10:32:26.247Z] [INFO] Next.js server not ready yet (attempt 14/20)...
[2026-04-30T10:32:33.262Z] [INFO] Next.js server not ready yet (attempt 15/20)...
[2026-04-30T10:32:40.266Z] [INFO] Next.js server not ready yet (attempt 16/20)...
[2026-04-30T10:32:47.267Z] [INFO] Next.js server not ready yet (attempt 17/20)...
[2026-04-30T10:32:54.280Z] [INFO] Next.js server not ready yet (attempt 18/20)...
[2026-04-30T10:33:01.293Z] [INFO] Next.js server not ready yet (attempt 19/20)...
[2026-04-30T10:33:08.307Z] [INFO] Next.js server not ready yet (attempt 20/20)...
[2026-04-30T10:33:13.320Z] [WARN] ⚠️ Server wait timed out. Starting scheduler anyway, initial run may fail.
[2026-04-30T10:38:49.822Z] [INFO] Cron job scheduler background service initiated (Target: http://localhost:3000).
[2026-04-30T10:38:49.823Z] [INFO] Log file location: C:\Users\pc\Downloads\project2\my-project\scheduler.log
[2026-04-30T10:38:49.891Z] [INFO] 🚀 Executing initial automation run...
[2026-04-30T10:38:49.891Z] [INFO] Waiting for Next.js server at http://localhost:3000 to be ready...
[2026-04-30T10:38:49.903Z] [INFO] All cron schedules active. Automation interval: 0 * * * *
[2026-04-30T10:38:49.909Z] [INFO] Next.js server not ready yet (attempt 1/20)...
[2026-04-30T10:38:56.919Z] [INFO] Next.js server not ready yet (attempt 2/20)...
[2026-04-30T10:39:03.942Z] [INFO] Next.js server not ready yet (attempt 3/20)...
[2026-04-30T10:39:10.982Z] [INFO] Next.js server not ready yet (attempt 4/20)...
[2026-04-30T10:39:17.997Z] [INFO] Next.js server not ready yet (attempt 5/20)...
[2026-04-30T10:39:25.023Z] [INFO] Next.js server not ready yet (attempt 6/20)...
[2026-04-30T10:39:32.053Z] [INFO] Next.js server not ready yet (attempt 7/20)...
[2026-04-30T10:39:39.069Z] [INFO] Next.js server not ready yet (attempt 8/20)...
[2026-04-30T10:39:46.094Z] [INFO] Next.js server not ready yet (attempt 9/20)...
[2026-04-30T10:39:53.104Z] [INFO] Next.js server not ready yet (attempt 10/20)...
[2026-04-30T10:40:00.131Z] [INFO] Next.js server not ready yet (attempt 11/20)...
[2026-04-30T10:40:07.159Z] [INFO] Next.js server not ready yet (attempt 12/20)...
[2026-04-30T10:40:14.171Z] [INFO] Next.js server not ready yet (attempt 13/20)...
[2026-04-30T10:40:21.184Z] [INFO] Next.js server not ready yet (attempt 14/20)...
[2026-04-30T10:40:28.192Z] [INFO] Next.js server not ready yet (attempt 15/20)...
[2026-04-30T10:40:35.198Z] [INFO] Next.js server not ready yet (attempt 16/20)...
[2026-04-30T10:40:42.225Z] [INFO] Next.js server not ready yet (attempt 17/20)...
[2026-04-30T10:40:49.251Z] [INFO] Next.js server not ready yet (attempt 18/20)...
[2026-04-30T10:41:01.860Z] [INFO] Next.js server not ready yet (attempt 19/20)...
[2026-04-30T10:41:08.866Z] [INFO] Next.js server not ready yet (attempt 20/20)...
[2026-04-30T10:41:13.872Z] [WARN] ⚠️ Server wait timed out. Starting scheduler anyway, initial run may fail.
[2026-04-30T10:44:11.229Z] [INFO] Cron job scheduler background service initiated (Target: http://localhost:3000).
[2026-04-30T10:44:11.230Z] [INFO] Log file location: C:\Users\pc\Downloads\project2\my-project\scheduler.log
[2026-04-30T10:44:11.255Z] [INFO] 🚀 Executing initial automation run...
[2026-04-30T10:44:11.255Z] [INFO] Waiting for Next.js server at http://localhost:3000 to be ready...
[2026-04-30T10:44:11.266Z] [INFO] All cron schedules active. Automation interval: 0 * * * *
[2026-04-30T10:44:11.268Z] [INFO] Next.js server not ready yet (attempt 1/20)...
[2026-04-30T10:44:18.286Z] [INFO] Next.js server not ready yet (attempt 2/20)...
[2026-04-30T10:44:25.300Z] [INFO] Next.js server not ready yet (attempt 3/20)...
[2026-04-30T10:44:32.318Z] [INFO] Next.js server not ready yet (attempt 4/20)...
[2026-04-30T10:44:39.343Z] [INFO] Next.js server not ready yet (attempt 5/20)...
[2026-04-30T10:44:46.366Z] [INFO] Next.js server not ready yet (attempt 6/20)...
[2026-04-30T10:44:53.373Z] [INFO] Next.js server not ready yet (attempt 7/20)...
[2026-04-30T10:45:00.396Z] [INFO] Next.js server not ready yet (attempt 8/20)...
[2026-04-30T10:45:07.410Z] [INFO] Next.js server not ready yet (attempt 9/20)...
[2026-04-30T10:45:14.438Z] [INFO] Next.js server not ready yet (attempt 10/20)...
[2026-04-30T10:45:21.454Z] [INFO] Next.js server not ready yet (attempt 11/20)...
[2026-04-30T10:45:28.468Z] [INFO] Next.js server not ready yet (attempt 12/20)...
[2026-04-30T10:45:35.482Z] [INFO] Next.js server not ready yet (attempt 13/20)...
[2026-04-30T10:45:42.503Z] [INFO] Next.js server not ready yet (attempt 14/20)...
[2026-04-30T10:45:49.519Z] [INFO] Next.js server not ready yet (attempt 15/20)...
[2026-04-30T10:45:56.530Z] [INFO] Next.js server not ready yet (attempt 16/20)...
[2026-04-30T10:46:03.545Z] [INFO] Next.js server not ready yet (attempt 17/20)...
[2026-04-30T10:46:10.573Z] [INFO] Next.js server not ready yet (attempt 18/20)...
[2026-04-30T10:46:17.586Z] [INFO] Next.js server not ready yet (attempt 19/20)...
[2026-04-30T10:46:24.611Z] [INFO] Next.js server not ready yet (attempt 20/20)...
[2026-04-30T10:46:29.624Z] [WARN] ⚠️ Server wait timed out. Starting scheduler anyway, initial run may fail.
[2026-04-30T10:50:37.582Z] [INFO] Received kill signal, shutting down gracefully...
[2026-04-30T10:50:44.403Z] [INFO] Cron job scheduler background service initiated (Target: http://localhost:3000).
[2026-04-30T10:50:44.404Z] [INFO] Log file location: C:\Users\pc\Downloads\project2\my-project\scheduler.log
[2026-04-30T10:50:44.430Z] [INFO] 🚀 Executing initial automation run...
[2026-04-30T10:50:44.430Z] [INFO] Waiting for Next.js server at http://localhost:3000 to be ready...
[2026-04-30T10:50:44.441Z] [INFO] All cron schedules active. Automation interval: 0 * * * *
[2026-04-30T10:50:44.443Z] [INFO] Next.js server not ready yet (attempt 1/20)...
[2026-04-30T10:50:51.455Z] [INFO] Next.js server not ready yet (attempt 2/20)...
[2026-04-30T10:50:58.461Z] [INFO] Next.js server not ready yet (attempt 3/20)...
[2026-04-30T10:51:05.475Z] [INFO] Next.js server not ready yet (attempt 4/20)...
[2026-04-30T10:51:12.488Z] [INFO] Next.js server not ready yet (attempt 5/20)...
[2026-04-30T10:51:19.504Z] [INFO] Next.js server not ready yet (attempt 6/20)...
[2026-04-30T10:51:26.517Z] [INFO] Next.js server not ready yet (attempt 7/20)...
[2026-04-30T10:51:33.536Z] [INFO] Next.js server not ready yet (attempt 8/20)...
[2026-04-30T10:51:40.556Z] [INFO] Next.js server not ready yet (attempt 9/20)...
[2026-04-30T10:51:47.576Z] [INFO] Next.js server not ready yet (attempt 10/20)...
[2026-04-30T10:51:54.596Z] [INFO] Next.js server not ready yet (attempt 11/20)...
[2026-04-30T10:52:01.624Z] [INFO] Next.js server not ready yet (attempt 12/20)...
[2026-04-30T10:52:08.651Z] [INFO] Next.js server not ready yet (attempt 13/20)...
[2026-04-30T10:52:15.679Z] [INFO] Next.js server not ready yet (attempt 14/20)...
[2026-04-30T10:52:22.704Z] [INFO] Next.js server not ready yet (attempt 15/20)...
[2026-04-30T10:52:29.717Z] [INFO] Next.js server not ready yet (attempt 16/20)...
[2026-04-30T10:52:36.731Z] [INFO] Next.js server not ready yet (attempt 17/20)...
[2026-04-30T10:52:43.748Z] [INFO] Next.js server not ready yet (attempt 18/20)...
[2026-04-30T10:52:50.773Z] [INFO] Next.js server not ready yet (attempt 19/20)...
[2026-04-30T10:52:57.797Z] [INFO] Next.js server not ready yet (attempt 20/20)...
[2026-04-30T10:53:02.810Z] [WARN] ⚠️ Server wait timed out. Starting scheduler anyway, initial run may fail.
[2026-04-30T10:54:12.956Z] [INFO] Received kill signal, shutting down gracefully...
[2026-04-30T10:54:56.779Z] [INFO] Cron job scheduler background service initiated (Target: http://localhost:3000).
[2026-04-30T10:54:56.780Z] [INFO] Log file location: C:\Users\pc\Downloads\project2\my-project\scheduler.log
[2026-04-30T10:54:56.806Z] [INFO] 🚀 Executing initial automation run...
[2026-04-30T10:54:56.807Z] [INFO] Waiting for Next.js server at http://localhost:3000 to be ready...
[2026-04-30T10:54:56.818Z] [INFO] All cron schedules active. Automation interval: 0 * * * *
[2026-04-30T10:54:56.824Z] [INFO] Next.js server not ready yet (attempt 1/20)...
[2026-04-30T10:55:03.842Z] [INFO] Next.js server not ready yet (attempt 2/20)...
[2026-04-30T10:55:10.856Z] [INFO] Next.js server not ready yet (attempt 3/20)...
[2026-04-30T10:55:17.869Z] [INFO] Next.js server not ready yet (attempt 4/20)...
[2026-04-30T10:55:24.889Z] [INFO] Next.js server not ready yet (attempt 5/20)...
[2026-04-30T10:55:31.917Z] [INFO] Next.js server not ready yet (attempt 6/20)...
[2026-04-30T10:55:38.938Z] [INFO] Next.js server not ready yet (attempt 7/20)...
[2026-04-30T10:55:45.953Z] [INFO] Next.js server not ready yet (attempt 8/20)...
[2026-04-30T10:55:52.973Z] [INFO] Next.js server not ready yet (attempt 9/20)...
[2026-04-30T10:55:59.983Z] [INFO] Next.js server not ready yet (attempt 10/20)...
[2026-04-30T10:56:06.994Z] [INFO] Next.js server not ready yet (attempt 11/20)...
[2026-04-30T10:56:14.010Z] [INFO] Next.js server not ready yet (attempt 12/20)...
[2026-04-30T10:56:21.032Z] [INFO] Next.js server not ready yet (attempt 13/20)...
[2026-04-30T10:56:28.038Z] [INFO] Next.js server not ready yet (attempt 14/20)...
[2026-04-30T10:56:29.010Z] [INFO] Received kill signal, shutting down gracefully...
[2026-04-30T10:56:45.259Z] [INFO] Cron job scheduler background service initiated (Target: http://localhost:3000).
[2026-04-30T10:56:45.259Z] [INFO] Log file location: C:\Users\pc\Downloads\project2\my-project\scheduler.log
[2026-04-30T10:56:45.285Z] [INFO] 🚀 Executing initial automation run...
[2026-04-30T10:56:45.285Z] [INFO] Waiting for Next.js server at http://localhost:3000 to be ready...
[2026-04-30T10:56:45.296Z] [INFO] All cron schedules active. Automation interval: 0 * * * *
[2026-04-30T10:56:45.301Z] [INFO] Next.js server not ready yet (attempt 1/20)...
[2026-04-30T10:56:52.316Z] [INFO] Next.js server not ready yet (attempt 2/20)...
[2026-04-30T10:56:59.327Z] [INFO] Next.js server not ready yet (attempt 3/20)...
[2026-04-30T10:57:06.342Z] [INFO] Next.js server not ready yet (attempt 4/20)...
[2026-04-30T10:57:13.367Z] [INFO] Next.js server not ready yet (attempt 5/20)...
[2026-04-30T10:57:20.382Z] [INFO] Next.js server not ready yet (attempt 6/20)...
[2026-04-30T10:57:27.403Z] [INFO] Next.js server not ready yet (attempt 7/20)...
[2026-04-30T10:57:34.416Z] [INFO] Next.js server not ready yet (attempt 8/20)...
[2026-04-30T10:57:41.425Z] [INFO] Next.js server not ready yet (attempt 9/20)...
[2026-04-30T10:57:48.448Z] [INFO] Next.js server not ready yet (attempt 10/20)...
[2026-04-30T10:57:55.465Z] [INFO] Next.js server not ready yet (attempt 11/20)...
[2026-04-30T10:58:02.477Z] [INFO] Next.js server not ready yet (attempt 12/20)...
[2026-04-30T10:58:09.481Z] [INFO] Next.js server not ready yet (attempt 13/20)...
[2026-04-30T10:58:16.505Z] [INFO] Next.js server not ready yet (attempt 14/20)...
[2026-04-30T10:58:23.529Z] [INFO] Next.js server not ready yet (attempt 15/20)...
[2026-04-30T10:58:30.533Z] [INFO] Next.js server not ready yet (attempt 16/20)...
[2026-04-30T10:58:37.559Z] [INFO] Next.js server not ready yet (attempt 17/20)...
[2026-04-30T10:58:44.591Z] [INFO] Next.js server not ready yet (attempt 18/20)...
[2026-04-30T10:58:51.606Z] [INFO] Next.js server not ready yet (attempt 19/20)...
[2026-04-30T10:58:58.616Z] [INFO] Next.js server not ready yet (attempt 20/20)...
[2026-04-30T10:59:03.624Z] [WARN] ⚠️ Server wait timed out. Starting scheduler anyway, initial run may fail.
[2026-04-30T11:00:00.015Z] [INFO] 🕒 CRON START: Trending Data Sync
[2026-04-30T11:10:00.023Z] [ERROR] ❌ CRON FATAL (Trending Sync): network timeout at: http://localhost:3000/api/trending/sync
[2026-04-30T11:30:00.028Z] [INFO] 🕒 CRON START: Comprehensive Daily Sync (Movies & Content)
[2026-04-30T11:30:00.029Z] [INFO] 🕒 CRON START: Trending Data Sync
[2026-04-30T11:32:06.519Z] [INFO] ✅ CRON SUCCESS: Daily Sync - Daily sync completed. Total new movies: 2
[2026-04-30T11:40:00.043Z] [ERROR] ❌ CRON FATAL (Trending Sync): network timeout at: http://localhost:3000/api/trending/sync
[2026-04-30T12:00:00.026Z] [INFO] 🕒 CRON START: Trending Data Sync
[2026-04-30T12:02:50.270Z] [INFO] Received kill signal, shutting down gracefully...
[2026-04-30T12:03:28.256Z] [INFO] Cron job scheduler background service initiated (Target: http://localhost:3000).
[2026-04-30T12:03:28.256Z] [INFO] Log file location: C:\Users\pc\Downloads\project2\my-project\scheduler.log
[2026-04-30T12:03:28.282Z] [INFO] 🚀 Executing initial automation run...
[2026-04-30T12:03:28.282Z] [INFO] Waiting for Next.js server at http://localhost:3000 to be ready...
[2026-04-30T12:03:28.293Z] [INFO] All cron schedules active. Automation interval: 0 * * * *
[2026-04-30T12:03:28.299Z] [INFO] Next.js server not ready yet (attempt 1/20)...
[2026-04-30T12:03:35.330Z] [INFO] Next.js server not ready yet (attempt 2/20)...
[2026-04-30T12:03:42.356Z] [INFO] Next.js server not ready yet (attempt 3/20)...
[2026-04-30T12:03:49.371Z] [INFO] Next.js server not ready yet (attempt 4/20)...
[2026-04-30T12:03:56.398Z] [INFO] Next.js server not ready yet (attempt 5/20)...
[2026-04-30T12:04:03.428Z] [INFO] Next.js server not ready yet (attempt 6/20)...
[2026-04-30T12:04:10.439Z] [INFO] Next.js server not ready yet (attempt 7/20)...
[2026-04-30T12:04:17.451Z] [INFO] Next.js server not ready yet (attempt 8/20)...
[2026-04-30T12:04:24.479Z] [INFO] Next.js server not ready yet (attempt 9/20)...
[2026-04-30T12:04:31.504Z] [INFO] Next.js server not ready yet (attempt 10/20)...
[2026-04-30T12:04:38.532Z] [INFO] Next.js server not ready yet (attempt 11/20)...
[2026-04-30T12:04:45.545Z] [INFO] Next.js server not ready yet (attempt 12/20)...
[2026-04-30T12:04:52.559Z] [INFO] Next.js server not ready yet (attempt 13/20)...
[2026-04-30T12:04:59.569Z] [INFO] Next.js server not ready yet (attempt 14/20)...
[2026-04-30T12:05:06.594Z] [INFO] Next.js server not ready yet (attempt 15/20)...
[2026-04-30T12:05:13.601Z] [INFO] Next.js server not ready yet (attempt 16/20)...
[2026-04-30T12:05:20.615Z] [INFO] Next.js server not ready yet (attempt 17/20)...
[2026-04-30T12:05:27.654Z] [INFO] Next.js server not ready yet (attempt 18/20)...
[2026-04-30T12:05:34.680Z] [INFO] Next.js server not ready yet (attempt 19/20)...
[2026-04-30T12:05:41.697Z] [INFO] Next.js server not ready yet (attempt 20/20)...
[2026-04-30T12:05:46.708Z] [WARN] ⚠️ Server wait timed out. Starting scheduler anyway, initial run may fail.
[2026-04-30T12:07:11.604Z] [INFO] Received kill signal, shutting down gracefully...
[2026-04-30T12:07:22.495Z] [INFO] Cron job scheduler background service initiated (Target: http://localhost:3000).
[2026-04-30T12:07:22.496Z] [INFO] Log file location: C:\Users\pc\Downloads\project2\my-project\scheduler.log
[2026-04-30T12:07:22.520Z] [INFO] 🚀 Executing initial automation run...
[2026-04-30T12:07:22.521Z] [INFO] Waiting for Next.js server at http://localhost:3000 to be ready...
[2026-04-30T12:07:22.531Z] [INFO] All cron schedules active. Automation interval: 0 * * * *
[2026-04-30T12:07:22.534Z] [INFO] Next.js server not ready yet (attempt 1/20)...
[2026-04-30T12:07:29.551Z] [INFO] Next.js server not ready yet (attempt 2/20)...
[2026-04-30T12:07:36.566Z] [INFO] Next.js server not ready yet (attempt 3/20)...
[2026-04-30T12:07:43.578Z] [INFO] Next.js server not ready yet (attempt 4/20)...
[2026-04-30T12:07:50.603Z] [INFO] Next.js server not ready yet (attempt 5/20)...
[2026-04-30T12:07:57.607Z] [INFO] Next.js server not ready yet (attempt 6/20)...
[2026-04-30T12:08:04.610Z] [INFO] Next.js server not ready yet (attempt 7/20)...
[2026-04-30T12:08:11.639Z] [INFO] Next.js server not ready yet (attempt 8/20)...
[2026-04-30T12:08:18.646Z] [INFO] Next.js server not ready yet (attempt 9/20)...
[2026-04-30T12:08:25.664Z] [INFO] Next.js server not ready yet (attempt 10/20)...
[2026-04-30T12:08:32.675Z] [INFO] Next.js server not ready yet (attempt 11/20)...
[2026-04-30T12:08:39.700Z] [INFO] Next.js server not ready yet (attempt 12/20)...
[2026-04-30T12:08:46.715Z] [INFO] Next.js server not ready yet (attempt 13/20)...
[2026-04-30T12:08:53.741Z] [INFO] Next.js server not ready yet (attempt 14/20)...
[2026-04-30T12:09:00.754Z] [INFO] Next.js server not ready yet (attempt 15/20)...
[2026-04-30T12:09:07.771Z] [INFO] Next.js server not ready yet (attempt 16/20)...
[2026-04-30T12:09:14.788Z] [INFO] Next.js server not ready yet (attempt 17/20)...
[2026-04-30T12:09:21.809Z] [INFO] Next.js server not ready yet (attempt 18/20)...
[2026-04-30T12:09:28.832Z] [INFO] Next.js server not ready yet (attempt 19/20)...
[2026-04-30T12:09:35.862Z] [INFO] Next.js server not ready yet (attempt 20/20)...
[2026-04-30T12:09:40.865Z] [WARN] ⚠️ Server wait timed out. Starting scheduler anyway, initial run may fail.
[2026-04-30T12:30:00.025Z] [INFO] 🕒 CRON START: Comprehensive Daily Sync (Movies & Content)
[2026-04-30T12:30:00.027Z] [INFO] 🕒 CRON START: Trending Data Sync
[2026-04-30T12:32:05.555Z] [INFO] ✅ CRON SUCCESS: Daily Sync - Daily sync completed. Total new movies: 2
[2026-04-30T12:40:00.031Z] [ERROR] ❌ CRON FATAL (Trending Sync): network timeout at: http://localhost:3000/api/trending/sync
[2026-04-30T12:43:24.040Z] [INFO] Received kill signal, shutting down gracefully...
[2026-04-30T12:43:47.226Z] [INFO] Cron job scheduler background service initiated (Target: http://localhost:3000).
[2026-04-30T12:43:47.227Z] [INFO] Log file location: C:\Users\pc\Downloads\project2\my-project\scheduler.log
[2026-04-30T12:43:47.252Z] [INFO] 🚀 Executing initial automation run...
[2026-04-30T12:43:47.253Z] [INFO] Waiting for Next.js server at http://localhost:3000 to be ready...
[2026-04-30T12:43:47.263Z] [INFO] All cron schedules active. Automation interval: 0 * * * *
[2026-04-30T12:43:47.265Z] [INFO] Next.js server not ready yet (attempt 1/20)...
[2026-04-30T12:43:54.284Z] [INFO] Next.js server not ready yet (attempt 2/20)...
[2026-04-30T12:44:01.306Z] [INFO] Next.js server not ready yet (attempt 3/20)...
[2026-04-30T12:44:08.336Z] [INFO] Next.js server not ready yet (attempt 4/20)...
[2026-04-30T12:44:15.358Z] [INFO] Next.js server not ready yet (attempt 5/20)...
[2026-04-30T12:44:22.378Z] [INFO] Next.js server not ready yet (attempt 6/20)...
[2026-04-30T12:44:29.399Z] [INFO] Next.js server not ready yet (attempt 7/20)...
[2026-04-30T12:44:36.417Z] [INFO] Next.js server not ready yet (attempt 8/20)...
[2026-04-30T12:44:43.438Z] [INFO] Next.js server not ready yet (attempt 9/20)...
[2026-04-30T12:44:50.476Z] [INFO] Next.js server not ready yet (attempt 10/20)...
[2026-04-30T12:44:57.498Z] [INFO] Next.js server not ready yet (attempt 11/20)...
[2026-04-30T12:45:04.509Z] [INFO] Next.js server not ready yet (attempt 12/20)...
[2026-04-30T12:45:11.530Z] [INFO] Next.js server not ready yet (attempt 13/20)...
[2026-04-30T12:45:18.537Z] [INFO] Next.js server not ready yet (attempt 14/20)...
[2026-04-30T12:45:25.560Z] [INFO] Next.js server not ready yet (attempt 15/20)...
[2026-04-30T12:45:32.584Z] [INFO] Next.js server not ready yet (attempt 16/20)...
[2026-04-30T12:45:39.602Z] [INFO] Next.js server not ready yet (attempt 17/20)...
[2026-04-30T12:45:46.613Z] [INFO] Next.js server not ready yet (attempt 18/20)...
[2026-04-30T12:45:53.624Z] [INFO] Next.js server not ready yet (attempt 19/20)...
[2026-04-30T12:46:00.648Z] [INFO] Next.js server not ready yet (attempt 20/20)...
[2026-04-30T12:46:05.662Z] [WARN] ⚠️ Server wait timed out. Starting scheduler anyway, initial run may fail.
[2026-04-30T13:00:00.040Z] [INFO] 🕒 CRON START: Trending Data Sync
[2026-04-30T13:10:00.043Z] [ERROR] ❌ CRON FATAL (Trending Sync): network timeout at: http://localhost:3000/api/trending/sync
[2026-04-30T13:30:00.030Z] [INFO] 🕒 CRON START: Trending Data Sync
[2026-04-30T13:30:00.031Z] [INFO] 🕒 CRON START: Comprehensive Daily Sync (Movies & Content)
[2026-05-01T04:47:05.607Z] [INFO] Cron job scheduler background service initiated (Target: http://localhost:3000).
[2026-05-01T04:47:05.608Z] [INFO] Log file location: C:\Users\pc\Downloads\project2\my-project\scheduler.log
[2026-05-01T04:47:05.677Z] [INFO] 🚀 Executing initial automation run...
[2026-05-01T04:47:05.677Z] [INFO] Waiting for Next.js server at http://localhost:3000 to be ready...
[2026-05-01T04:47:05.690Z] [INFO] All cron schedules active. Automation interval: 0 * * * *
[2026-05-01T04:47:05.695Z] [INFO] Next.js server not ready yet (attempt 1/20)...
[2026-05-01T04:47:12.704Z] [INFO] Next.js server not ready yet (attempt 2/20)...
                                                                                 [2026-05-01T04:54:25.478Z] [INFO] Cron job scheduler background service initiated (Target: http://localhost:3000).
[2026-05-01T04:54:25.479Z] [INFO] Log file location: C:\Users\pc\Downloads\project2\my-project\scheduler.log
[2026-05-01T04:54:25.549Z] [INFO] 🚀 Executing initial automation run...
[2026-05-01T04:54:25.550Z] [INFO] Waiting for Next.js server at http://localhost:3000 to be ready...
[2026-05-01T04:54:25.562Z] [INFO] All cron schedules active. Automation interval: 0 * * * *
[2026-05-01T04:54:25.565Z] [INFO] Next.js server not ready yet (attempt 1/20)...
[2026-05-01T04:54:32.575Z] [INFO] Next.js server not ready yet (attempt 2/20)...
[2026-05-01T04:54:39.603Z] [INFO] Next.js server not ready yet (attempt 3/20)...
[2026-05-01T04:54:46.625Z] [INFO] Next.js server not ready yet (attempt 4/20)...
[2026-05-01T04:54:53.638Z] [INFO] Next.js server not ready yet (attempt 5/20)...
[2026-05-01T04:55:00.658Z] [INFO] Next.js server not ready yet (attempt 6/20)...
[2026-05-01T04:55:07.672Z] [INFO] Next.js server not ready yet (attempt 7/20)...
[2026-05-01T04:55:14.695Z] [INFO] Next.js server not ready yet (attempt 8/20)...
[2026-05-01T04:55:21.708Z] [INFO] Next.js server not ready yet (attempt 9/20)...
[2026-05-01T04:55:28.720Z] [INFO] Next.js server not ready yet (attempt 10/20)...
[2026-05-01T04:55:35.730Z] [INFO] Next.js server not ready yet (attempt 11/20)...
[2026-05-01T04:55:42.749Z] [INFO] Next.js server not ready yet (attempt 12/20)...
[2026-05-01T04:55:49.775Z] [INFO] Next.js server not ready yet (attempt 13/20)...
[2026-05-01T04:55:56.795Z] [INFO] Next.js server not ready yet (attempt 14/20)...
[2026-05-01T04:56:03.822Z] [INFO] Next.js server not ready yet (attempt 15/20)...
[2026-05-01T04:56:10.840Z] [INFO] Next.js server not ready yet (attempt 16/20)...
[2026-05-01T04:56:17.853Z] [INFO] Next.js server not ready yet (attempt 17/20)...
[2026-05-01T04:56:24.871Z] [INFO] Next.js server not ready yet (attempt 18/20)...
[2026-05-01T04:56:31.879Z] [INFO] Next.js server not ready yet (attempt 19/20)...
[2026-05-01T04:56:38.899Z] [INFO] Next.js server not ready yet (attempt 20/20)...
[2026-05-01T04:56:43.911Z] [WARN] ⚠️ Server wait timed out. Starting scheduler anyway, initial run may fail.
[2026-05-01T05:00:00.029Z] [INFO] 🕒 CRON START: Trending Data Sync
[2026-05-01T05:07:55.561Z] [ERROR] ❌ CRON FATAL (Trending Sync): request to http://localhost:3000/api/trending/sync failed, reason: socket hang up
[2026-05-01T05:07:55.563Z] [INFO] Received kill signal, shutting down gracefully...
[2026-05-01T05:08:20.721Z] [INFO] Cron job scheduler background service initiated (Target: http://localhost:3000).
[2026-05-01T05:08:20.721Z] [INFO] Log file location: C:\Users\pc\Downloads\project2\my-project\scheduler.log
[2026-05-01T05:08:20.745Z] [INFO] 🚀 Executing initial automation run...
[2026-05-01T05:08:20.746Z] [INFO] Waiting for Next.js server at http://localhost:3000 to be ready...
[2026-05-01T05:08:20.757Z] [INFO] All cron schedules active. Automation interval: 0 * * * *
[2026-05-01T05:08:20.762Z] [INFO] Next.js server not ready yet (attempt 1/20)...
[2026-05-01T05:08:27.777Z] [INFO] Next.js server not ready yet (attempt 2/20)...
[2026-05-01T05:08:34.812Z] [INFO] Next.js server not ready yet (attempt 3/20)...
[2026-05-01T05:08:41.832Z] [INFO] Next.js server not ready yet (attempt 4/20)...
[2026-05-01T05:08:48.847Z] [INFO] Next.js server not ready yet (attempt 5/20)...
[2026-05-01T05:08:55.860Z] [INFO] Next.js server not ready yet (attempt 6/20)...
[2026-05-01T05:09:02.887Z] [INFO] Next.js server not ready yet (attempt 7/20)...
[2026-05-01T05:09:09.892Z] [INFO] Next.js server not ready yet (attempt 8/20)...
[2026-05-01T05:09:16.900Z] [INFO] Next.js server not ready yet (attempt 9/20)...
[2026-05-01T05:09:23.921Z] [INFO] Next.js server not ready yet (attempt 10/20)...
[2026-05-01T05:09:30.928Z] [INFO] Next.js server not ready yet (attempt 11/20)...
[2026-05-01T05:09:37.945Z] [INFO] Next.js server not ready yet (attempt 12/20)...
[2026-05-01T05:09:44.957Z] [INFO] Next.js server not ready yet (attempt 13/20)...
[2026-05-01T05:09:51.979Z] [INFO] Next.js server not ready yet (attempt 14/20)...
[2026-05-01T05:09:59.005Z] [INFO] Next.js server not ready yet (attempt 15/20)...
[2026-05-01T05:10:06.026Z] [INFO] Next.js server not ready yet (attempt 16/20)...
[2026-05-01T05:10:13.051Z] [INFO] Next.js server not ready yet (attempt 17/20)...
[2026-05-01T05:10:20.076Z] [INFO] Next.js server not ready yet (attempt 18/20)...
[2026-05-01T05:10:27.091Z] [INFO] Next.js server not ready yet (attempt 19/20)...
[2026-05-01T05:10:34.105Z] [INFO] Next.js server not ready yet (attempt 20/20)...
[2026-05-01T05:10:39.116Z] [WARN] ⚠️ Server wait timed out. Starting scheduler anyway, initial run may fail.
[2026-05-01T05:12:15.467Z] [INFO] Cron job scheduler background service initiated (Target: http://localhost:3000).
[2026-05-01T05:12:15.467Z] [INFO] Log file location: C:\Users\pc\Downloads\project2\my-project\scheduler.log
[2026-05-01T05:12:15.492Z] [INFO] 🚀 Executing initial automation run...
[2026-05-01T05:12:15.492Z] [INFO] Waiting for Next.js server at http://localhost:3000 to be ready...
[2026-05-01T05:12:15.503Z] [INFO] All cron schedules active. Automation interval: 0 * * * *
[2026-05-01T05:12:15.508Z] [INFO] Next.js server not ready yet (attempt 1/20)...
[2026-05-01T05:12:20.571Z] [INFO] ✅ Next.js server is ready. Starting automation.
[2026-05-01T05:12:20.571Z] [INFO] 🕒 CRON START: Comprehensive Daily Sync (Movies & Content)
[2026-05-01T05:12:20.572Z] [INFO] 🕒 CRON START: Celebrity Scraper
[2026-05-01T05:12:29.433Z] [INFO] ✅ CRON SUCCESS: Daily Sync - Daily sync completed. Total new movies: 2
[2026-05-01T05:12:52.209Z] [INFO] ✅ CRON SUCCESS: Bollywood Celebrity Scraper - Successfully synced 10 new celebrities for Bollywood. Skipped 0 existing.
[2026-05-01T05:13:09.816Z] [INFO] ✅ CRON SUCCESS: Hollywood Celebrity Scraper - Successfully synced 10 new celebrities for Hollywood. Skipped 0 existing.
[2026-05-01T05:30:00.023Z] [INFO] 🕒 CRON START: Comprehensive Daily Sync (Movies & Content)
[2026-05-01T05:30:00.024Z] [INFO] 🕒 CRON START: Trending Data Sync
[2026-05-01T05:30:00.025Z] [INFO] 💓 Scheduler Heartbeat: Service is active and monitoring.
[2026-05-01T05:30:04.555Z] [INFO] ✅ CRON SUCCESS: Trending Data Updated
[2026-05-01T05:30:09.653Z] [INFO] ✅ CRON SUCCESS: Daily Sync - Daily sync completed. Total new movies: 2
[2026-05-01T05:35:00.018Z] [INFO] 🕒 CRON START: Wikipedia Movie Scraper
[2026-05-01T05:36:43.824Z] [INFO] ✅ CRON SUCCESS: Movie Scraper - Successfully synced 10 movies for 2026
[2026-05-01T05:39:04.559Z] [INFO] Received kill signal, shutting down gracefully...
[2026-05-01T05:39:13.300Z] [INFO] Cron job scheduler background service initiated (Target: http://localhost:3000).
[2026-05-01T05:39:13.300Z] [INFO] Log file location: C:\Users\pc\Downloads\project2\my-project\scheduler.log
[2026-05-01T05:39:13.324Z] [INFO] 🚀 Executing initial automation run...
[2026-05-01T05:39:13.325Z] [INFO] Waiting for Next.js server at http://localhost:3000 to be ready...
[2026-05-01T05:39:13.336Z] [INFO] All cron schedules active. Automation interval: 0 * * * *
[2026-05-01T05:39:13.341Z] [INFO] Next.js server not ready yet (attempt 1/20)...
[2026-05-01T05:39:18.400Z] [INFO] ✅ Next.js server is ready. Starting automation.
[2026-05-01T05:39:18.400Z] [INFO] 🕒 CRON START: Comprehensive Daily Sync (Movies & Content)
[2026-05-01T05:39:18.402Z] [INFO] 🕒 CRON START: Celebrity Scraper
[2026-05-01T05:39:28.524Z] [INFO] ✅ CRON SUCCESS: Daily Sync - Daily sync completed. Total new movies: 2
[2026-05-01T05:39:50.858Z] [INFO] ✅ CRON SUCCESS: Bollywood Celebrity Scraper - Successfully synced 10 new celebrities for Bollywood. Skipped 0 existing.
[2026-05-01T05:40:02.196Z] [INFO] ✅ CRON SUCCESS: Hollywood Celebrity Scraper - Successfully synced 10 new celebrities for Hollywood. Skipped 0 existing.
[2026-05-01T05:41:18.319Z] [INFO] Received kill signal, shutting down gracefully...
[2026-05-01T05:41:28.185Z] [INFO] Cron job scheduler background service initiated (Target: http://localhost:3000).
[2026-05-01T05:41:28.186Z] [INFO] Log file location: C:\Users\pc\Downloads\project2\my-project\scheduler.log
[2026-05-01T05:41:28.211Z] [INFO] 🚀 Executing initial automation run...
[2026-05-01T05:41:28.212Z] [INFO] Waiting for Next.js server at http://localhost:3000 to be ready...
[2026-05-01T05:41:28.223Z] [INFO] All cron schedules active. Automation interval: 0 * * * *
[2026-05-01T05:41:28.228Z] [INFO] Next.js server not ready yet (attempt 1/20)...
[2026-05-01T05:41:33.323Z] [INFO] ✅ Next.js server is ready. Starting automation.
[2026-05-01T05:41:33.324Z] [INFO] 🕒 CRON START: Comprehensive Daily Sync (Movies & Content)
[2026-05-01T05:41:33.325Z] [INFO] 🕒 CRON START: Celebrity Scraper
[2026-05-01T05:41:42.817Z] [INFO] ✅ CRON SUCCESS: Daily Sync - Daily sync completed. Total new movies: 2
[2026-05-01T05:42:04.753Z] [INFO] ✅ CRON SUCCESS: Bollywood Celebrity Scraper - Successfully synced 10 new celebrities for Bollywood. Skipped 0 existing.
[2026-05-01T05:42:14.513Z] [INFO] ✅ CRON SUCCESS: Hollywood Celebrity Scraper - Successfully synced 10 new celebrities for Hollywood. Skipped 0 existing.
[2026-05-01T05:50:00.024Z] [INFO] 🕒 CRON START: Daily Box Office & OTT Refresh
[2026-05-01T05:50:01.945Z] [INFO] 📊 Refreshing data for 39 recent movies
[2026-05-01T05:50:05.612Z] [INFO] ✅ Refreshed data for interstellar-ending-explained
[2026-05-01T05:50:08.442Z] [INFO] ✅ Refreshed data for the-matrix-plot-explained
[2026-05-01T05:50:11.379Z] [INFO] ✅ Refreshed data for inception-ending-explained
[2026-05-01T05:50:13.929Z] [INFO] ✅ Refreshed data for hai-jawani-toh-ishq-hona-hai
[2026-05-01T05:50:16.550Z] [INFO] ✅ Refreshed data for ramyaa
[2026-05-01T05:50:19.182Z] [INFO] ✅ Refreshed data for aakhri-sawal
[2026-05-01T05:50:21.817Z] [INFO] ✅ Refreshed data for main-actor-nahin-hoon
[2026-05-01T05:50:24.642Z] [INFO] ✅ Refreshed data for blades-of-the-guardians
[2026-05-01T05:50:27.405Z] [INFO] ✅ Refreshed data for les-amies-de-ma-femme
[2026-05-01T05:50:30.001Z] [INFO] ✅ Refreshed data for princess-jasnenka-and-the-flying-shoemaker
[2026-05-01T05:50:32.599Z] [INFO] ✅ Refreshed data for get-carter
[2026-05-01T05:50:35.380Z] [INFO] ✅ Refreshed data for barbers-tales
[2026-05-01T05:50:38.079Z] [INFO] ✅ Refreshed data for cool-hand-luke
[2026-05-01T05:50:40.810Z] [INFO] ✅ Refreshed data for blue-hill-avenue
[2026-05-01T05:50:43.637Z] [INFO] ✅ Refreshed data for the-night-of-the-shooting-stars
[2026-05-01T05:50:46.248Z] [INFO] ✅ Refreshed data for red-scorpion
[2026-05-01T05:50:48.805Z] [INFO] ✅ Refreshed data for queen-of-katwe
[2026-05-01T05:50:51.285Z] [INFO] ✅ Refreshed data for lenny
[2026-05-01T05:50:53.715Z] [INFO] ✅ Refreshed data for la-liceale
[2026-05-01T05:50:56.300Z] [INFO] ✅ Refreshed data for case-of-the-naves-brothers
[2026-05-01T05:50:59.127Z] [INFO] ✅ Refreshed data for stealing-heaven
[2026-05-01T05:51:01.992Z] [INFO] ✅ Refreshed data for the-tin-drum
[2026-05-01T05:51:04.815Z] [INFO] ✅ Refreshed data for a-cat-in-paris
[2026-05-01T05:51:07.408Z] [INFO] ✅ Refreshed data for mirzapur
[2026-05-01T05:51:10.057Z] [INFO] ✅ Refreshed data for cocktail-2
[2026-05-01T05:51:12.672Z] [INFO] ✅ Refreshed data for ek-din
[2026-05-01T05:51:15.444Z] [INFO] ✅ Refreshed data for ginny-wedss-sunny-2
[2026-05-01T05:51:18.158Z] [INFO] ✅ Refreshed data for mallari
[2026-05-01T05:51:20.946Z] [INFO] ✅ Refreshed data for tu-yaa-main
[2026-05-01T05:51:21.336Z] [INFO] ✅ Refreshed data for bhabiji-ghar-par-hain-fun-on-the-run
[2026-05-01T05:51:23.936Z] [INFO] ✅ Refreshed data for azad-bharath
[2026-05-01T05:51:24.310Z] [INFO] ✅ Refreshed data for bharatiya-digital-party
[2026-05-01T05:51:26.887Z] [INFO] ✅ Refreshed data for bhanwar
[2026-05-01T05:51:27.345Z] [INFO] ✅ Refreshed data for back-benchers
[2026-05-01T05:51:30.037Z] [INFO] ✅ Refreshed data for anusandhan
[2026-05-01T05:51:30.419Z] [INFO] ✅ Refreshed data for andhar-maya
[2026-05-01T05:51:30.775Z] [INFO] ✅ Refreshed data for alma-matters-inside-the-iit-dream
[2026-05-01T05:51:33.347Z] [INFO] ✅ Refreshed data for all-india-bakchod
[2026-05-01T05:51:33.722Z] [INFO] ✅ Refreshed data for the-aam-aadmi-family
[2026-05-01T05:51:33.723Z] [INFO] ✅ CRON COMPLETE: Daily Data Refresh for 39 movies
[2026-05-01T06:00:00.023Z] [INFO] 🕒 CRON START: Trending Data Sync
[2026-05-01T06:00:06.731Z] [INFO] ✅ CRON SUCCESS: Trending Data Updated
[2026-05-01T06:30:00.011Z] [INFO] 🕒 CRON START: Trending Data Sync
[2026-05-01T06:30:00.013Z] [INFO] 🕒 CRON START: Comprehensive Daily Sync (Movies & Content)
[2026-05-01T06:30:07.243Z] [INFO] ✅ CRON SUCCESS: Trending Data Updated
[2026-05-01T06:30:10.030Z] [INFO] ✅ CRON SUCCESS: Daily Sync - Daily sync completed. Total new movies: 2
[2026-05-01T06:47:35.856Z] [INFO] Received kill signal, shutting down gracefully...
[2026-05-01T06:47:45.928Z] [INFO] Cron job scheduler background service initiated (Target: http://localhost:3000).
[2026-05-01T06:47:45.929Z] [INFO] Log file location: C:\Users\pc\Downloads\project2\my-project\scheduler.log
[2026-05-01T06:47:45.955Z] [INFO] 🚀 Executing initial automation run...
[2026-05-01T06:47:45.955Z] [INFO] Waiting for Next.js server at http://localhost:3000 to be ready...
[2026-05-01T06:47:45.966Z] [INFO] All cron schedules active. Automation interval: 0 * * * *
[2026-05-01T06:47:45.968Z] [INFO] Next.js server not ready yet (attempt 1/20)...
[2026-05-01T06:47:51.094Z] [INFO] ✅ Next.js server is ready. Starting automation.
[2026-05-01T06:47:51.095Z] [INFO] 🕒 CRON START: Comprehensive Daily Sync (Movies & Content)
[2026-05-01T06:47:51.096Z] [INFO] 🕒 CRON START: Celebrity Scraper
[2026-05-01T06:47:59.608Z] [INFO] ✅ CRON SUCCESS: Daily Sync - Daily sync completed. Total new movies: 2
[2026-05-01T06:48:05.314Z] [ERROR] ❌ CRON FATAL (Celebrity): request to http://localhost:3000/api/admin/automation/scrape-celebrity failed, reason: read ECONNRESET
[2026-05-01T06:48:13.397Z] [INFO] Cron job scheduler background service initiated (Target: http://localhost:3000).
[2026-05-01T06:48:13.398Z] [INFO] Log file location: C:\Users\pc\Downloads\project2\my-project\scheduler.log
[2026-05-01T06:48:13.423Z] [INFO] 🚀 Executing initial automation run...
[2026-05-01T06:48:13.423Z] [INFO] Waiting for Next.js server at http://localhost:3000 to be ready...
[2026-05-01T06:48:13.434Z] [INFO] All cron schedules active. Automation interval: 0 * * * *
[2026-05-01T06:48:13.439Z] [INFO] Next.js server not ready yet (attempt 1/20)...
[2026-05-01T06:48:18.444Z] [INFO] Next.js server not ready yet (attempt 2/20)...
[2026-05-01T06:48:23.459Z] [INFO] Next.js server not ready yet (attempt 3/20)...
[2026-05-01T06:48:25.556Z] [INFO] Received kill signal, shutting down gracefully...
[2026-05-01T06:48:31.040Z] [INFO] Cron job scheduler background service initiated (Target: http://localhost:3000).
[2026-05-01T06:48:31.041Z] [INFO] Log file location: C:\Users\pc\Downloads\project2\my-project\scheduler.log
[2026-05-01T06:48:31.066Z] [INFO] 🚀 Executing initial automation run...
[2026-05-01T06:48:31.066Z] [INFO] Waiting for Next.js server at http://localhost:3000 to be ready...
[2026-05-01T06:48:31.077Z] [INFO] All cron schedules active. Automation interval: 0 * * * *
[2026-05-01T06:48:31.082Z] [INFO] Next.js server not ready yet (attempt 1/20)...
[2026-05-01T06:48:36.148Z] [INFO] ✅ Next.js server is ready. Starting automation.
[2026-05-01T06:48:36.149Z] [INFO] 🕒 CRON START: Comprehensive Daily Sync (Movies & Content)
[2026-05-01T06:48:36.150Z] [INFO] 🕒 CRON START: Celebrity Scraper
[2026-05-01T06:48:46.602Z] [INFO] ✅ CRON SUCCESS: Daily Sync - Daily sync completed. Total new movies: 2
[2026-05-01T06:49:10.130Z] [INFO] ✅ CRON SUCCESS: Bollywood Celebrity Scraper - Successfully synced 10 new celebrities for Bollywood. Skipped 1 existing.
[2026-05-01T06:49:22.218Z] [INFO] ✅ CRON SUCCESS: Hollywood Celebrity Scraper - Successfully synced 10 new celebrities for Hollywood. Skipped 0 existing.
[2026-05-01T06:56:48.622Z] [INFO] Received kill signal, shutting down gracefully...
[2026-05-01T06:56:51.953Z] [INFO] Cron job scheduler background service initiated (Target: http://localhost:3000).
[2026-05-01T06:56:51.954Z] [INFO] Log file location: C:\Users\pc\Downloads\project2\my-project\scheduler.log
[2026-05-01T06:56:51.978Z] [INFO] 🚀 Executing initial automation run...
[2026-05-01T06:56:51.979Z] [INFO] Waiting for Next.js server at http://localhost:3000 to be ready...
[2026-05-01T06:56:51.989Z] [INFO] All cron schedules active. Automation interval: 0 * * * *
[2026-05-01T06:56:51.994Z] [INFO] Next.js server not ready yet (attempt 1/20)...
[2026-05-01T06:56:57.009Z] [INFO] Next.js server not ready yet (attempt 2/20)...
[2026-05-01T06:57:02.027Z] [INFO] Next.js server not ready yet (attempt 3/20)...
[2026-05-01T06:57:07.042Z] [INFO] Next.js server not ready yet (attempt 4/20)...
[2026-05-01T06:57:12.060Z] [INFO] Next.js server not ready yet (attempt 5/20)...
[2026-05-01T06:57:17.072Z] [INFO] Next.js server not ready yet (attempt 6/20)...
[2026-05-01T06:57:22.085Z] [INFO] Next.js server not ready yet (attempt 7/20)...
[2026-05-01T06:57:27.103Z] [INFO] Next.js server not ready yet (attempt 8/20)...
[2026-05-01T06:57:32.116Z] [INFO] Next.js server not ready yet (attempt 9/20)...
[2026-05-01T06:57:37.123Z] [INFO] Next.js server not ready yet (attempt 10/20)...
[2026-05-01T06:57:42.142Z] [INFO] Next.js server not ready yet (attempt 11/20)...
[2026-05-01T06:57:47.162Z] [INFO] Next.js server not ready yet (attempt 12/20)...
[2026-05-01T06:57:52.176Z] [INFO] Next.js server not ready yet (attempt 13/20)...
[2026-05-01T06:57:57.183Z] [INFO] Next.js server not ready yet (attempt 14/20)...
[2026-05-01T06:58:02.192Z] [INFO] Next.js server not ready yet (attempt 15/20)...
[2026-05-01T06:58:07.196Z] [INFO] Next.js server not ready yet (attempt 16/20)...
[2026-05-01T06:58:12.200Z] [INFO] Next.js server not ready yet (attempt 17/20)...
[2026-05-01T06:58:15.735Z] [INFO] Received kill signal, shutting down gracefully...
[2026-05-01T06:58:23.885Z] [INFO] Cron job scheduler background service initiated (Target: http://localhost:3000).
[2026-05-01T06:58:23.885Z] [INFO] Log file location: C:\Users\pc\Downloads\project2\my-project\scheduler.log
[2026-05-01T06:58:23.910Z] [INFO] 🚀 Executing initial automation run...
[2026-05-01T06:58:23.910Z] [INFO] Waiting for Next.js server at http://localhost:3000 to be ready...
[2026-05-01T06:58:23.920Z] [INFO] All cron schedules active. Automation interval: 0 * * * *
[2026-05-01T06:58:23.926Z] [INFO] Next.js server not ready yet (attempt 1/20)...
[2026-05-01T06:58:29.566Z] [INFO] ✅ Next.js server is ready. Starting automation.
[2026-05-01T06:58:29.566Z] [INFO] 🕒 CRON START: Comprehensive Daily Sync (Movies & Content)
[2026-05-01T06:58:29.567Z] [INFO] 🕒 CRON START: Celebrity Scraper
[2026-05-01T06:58:39.678Z] [INFO] ✅ CRON SUCCESS: Daily Sync - Daily sync completed. Total new movies: 2
[2026-05-01T06:58:58.833Z] [INFO] ✅ CRON SUCCESS: Bollywood Celebrity Scraper - Successfully synced 10 new celebrities for Bollywood. Skipped 0 existing.
[2026-05-01T06:58:59.934Z] [ERROR] ❌ CRON FATAL (Celebrity): request to http://localhost:3000/api/admin/automation/scrape-celebrity failed, reason: read ECONNRESET
[2026-05-01T07:00:00.019Z] [INFO] 🕒 CRON START: Trending Data Sync
[2026-05-01T07:00:05.717Z] [INFO] ✅ CRON SUCCESS: Trending Data Updated
[2026-05-01T07:05:30.077Z] [INFO] Cron job scheduler background service initiated (Target: http://localhost:3000).
[2026-05-01T07:05:30.077Z] [INFO] Log file location: C:\Users\pc\Downloads\project2\my-project\scheduler.log
[2026-05-01T07:05:30.103Z] [INFO] 🚀 Executing initial automation run...
[2026-05-01T07:05:30.103Z] [INFO] Waiting for Next.js server at http://localhost:3000 to be ready...
[2026-05-01T07:05:30.114Z] [INFO] All cron schedules active. Automation interval: 0 * * * *
[2026-05-01T07:05:30.119Z] [INFO] Next.js server not ready yet (attempt 1/20)...
[2026-05-01T07:05:35.449Z] [INFO] ✅ Next.js server is ready. Starting automation.
[2026-05-01T07:05:35.449Z] [INFO] 🕒 CRON START: Comprehensive Daily Sync (Movies & Content)
[2026-05-01T07:05:35.450Z] [INFO] 🕒 CRON START: Celebrity Scraper
[2026-05-01T07:05:47.038Z] [INFO] ✅ CRON SUCCESS: Daily Sync - Daily sync completed. Total new movies: 2
[2026-05-01T07:05:48.830Z] [ERROR] ❌ CRON FATAL (Celebrity): request to http://localhost:3000/api/admin/automation/scrape-celebrity failed, reason: read ECONNRESET
[2026-05-01T07:06:25.066Z] [INFO] Cron job scheduler background service initiated (Target: http://localhost:3000).
[2026-05-01T07:06:25.067Z] [INFO] Log file location: C:\Users\pc\Downloads\project2\my-project\scheduler.log
[2026-05-01T07:06:25.093Z] [INFO] 🚀 Executing initial automation run...
[2026-05-01T07:06:25.093Z] [INFO] Waiting for Next.js server at http://localhost:3000 to be ready...
[2026-05-01T07:06:25.104Z] [INFO] All cron schedules active. Automation interval: 0 * * * *
[2026-05-01T07:06:25.110Z] [INFO] Next.js server not ready yet (attempt 1/20)...
[2026-05-01T07:06:30.423Z] [INFO] ✅ Next.js server is ready. Starting automation.
[2026-05-01T07:06:30.423Z] [INFO] 🕒 CRON START: Comprehensive Daily Sync (Movies & Content)
[2026-05-01T07:06:30.424Z] [INFO] 🕒 CRON START: Celebrity Scraper
[2026-05-01T07:06:40.038Z] [INFO] ✅ CRON SUCCESS: Daily Sync - Daily sync completed. Total new movies: 2
[2026-05-01T07:06:59.636Z] [INFO] ✅ CRON SUCCESS: Bollywood Celebrity Scraper - Successfully synced 10 new celebrities for Bollywood. Skipped 0 existing.
[2026-05-01T07:07:21.231Z] [INFO] ✅ CRON SUCCESS: Hollywood Celebrity Scraper - Successfully synced 10 new celebrities for Hollywood. Skipped 0 existing.
[2026-05-01T07:10:25.004Z] [INFO] Received kill signal, shutting down gracefully...
[2026-05-01T07:10:30.543Z] [INFO] Cron job scheduler background service initiated (Target: http://localhost:3000).
[2026-05-01T07:10:30.544Z] [INFO] Log file location: C:\Users\pc\Downloads\project2\my-project\scheduler.log
[2026-05-01T07:10:30.568Z] [INFO] 🚀 Executing initial automation run...
[2026-05-01T07:10:30.568Z] [INFO] Waiting for Next.js server at http://localhost:3000 to be ready...
[2026-05-01T07:10:30.579Z] [INFO] All cron schedules active. Automation interval: 0 * * * *
[2026-05-01T07:10:30.582Z] [INFO] Next.js server not ready yet (attempt 1/20)...
[2026-05-01T07:10:35.657Z] [INFO] ✅ Next.js server is ready. Starting automation.
[2026-05-01T07:10:35.658Z] [INFO] 🕒 CRON START: Comprehensive Daily Sync (Movies & Content)
[2026-05-01T07:10:35.658Z] [INFO] 🕒 CRON START: Celebrity Scraper
[2026-05-01T07:10:45.570Z] [INFO] ✅ CRON SUCCESS: Daily Sync - Daily sync completed. Total new movies: 2
[2026-05-01T07:11:10.731Z] [INFO] ✅ CRON SUCCESS: Bollywood Celebrity Scraper - Successfully synced 10 new celebrities for Bollywood. Skipped 0 existing.
[2026-05-01T07:11:25.933Z] [INFO] ✅ CRON SUCCESS: Hollywood Celebrity Scraper - Successfully synced 10 new celebrities for Hollywood. Skipped 0 existing.
